{
  "type": "FeatureCollection",
  "generator": "overpass-turbo",
  "copyright": "The data included in this document is from www.openstreetmap.org. The data is made available under ODbL.",
  "timestamp": "2026-01-13T11:56:21Z",
  "features": [
    {
      "type": "Feature",
      "properties": {
        "@id": "relation/3073",
        "leisure": "swimming_area",
        "name": "Trebgaster Badesee",
        "natural": "water",
        "sport": "swimming",
        "type": "multipolygon",
        "water": "lake",
        "wikidata": "Q15851431",
        "wikipedia": "de:Trebgaster Badesee",
        "@geometry": "center"
      },
      "geometry": {
        "type": "Point",
        "coordinates": [
          11.5411536,
          50.0563947
        ]
      },
      "id": "relation/3073"
    },
    {
      "type": "Feature",
      "properties": {
        "@id": "relation/5466",
        "name": "Nussersee",
        "natural": "water",
        "type": "multipolygon",
        "water": "lake",
        "@geometry": "center"
      },
      "geometry": {
        "type": "Point",
        "coordinates": [
          10.0560277,
          48.3922181
        ]
      },
      "id": "relation/5466"
    },
    {
      "type": "Feature",
      "properties": {
        "@id": "relation/15918",
        "intermittent": "no",
        "name": "Schweinfurter Baggersee",
        "natural": "water",
        "salt": "no",
        "tidal": "no",
        "type": "multipolygon",
        "water": "lake",
        "@geometry": "center"
      },
      "geometry": {
        "type": "Point",
        "coordinates": [
          10.2318798,
          50.0187014
        ]
      },
      "id": "relation/15918"
    },
    {
      "type": "Feature",
      "properties": {
        "@id": "relation/15919",
        "name": "Senftenhofsee",
        "natural": "water",
        "salt": "no",
        "tidal": "no",
        "type": "multipolygon",
        "water": "lake",
        "@geometry": "center"
      },
      "geometry": {
        "type": "Point",
        "coordinates": [
          10.2322267,
          50.0123977
        ]
      },
      "id": "relation/15919"
    },
    {
      "type": "Feature",
      "properties": {
        "@id": "relation/15922",
        "fishing": "members_only",
        "name": "Leonhardsee",
        "natural": "water",
        "type": "multipolygon",
        "water": "lake",
        "@geometry": "center"
      },
      "geometry": {
        "type": "Point",
        "coordinates": [
          10.2018119,
          50.0125615
        ]
      },
      "id": "relation/15922"
    },
    {
      "type": "Feature",
      "properties": {
        "@id": "relation/32246",
        "alt_name": "Bayerisches Meer",
        "depth": "75",
        "description": "Drittgrößter deutscher See",
        "designation": "Alpensee (Typ 4), oligotroph, dimiktisch",
        "ele": "518.19",
        "intermittent": "no",
        "name": "Chiemsee",
        "name:de": "Chiemsee",
        "name:en": "Lake Chiemsee",
        "name:es": "Lago Chiem",
        "name:fr": "lac de Chiem",
        "name:pt": "Lago Chiem",
        "name:ru": "Кимзе",
        "name:sk": "Chiemske jazero",
        "natural": "water",
        "note": "Tidenhub: 1mm",
        "salt": "no",
        "sqkm": "79.9",
        "tidal": "yes",
        "type": "multipolygon",
        "water": "lake",
        "wikidata": "Q4138",
        "wikipedia": "de:Chiemsee",
        "@geometry": "center"
      },
      "geometry": {
        "type": "Point",
        "coordinates": [
          12.4407065,
          47.8811091
        ]
      },
      "id": "relation/32246"
    },
    {
      "type": "Feature",
      "properties": {
        "@id": "relation/33315",
        "boat": "no",
        "name": "Langbürgner See",
        "natural": "water",
        "note:boat": "Bootverbot laut Ausschilderung Naturschutzgebiet \"Eggstätt - Hemhöfer - Seenplatte\"",
        "seamark:restricted_area:restriction": "no_entry",
        "seamark:type": "restricted_area",
        "type": "multipolygon",
        "water": "lake",
        "wikidata": "Q1569749",
        "@geometry": "center"
      },
      "geometry": {
        "type": "Point",
        "coordinates": [
          12.3537723,
          47.902776
        ]
      },
      "id": "relation/33315"
    },
    {
      "type": "Feature",
      "properties": {
        "@id": "relation/50872",
        "ele": "489",
        "intermittent": "no",
        "name": "Waldschwaigsee",
        "natural": "water",
        "salt": "no",
        "sport": "swimming",
        "start_date": "1971",
        "tidal": "no",
        "type": "multipolygon",
        "water": "lake",
        "wikidata": "Q22694542",
        "wikipedia": "de:Waldschwaigsee",
        "@geometry": "center"
      },
      "geometry": {
        "type": "Point",
        "coordinates": [
          11.4376677,
          48.2253107
        ]
      },
      "id": "relation/50872"
    },
    {
      "type": "Feature",
      "properties": {
        "@id": "relation/52648",
        "name": "Rotter Ausee",
        "natural": "water",
        "sport": "swimming",
        "type": "multipolygon",
        "water": "lake",
        "@geometry": "center"
      },
      "geometry": {
        "type": "Point",
        "coordinates": [
          12.1529138,
          47.9595977
        ]
      },
      "id": "relation/52648"
    },
    {
      "type": "Feature",
      "properties": {
        "@id": "relation/54349",
        "name": "Buschelbergsee",
        "natural": "water",
        "type": "multipolygon",
        "water": "lake",
        "@geometry": "center"
      },
      "geometry": {
        "type": "Point",
        "coordinates": [
          10.1372997,
          48.4308109
        ]
      },
      "id": "relation/54349"
    },
    {
      "type": "Feature",
      "properties": {
        "@id": "relation/56916",
        "TMC:cid_58:tabcd_1:Class": "Area",
        "TMC:cid_58:tabcd_1:LCLversion": "8.00",
        "TMC:cid_58:tabcd_1:LocationCode": "35115",
        "boat": "no",
        "description": "Alpensee (Typ 4), oligortoph, di-meromiktisch",
        "description:boat": "Nur Seeschifffahrt und mit Sondergenehmigung ist das Befahren erlaubt",
        "ele": "603",
        "intermittent": "no",
        "name": "Königssee",
        "name:ja": "国王湖",
        "natural": "water",
        "salt": "no",
        "tidal": "no",
        "type": "multipolygon",
        "water": "lake",
        "website": "https://www.berchtesgadener-land.com/info-service/ausflugsziele/seen-klammen/koenigssee-st-bartholomae",
        "wikidata": "Q156715",
        "wikipedia": "de:Königssee",
        "@geometry": "center"
      },
      "geometry": {
        "type": "Point",
        "coordinates": [
          12.9792036,
          47.5550848
        ]
      },
      "id": "relation/56916"
    },
    {
      "type": "Feature",
      "properties": {
        "@id": "relation/57306",
        "name": "Birkensee",
        "natural": "water",
        "type": "multipolygon",
        "water": "lake",
        "@geometry": "center"
      },
      "geometry": {
        "type": "Point",
        "coordinates": [
          10.2784483,
          49.7179958
        ]
      },
      "id": "relation/57306"
    },
    {
      "type": "Feature",
      "properties": {
        "@id": "relation/57920",
        "name": "Ausee",
        "natural": "water",
        "type": "multipolygon",
        "water": "lake",
        "@geometry": "center"
      },
      "geometry": {
        "type": "Point",
        "coordinates": [
          12.2476755,
          49.3317549
        ]
      },
      "id": "relation/57920"
    },
    {
      "type": "Feature",
      "properties": {
        "@id": "relation/58021",
        "name": "Paulusschwamm",
        "natural": "water",
        "type": "multipolygon",
        "water": "lake",
        "@geometry": "center"
      },
      "geometry": {
        "type": "Point",
        "coordinates": [
          12.2792299,
          49.8937282
        ]
      },
      "id": "relation/58021"
    },
    {
      "type": "Feature",
      "properties": {
        "@id": "relation/58085",
        "intermittent": "no",
        "name": "Klausensee",
        "natural": "water",
        "salt": "no",
        "tidal": "no",
        "type": "multipolygon",
        "water": "lake",
        "@geometry": "center"
      },
      "geometry": {
        "type": "Point",
        "coordinates": [
          12.1047889,
          49.292845
        ]
      },
      "id": "relation/58085"
    },
    {
      "type": "Feature",
      "properties": {
        "@id": "relation/58412",
        "access": "yes",
        "leisure": "fishing",
        "name": "Sarchinger Weiher",
        "natural": "water",
        "operator": "Fischereiverein Sarchinger See e.V.",
        "sport": "swimming",
        "type": "multipolygon",
        "water": "lake",
        "wikidata": "Q2224729",
        "@geometry": "center"
      },
      "geometry": {
        "type": "Point",
        "coordinates": [
          12.2530686,
          49.0087939
        ]
      },
      "id": "relation/58412"
    },
    {
      "type": "Feature",
      "properties": {
        "@id": "relation/60794",
        "name": "Grüner See",
        "natural": "water",
        "type": "multipolygon",
        "water": "lake",
        "@geometry": "center"
      },
      "geometry": {
        "type": "Point",
        "coordinates": [
          12.1213615,
          49.3763824
        ]
      },
      "id": "relation/60794"
    },
    {
      "type": "Feature",
      "properties": {
        "@id": "relation/62215",
        "intermittent": "no",
        "name": "Kleinhesseloher See",
        "natural": "water",
        "salt": "no",
        "tidal": "no",
        "type": "multipolygon",
        "water": "lake",
        "wikidata": "Q1746836",
        "wikimedia_commons": "Category:Kleinhesseloher See",
        "wikipedia": "de:Kleinhesseloher See",
        "@geometry": "center"
      },
      "geometry": {
        "type": "Point",
        "coordinates": [
          11.5961931,
          48.1594142
        ]
      },
      "id": "relation/62215"
    },
    {
      "type": "Feature",
      "properties": {
        "@id": "relation/65990",
        "ele": "365",
        "name": "Auwaldsee",
        "natural": "water",
        "type": "multipolygon",
        "water": "lake",
        "wikidata": "Q789599",
        "wikipedia": "de:Auwaldsee (Ingolstadt)",
        "@geometry": "center"
      },
      "geometry": {
        "type": "Point",
        "coordinates": [
          11.466247,
          48.7523106
        ]
      },
      "id": "relation/65990"
    },
    {
      "type": "Feature",
      "properties": {
        "@id": "relation/66921",
        "natural": "water",
        "source": "DOP_LVA_BY_01",
        "type": "multipolygon",
        "water": "lake",
        "@geometry": "center"
      },
      "geometry": {
        "type": "Point",
        "coordinates": [
          12.2747619,
          50.0056495
        ]
      },
      "id": "relation/66921"
    },
    {
      "type": "Feature",
      "properties": {
        "@id": "relation/68659",
        "name": "Rudufersee",
        "natural": "water",
        "type": "multipolygon",
        "water": "lake",
        "@geometry": "center"
      },
      "geometry": {
        "type": "Point",
        "coordinates": [
          11.1311312,
          50.1597342
        ]
      },
      "id": "relation/68659"
    },
    {
      "type": "Feature",
      "properties": {
        "@id": "relation/69261",
        "TMC:cid_58:tabcd_1:Class": "Area",
        "TMC:cid_58:tabcd_1:LCLversion": "9.00",
        "TMC:cid_58:tabcd_1:LocationCode": "31831",
        "intermittent": "no",
        "name": "Feldmochinger See",
        "natural": "water",
        "sport": "swimming",
        "type": "multipolygon",
        "water": "lake",
        "wikidata": "Q96464958",
        "wikimedia_commons": "Category:Feldmochinger See",
        "wikipedia": "de:Feldmochinger See",
        "@geometry": "center"
      },
      "geometry": {
        "type": "Point",
        "coordinates": [
          11.5139273,
          48.2133641
        ]
      },
      "id": "relation/69261"
    },
    {
      "type": "Feature",
      "properties": {
        "@id": "relation/71172",
        "alt_name": "Kieswäsch",
        "loc_name": ", Baggersee Mainauen)",
        "name": "Mainauensee",
        "natural": "water",
        "type": "multipolygon",
        "water": "lake",
        "@geometry": "center"
      },
      "geometry": {
        "type": "Point",
        "coordinates": [
          11.4041287,
          50.0954234
        ]
      },
      "id": "relation/71172"
    },
    {
      "type": "Feature",
      "properties": {
        "@id": "relation/71676",
        "name": "Auensee",
        "natural": "water",
        "type": "multipolygon",
        "water": "lake",
        "@geometry": "center"
      },
      "geometry": {
        "type": "Point",
        "coordinates": [
          10.9172645,
          48.2358396
        ]
      },
      "id": "relation/71676"
    },
    {
      "type": "Feature",
      "properties": {
        "@id": "relation/74468",
        "name": "Nördlicher Waldsee",
        "natural": "water",
        "type": "multipolygon",
        "water": "lake",
        "@geometry": "center"
      },
      "geometry": {
        "type": "Point",
        "coordinates": [
          10.0419143,
          48.3128027
        ]
      },
      "id": "relation/74468"
    },
    {
      "type": "Feature",
      "properties": {
        "@id": "relation/104098",
        "name": "Schleifweiher",
        "natural": "water",
        "type": "multipolygon",
        "water": "lake",
        "@geometry": "center"
      },
      "geometry": {
        "type": "Point",
        "coordinates": [
          11.1024284,
          49.2584206
        ]
      },
      "id": "relation/104098"
    },
    {
      "type": "Feature",
      "properties": {
        "@id": "relation/108760",
        "name": "Hinterbrühler See",
        "natural": "water",
        "type": "multipolygon",
        "water": "lake",
        "wikidata": "Q1619644",
        "wikipedia": "de:Hinterbrühler See",
        "@geometry": "center"
      },
      "geometry": {
        "type": "Point",
        "coordinates": [
          11.5424632,
          48.0855265
        ]
      },
      "id": "relation/108760"
    },
    {
      "type": "Feature",
      "properties": {
        "@id": "relation/138787",
        "ele": "703",
        "name": "Niedersonthofener See",
        "natural": "water",
        "type": "multipolygon",
        "water": "lake",
        "wikidata": "Q1758050",
        "wikipedia": "de:Niedersonthofener See",
        "@geometry": "center"
      },
      "geometry": {
        "type": "Point",
        "coordinates": [
          10.2656152,
          47.6345307
        ]
      },
      "id": "relation/138787"
    },
    {
      "type": "Feature",
      "properties": {
        "@id": "relation/147981",
        "description": "kein ausgewiesener Badesee.",
        "fishing": "licence",
        "intermittent": "no",
        "name": "Auensee",
        "natural": "water",
        "salt": "no",
        "tidal": "no",
        "type": "multipolygon",
        "water": "lake",
        "website": "https://www.fischergilde-kissing.de/unsere-gewaesser/",
        "wikidata": "Q281196",
        "wikipedia": "de:Auensee (Kissing)",
        "@geometry": "center"
      },
      "geometry": {
        "type": "Point",
        "coordinates": [
          10.951143,
          48.3124923
        ]
      },
      "id": "relation/147981"
    },
    {
      "type": "Feature",
      "properties": {
        "@id": "relation/148261",
        "natural": "water",
        "type": "multipolygon",
        "water": "lake",
        "@geometry": "center"
      },
      "geometry": {
        "type": "Point",
        "coordinates": [
          11.9751995,
          49.6795442
        ]
      },
      "id": "relation/148261"
    },
    {
      "type": "Feature",
      "properties": {
        "@id": "relation/154667",
        "TMC:cid_58:tabcd_1:Class": "Area",
        "TMC:cid_58:tabcd_1:LCLversion": "8.00",
        "TMC:cid_58:tabcd_1:LocationCode": "35111",
        "description": "Voralpensee (Typ 3), mesotroph, dimiktisch",
        "ele": "649",
        "intermittent": "no",
        "name": "Staffelsee",
        "natural": "water",
        "salt": "no",
        "tidal": "no",
        "type": "multipolygon",
        "water": "lake",
        "wikidata": "Q278982",
        "wikipedia": "en:Staffelsee",
        "@geometry": "center"
      },
      "geometry": {
        "type": "Point",
        "coordinates": [
          11.159629,
          47.6943508
        ]
      },
      "id": "relation/154667"
    },
    {
      "type": "Feature",
      "properties": {
        "@id": "relation/157859",
        "fishing": "no",
        "intermittent": "no",
        "name": "Wildpark Poing See",
        "natural": "water",
        "salt": "no",
        "tidal": "no",
        "type": "multipolygon",
        "water": "lake",
        "@geometry": "center"
      },
      "geometry": {
        "type": "Point",
        "coordinates": [
          11.8355203,
          48.1766908
        ]
      },
      "id": "relation/157859"
    },
    {
      "type": "Feature",
      "properties": {
        "@id": "relation/163453",
        "canoe": "yes",
        "ele": "973",
        "name": "Eibsee",
        "natural": "water",
        "note:canoe": "Privatsee, aber laut Homepage sind unmotorisierte Schlauchboote und Kanus erlaubt: \"...Das mitbringen von eigenen Schlauchbooten oder Kanus ist gestattet...\"",
        "type": "multipolygon",
        "water": "lake",
        "wikidata": "Q259699",
        "wikipedia": "de:Eibsee",
        "@geometry": "center"
      },
      "geometry": {
        "type": "Point",
        "coordinates": [
          10.9738205,
          47.458267
        ]
      },
      "id": "relation/163453"
    },
    {
      "type": "Feature",
      "properties": {
        "@id": "relation/165327",
        "TMC:cid_58:tabcd_1:Class": "Area",
        "TMC:cid_58:tabcd_1:LCLversion": "8.00",
        "TMC:cid_58:tabcd_1:LocationCode": "35105",
        "description": "Alpensee (Typ 4), oligotroph, dimiktisch",
        "ele": "726",
        "name": "Tegernsee",
        "natural": "water",
        "type": "multipolygon",
        "water": "lake",
        "wikidata": "Q253971",
        "wikipedia": "de:Tegernsee",
        "@geometry": "center"
      },
      "geometry": {
        "type": "Point",
        "coordinates": [
          11.7451,
          47.7200785
        ]
      },
      "id": "relation/165327"
    },
    {
      "type": "Feature",
      "properties": {
        "@id": "relation/168892",
        "TMC:cid_58:tabcd_1:Class": "Area",
        "TMC:cid_58:tabcd_1:LCLversion": "8.00",
        "TMC:cid_58:tabcd_1:LocationCode": "35098",
        "ele": "584",
        "name": "Starnberger See",
        "name:de": "Starnberger See",
        "name:en": "Lake Starnberg",
        "name:sk": "Starnberské jazero",
        "natural": "water",
        "old_name": "Würmsee",
        "type": "multipolygon",
        "water": "lake",
        "wikidata": "Q131615",
        "wikipedia": "de:Starnberger See",
        "@geometry": "center"
      },
      "geometry": {
        "type": "Point",
        "coordinates": [
          11.3144878,
          47.9093068
        ]
      },
      "id": "relation/168892"
    },
    {
      "type": "Feature",
      "properties": {
        "@id": "relation/168893",
        "TMC:cid_58:tabcd_1:Class": "Area",
        "TMC:cid_58:tabcd_1:LCLversion": "8.00",
        "TMC:cid_58:tabcd_1:LocationCode": "35100",
        "designation": "Voralpensee (Typ 1), eutroph e1, dimiktisch",
        "ele": "532.9",
        "ft_link": "www.freietonne.de?edit=26983",
        "name": "Ammersee",
        "natural": "water",
        "ref_ft": "special",
        "type": "multipolygon",
        "water": "lake",
        "wikidata": "Q265336",
        "wikipedia": "de:Ammersee",
        "@geometry": "center"
      },
      "geometry": {
        "type": "Point",
        "coordinates": [
          11.1331011,
          48.0062714
        ]
      },
      "id": "relation/168893"
    },
    {
      "type": "Feature",
      "properties": {
        "@id": "relation/168896",
        "TMC:cid_58:tabcd_1:Class": "Area",
        "TMC:cid_58:tabcd_1:LCLversion": "9.00",
        "TMC:cid_58:tabcd_1:LocationCode": "35106",
        "ele": "777",
        "name": "Schliersee",
        "natural": "water",
        "scuba_diving:divespot": "yes",
        "sport": "scuba_diving",
        "type": "multipolygon",
        "verified": "no, please check and del this tag",
        "water": "lake",
        "wikidata": "Q834157",
        "wikipedia": "de:Schliersee",
        "@geometry": "center"
      },
      "geometry": {
        "type": "Point",
        "coordinates": [
          11.8614242,
          47.722285
        ]
      },
      "id": "relation/168896"
    },
    {
      "type": "Feature",
      "properties": {
        "@id": "relation/168897",
        "TMC:cid_58:tabcd_1:Class": "Area",
        "TMC:cid_58:tabcd_1:LCLversion": "8.00",
        "TMC:cid_58:tabcd_1:LocationCode": "35109",
        "description": "Alpensee (Typ 4), oligotroph, monomiktisch",
        "ele": "802",
        "name": "Walchensee",
        "natural": "water",
        "type": "multipolygon",
        "water": "lake",
        "wikidata": "Q174645",
        "wikipedia": "de:Walchensee",
        "@geometry": "center"
      },
      "geometry": {
        "type": "Point",
        "coordinates": [
          11.3499318,
          47.5933414
        ]
      },
      "id": "relation/168897"
    },
    {
      "type": "Feature",
      "properties": {
        "@id": "relation/173708",
        "name": "Südlicher Waldsee",
        "natural": "water",
        "type": "multipolygon",
        "water": "lake",
        "@geometry": "center"
      },
      "geometry": {
        "type": "Point",
        "coordinates": [
          10.0432233,
          48.3097085
        ]
      },
      "id": "relation/173708"
    },
    {
      "type": "Feature",
      "properties": {
        "@id": "relation/215599",
        "alt_name": "Abtsee",
        "name": "Abtsdorfer See",
        "natural": "water",
        "type": "multipolygon",
        "water": "lake",
        "wikidata": "Q334574",
        "@geometry": "center"
      },
      "geometry": {
        "type": "Point",
        "coordinates": [
          12.9077046,
          47.9105181
        ]
      },
      "id": "relation/215599"
    },
    {
      "type": "Feature",
      "properties": {
        "@id": "relation/253049",
        "alt_name": "Großer See",
        "name": "Badenburger See",
        "natural": "water",
        "type": "multipolygon",
        "water": "lake",
        "wikidata": "Q111794267",
        "wikimedia_commons": "Category:Badenburger See",
        "wikipedia": "de:Badenburger See",
        "@geometry": "center"
      },
      "geometry": {
        "type": "Point",
        "coordinates": [
          11.4911671,
          48.1552585
        ]
      },
      "id": "relation/253049"
    },
    {
      "type": "Feature",
      "properties": {
        "@id": "relation/333905",
        "ele": "752",
        "intermittent": "no",
        "name": "Fichtelsee",
        "natural": "water",
        "note": "Stausee",
        "salt": "no",
        "tidal": "no",
        "type": "multipolygon",
        "water": "lake",
        "website": "https://www.fichtelsee.com/",
        "wikidata": "Q1410946",
        "@geometry": "center"
      },
      "geometry": {
        "type": "Point",
        "coordinates": [
          11.8595239,
          50.0165327
        ]
      },
      "id": "relation/333905"
    },
    {
      "type": "Feature",
      "properties": {
        "@id": "relation/337712",
        "TMC:cid_58:tabcd_1:Class": "Area",
        "TMC:cid_58:tabcd_1:LCLversion": "8.00",
        "TMC:cid_58:tabcd_1:LocationCode": "35110",
        "ele": "599",
        "name": "Kochelsee",
        "natural": "water",
        "type": "multipolygon",
        "water": "lake",
        "wikidata": "Q257264",
        "@geometry": "center"
      },
      "geometry": {
        "type": "Point",
        "coordinates": [
          11.3377188,
          47.6483303
        ]
      },
      "id": "relation/337712"
    },
    {
      "type": "Feature",
      "properties": {
        "@id": "relation/350397",
        "alt_name": "Kahler Campingsee",
        "loc_name": "Kahler See",
        "name": "See Freigericht Ost / Kahler Campingsee",
        "natural": "water",
        "official_name": "See Freigericht Ost",
        "type": "multipolygon",
        "water": "lake",
        "wikidata": "Q66643604",
        "@geometry": "center"
      },
      "geometry": {
        "type": "Point",
        "coordinates": [
          9.0063999,
          50.0861451
        ]
      },
      "id": "relation/350397"
    },
    {
      "type": "Feature",
      "properties": {
        "@id": "relation/353160",
        "name": "Hörsteiner See",
        "natural": "water",
        "type": "multipolygon",
        "water": "lake",
        "wikidata": "Q18625842",
        "wikipedia": "de:Hörsteiner See",
        "@geometry": "center"
      },
      "geometry": {
        "type": "Point",
        "coordinates": [
          9.0329495,
          50.0588583
        ]
      },
      "id": "relation/353160"
    },
    {
      "type": "Feature",
      "properties": {
        "@id": "relation/369805",
        "name": "Langer See",
        "natural": "water",
        "type": "multipolygon",
        "water": "lake",
        "wikidata": "Q18628465",
        "@geometry": "center"
      },
      "geometry": {
        "type": "Point",
        "coordinates": [
          9.0101672,
          50.0561864
        ]
      },
      "id": "relation/369805"
    },
    {
      "type": "Feature",
      "properties": {
        "@id": "relation/393407",
        "ele": "113.8",
        "name": "Meerhofsee",
        "natural": "water",
        "sport": "swimming",
        "type": "multipolygon",
        "water": "lake",
        "wikidata": "Q1916857",
        "wikipedia": "de:Meerhofsee",
        "@geometry": "center"
      },
      "geometry": {
        "type": "Point",
        "coordinates": [
          9.0436233,
          50.0855441
        ]
      },
      "id": "relation/393407"
    },
    {
      "type": "Feature",
      "properties": {
        "@id": "relation/897544",
        "name": "Schmölzersee",
        "natural": "water",
        "type": "multipolygon",
        "water": "lake",
        "@geometry": "center"
      },
      "geometry": {
        "type": "Point",
        "coordinates": [
          11.0862793,
          47.5098766
        ]
      },
      "id": "relation/897544"
    },
    {
      "type": "Feature",
      "properties": {
        "@id": "relation/1156846",
        "TMC:cid_58:tabcd_1:Class": "Area",
        "TMC:cid_58:tabcd_1:LCLversion": "9.00",
        "TMC:cid_58:tabcd_1:LocationCode": "35114",
        "alt_name": "Konstanzer See",
        "alt_name:nl": "Meer van Konstanz",
        "description": "Im Obersee (473 km²) keine anerkannte Grenzziehung zwischen den Anrainerstaaten.",
        "ele": "395.23",
        "fixme": "Umring See muss überarbeitet werden",
        "intermittent": "no",
        "name": "Bodensee",
        "name:ca": "Llac de Constança",
        "name:cs": "Bodamské jezero",
        "name:da": "Bodensøen",
        "name:de": "Bodensee",
        "name:el": "Λίμνη Κωνσταντίας;Μπόντενζεε",
        "name:en": "Lake Constance",
        "name:es": "Lago de Constanza",
        "name:fr": "Lac de Constance",
        "name:gsw": "Bodäsee",
        "name:he": "ימת קונסטנץ",
        "name:is": "Bodenvatn",
        "name:it": "Lago di Costanza",
        "name:lt": "Bodeno ežeras",
        "name:nl": "Bodenmeer",
        "name:pl": "Jezioro Bodeńskie",
        "name:pt": "Lago de Constança",
        "name:rm": "Lai da Constanza",
        "name:ru": "Бо́денское о́зеро",
        "name:sk": "Bodamské jazero",
        "name:sl": "Bodensko jezero",
        "name:sv": "Bodensjön",
        "name:tt": "Боден күле",
        "name:uk": "Боденське озеро",
        "name:zh": "博登湖",
        "natural": "water",
        "reg_name": "Badisches Meer;Schwäbisches Meer",
        "salt": "no",
        "sqkm": "536 (both)",
        "tidal": "no",
        "type": "multipolygon",
        "water": "lake",
        "wikidata": "Q4127",
        "wikipedia": "de:Bodensee",
        "@geometry": "center"
      },
      "geometry": {
        "type": "Point",
        "coordinates": [
          9.30627,
          47.6477871
        ]
      },
      "id": "relation/1156846"
    },
    {
      "type": "Feature",
      "properties": {
        "@id": "relation/1242402",
        "TMC:cid_58:tabcd_1:Class": "Area",
        "TMC:cid_58:tabcd_1:LCLversion": "9.00",
        "TMC:cid_58:tabcd_1:LocationCode": "35101",
        "description": "Voralpensee (Typ 3), oligotroph, dimiktisch",
        "name": "Wörthsee",
        "natural": "water",
        "type": "multipolygon",
        "water": "lake",
        "wikidata": "Q2596558",
        "@geometry": "center"
      },
      "geometry": {
        "type": "Point",
        "coordinates": [
          11.1804588,
          48.058757
        ]
      },
      "id": "relation/1242402"
    },
    {
      "type": "Feature",
      "properties": {
        "@id": "relation/1311889",
        "alt_name": "Wildsee",
        "description": "Natürliches Gewässer aufgestaut dient als Speisung für Wasserkraftwerk \"Auele\"",
        "ele": "1813",
        "name": "Schrecksee",
        "natural": "water",
        "type": "multipolygon",
        "water": "lake",
        "wikidata": "Q1557826",
        "wikimedia_commons": "Category:Schrecksee",
        "wikipedia": "de:Schrecksee",
        "@geometry": "center"
      },
      "geometry": {
        "type": "Point",
        "coordinates": [
          10.4663306,
          47.4372756
        ]
      },
      "id": "relation/1311889"
    },
    {
      "type": "Feature",
      "properties": {
        "@id": "relation/1322212",
        "natural": "water",
        "source": "geodaten.bayern.de",
        "type": "multipolygon",
        "water": "lake",
        "@geometry": "center"
      },
      "geometry": {
        "type": "Point",
        "coordinates": [
          9.044788,
          50.0175488
        ]
      },
      "id": "relation/1322212"
    },
    {
      "type": "Feature",
      "properties": {
        "@id": "relation/1333989",
        "ele": "553",
        "name": "Egglburger See",
        "natural": "water",
        "source": "Verfeinert anhand von Bing",
        "type": "multipolygon",
        "water": "lake",
        "wikidata": "Q1297686",
        "wikipedia": "de:Egglburger See",
        "@geometry": "center"
      },
      "geometry": {
        "type": "Point",
        "coordinates": [
          11.9418661,
          48.0838145
        ]
      },
      "id": "relation/1333989"
    },
    {
      "type": "Feature",
      "properties": {
        "@id": "relation/1348735",
        "TMC:cid_58:tabcd_1:Class": "Area",
        "TMC:cid_58:tabcd_1:LCLversion": "9.00",
        "TMC:cid_58:tabcd_1:LocationCode": "35096",
        "ele": "408",
        "name": "Großer Brombachsee",
        "natural": "water",
        "salt": "no",
        "tidal": "no",
        "type": "multipolygon",
        "water": "lake",
        "wikidata": "Q49406",
        "wikipedia": "de:Großer Brombachsee",
        "@geometry": "center"
      },
      "geometry": {
        "type": "Point",
        "coordinates": [
          10.9282931,
          49.1314758
        ]
      },
      "id": "relation/1348735"
    },
    {
      "type": "Feature",
      "properties": {
        "@id": "relation/1355425",
        "name": "Rottachsee",
        "natural": "water",
        "official_name": "Rottachtalsperre",
        "reg_name": "Rottachspeicher",
        "type": "multipolygon",
        "water": "lake",
        "wikidata": "Q1530843",
        "wikipedia": "de:Rottachsee",
        "@geometry": "center"
      },
      "geometry": {
        "type": "Point",
        "coordinates": [
          10.3837459,
          47.6461901
        ]
      },
      "id": "relation/1355425"
    },
    {
      "type": "Feature",
      "properties": {
        "@id": "relation/1362489",
        "designation": "Voralpensee (Typ 2), mesotroph, dimiktisch",
        "ele": "588",
        "name": "Großer Ostersee",
        "natural": "water",
        "source": "ENDA SeeDaBa",
        "type": "multipolygon",
        "water": "lake",
        "@geometry": "center"
      },
      "geometry": {
        "type": "Point",
        "coordinates": [
          11.3027654,
          47.7874356
        ]
      },
      "id": "relation/1362489"
    },
    {
      "type": "Feature",
      "properties": {
        "@id": "relation/1407844",
        "name": "Dennenloher See",
        "natural": "water",
        "type": "multipolygon",
        "water": "lake",
        "wikidata": "Q910474",
        "wikipedia": "de:Dennenloher See",
        "@geometry": "center"
      },
      "geometry": {
        "type": "Point",
        "coordinates": [
          10.615769,
          49.106883
        ]
      },
      "id": "relation/1407844"
    },
    {
      "type": "Feature",
      "properties": {
        "@id": "relation/1411216",
        "name": "Nordwestlicher Mooswaldsee",
        "natural": "water",
        "type": "multipolygon",
        "water": "lake",
        "@geometry": "center"
      },
      "geometry": {
        "type": "Point",
        "coordinates": [
          10.2304334,
          48.4792303
        ]
      },
      "id": "relation/1411216"
    },
    {
      "type": "Feature",
      "properties": {
        "@id": "relation/1430150",
        "loc_name": "Isel",
        "name": "Fischersee",
        "natural": "water",
        "type": "multipolygon",
        "water": "lake",
        "@geometry": "center"
      },
      "geometry": {
        "type": "Point",
        "coordinates": [
          10.0598216,
          48.4211238
        ]
      },
      "id": "relation/1430150"
    },
    {
      "type": "Feature",
      "properties": {
        "@id": "relation/1442490",
        "intermittent": "no",
        "name": "Entenfallweiher",
        "natural": "water",
        "salt": "no",
        "tidal": "no",
        "type": "multipolygon",
        "water": "lake",
        "wikidata": "Q106805239",
        "wikimedia_commons": "Category:Entenfallweiher",
        "@geometry": "center"
      },
      "geometry": {
        "type": "Point",
        "coordinates": [
          11.6226219,
          48.1820827
        ]
      },
      "id": "relation/1442490"
    },
    {
      "type": "Feature",
      "properties": {
        "@id": "relation/1442492",
        "intermittent": "no",
        "name": "Schwammerlweiher",
        "natural": "water",
        "salt": "no",
        "tidal": "no",
        "type": "multipolygon",
        "water": "lake",
        "@geometry": "center"
      },
      "geometry": {
        "type": "Point",
        "coordinates": [
          11.6171397,
          48.1765951
        ]
      },
      "id": "relation/1442492"
    },
    {
      "type": "Feature",
      "properties": {
        "@id": "relation/1451574",
        "intermittent": "no",
        "name": "Thermensee",
        "natural": "water",
        "salt": "no",
        "swimming": "yes",
        "tidal": "no",
        "type": "multipolygon",
        "water": "lake",
        "@geometry": "center"
      },
      "geometry": {
        "type": "Point",
        "coordinates": [
          10.5899318,
          48.0200303
        ]
      },
      "id": "relation/1451574"
    },
    {
      "type": "Feature",
      "properties": {
        "@id": "relation/1525268",
        "name": "Kalte Quellen",
        "natural": "water",
        "type": "multipolygon",
        "water": "lake",
        "@geometry": "center"
      },
      "geometry": {
        "type": "Point",
        "coordinates": [
          9.6141715,
          50.0158229
        ]
      },
      "id": "relation/1525268"
    },
    {
      "type": "Feature",
      "properties": {
        "@id": "relation/1558819",
        "TMC:cid_58:tabcd_1:Class": "Area",
        "TMC:cid_58:tabcd_1:LCLversion": "9.00",
        "TMC:cid_58:tabcd_1:LocationCode": "35102",
        "description": "Laut Ausschilderung \"Von 1.12. bis 14.4. jedes Jahres ist die Ausübung des Wassersports (insbesondere Windsurfen, Segeln, Kite-Sailing und sonstige Bootsfahrten) untersagt\"",
        "dog": "no",
        "name": "Seehamer See",
        "natural": "water",
        "type": "multipolygon",
        "water": "lake",
        "wikidata": "Q2264893",
        "wikipedia": "de:Seehamer See",
        "@geometry": "center"
      },
      "geometry": {
        "type": "Point",
        "coordinates": [
          11.8526999,
          47.8495829
        ]
      },
      "id": "relation/1558819"
    },
    {
      "type": "Feature",
      "properties": {
        "@id": "relation/1619475",
        "name": "Erlabrunner Badesee",
        "natural": "water",
        "sport": "swimming",
        "type": "multipolygon",
        "water": "lake",
        "@geometry": "center"
      },
      "geometry": {
        "type": "Point",
        "coordinates": [
          9.8559397,
          49.8524948
        ]
      },
      "id": "relation/1619475"
    },
    {
      "type": "Feature",
      "properties": {
        "@id": "relation/1688329",
        "intermittent": "no",
        "name": "Frankenwaldsee",
        "natural": "water",
        "salt": "no",
        "tidal": "no",
        "type": "multipolygon",
        "water": "lake",
        "@geometry": "center"
      },
      "geometry": {
        "type": "Point",
        "coordinates": [
          11.6700492,
          50.3753486
        ]
      },
      "id": "relation/1688329"
    },
    {
      "type": "Feature",
      "properties": {
        "@id": "relation/1741070",
        "alt_name": "Rohrbachstausee",
        "name": "Eginger See",
        "natural": "water",
        "source": "Bing",
        "sport": "swimming",
        "type": "multipolygon",
        "water": "lake",
        "wikidata": "Q1298000",
        "wikipedia": "de:Eginger See",
        "@geometry": "center"
      },
      "geometry": {
        "type": "Point",
        "coordinates": [
          13.2762179,
          48.7242279
        ]
      },
      "id": "relation/1741070"
    },
    {
      "type": "Feature",
      "properties": {
        "@id": "relation/1742406",
        "name": "Hagenhausweiher",
        "natural": "water",
        "source": "DOP_LVA_BY_01",
        "type": "multipolygon",
        "water": "lake",
        "@geometry": "center"
      },
      "geometry": {
        "type": "Point",
        "coordinates": [
          12.2207141,
          50.0348966
        ]
      },
      "id": "relation/1742406"
    },
    {
      "type": "Feature",
      "properties": {
        "@id": "relation/1744656",
        "natural": "water",
        "source": "DOP_LVA_BY_01",
        "type": "multipolygon",
        "water": "lake",
        "@geometry": "center"
      },
      "geometry": {
        "type": "Point",
        "coordinates": [
          11.9881604,
          49.6673221
        ]
      },
      "id": "relation/1744656"
    },
    {
      "type": "Feature",
      "properties": {
        "@id": "relation/1744657",
        "name": "Neuweiher",
        "natural": "water",
        "source": "DOP_LVA_BY_01",
        "type": "multipolygon",
        "water": "lake",
        "@geometry": "center"
      },
      "geometry": {
        "type": "Point",
        "coordinates": [
          11.9992417,
          49.6649846
        ]
      },
      "id": "relation/1744657"
    },
    {
      "type": "Feature",
      "properties": {
        "@id": "relation/1856664",
        "name": "Steinberger See",
        "natural": "water",
        "scuba_diving:maxdepth": "60",
        "sport:scuba_diving": "yes",
        "type": "multipolygon",
        "water": "lake",
        "wikidata": "Q1678718",
        "wikipedia": "de:Steinberger See",
        "@geometry": "center"
      },
      "geometry": {
        "type": "Point",
        "coordinates": [
          12.1633731,
          49.2812706
        ]
      },
      "id": "relation/1856664"
    },
    {
      "type": "Feature",
      "properties": {
        "@id": "relation/1946228",
        "natural": "water",
        "type": "multipolygon",
        "water": "lake",
        "@geometry": "center"
      },
      "geometry": {
        "type": "Point",
        "coordinates": [
          10.4999744,
          49.3181943
        ]
      },
      "id": "relation/1946228"
    },
    {
      "type": "Feature",
      "properties": {
        "@id": "relation/2023347",
        "name": "Sander Baggersee",
        "natural": "water",
        "salt": "no",
        "tidal": "no",
        "type": "multipolygon",
        "water": "lake",
        "@geometry": "center"
      },
      "geometry": {
        "type": "Point",
        "coordinates": [
          10.5808944,
          49.9967365
        ]
      },
      "id": "relation/2023347"
    },
    {
      "type": "Feature",
      "properties": {
        "@id": "relation/2032584",
        "name": "Böhmerweiher",
        "natural": "water",
        "type": "multipolygon",
        "water": "lake",
        "wikidata": "Q1019717",
        "wikipedia": "de:Böhmerweiher",
        "@geometry": "center"
      },
      "geometry": {
        "type": "Point",
        "coordinates": [
          11.3751143,
          48.174205
        ]
      },
      "id": "relation/2032584"
    },
    {
      "type": "Feature",
      "properties": {
        "@id": "relation/2048401",
        "intermittent": "no",
        "name": "Antoni-Weiher",
        "natural": "water",
        "salt": "no",
        "tidal": "no",
        "type": "multipolygon",
        "water": "lake",
        "@geometry": "center"
      },
      "geometry": {
        "type": "Point",
        "coordinates": [
          11.9325386,
          48.094718
        ]
      },
      "id": "relation/2048401"
    },
    {
      "type": "Feature",
      "properties": {
        "@id": "relation/2068020",
        "TMC:cid_58:tabcd_1:Class": "Area",
        "TMC:cid_58:tabcd_1:LCLversion": "8.00",
        "TMC:cid_58:tabcd_1:LocationCode": "35112",
        "name": "Riegsee",
        "natural": "water",
        "type": "multipolygon",
        "water": "lake",
        "wikidata": "Q882295",
        "@geometry": "center"
      },
      "geometry": {
        "type": "Point",
        "coordinates": [
          11.2263398,
          47.7017479
        ]
      },
      "id": "relation/2068020"
    },
    {
      "type": "Feature",
      "properties": {
        "@id": "relation/2075645",
        "name": "Hahnenweiher",
        "natural": "water",
        "type": "multipolygon",
        "water": "lake",
        "@geometry": "center"
      },
      "geometry": {
        "type": "Point",
        "coordinates": [
          12.546159,
          49.5090086
        ]
      },
      "id": "relation/2075645"
    },
    {
      "type": "Feature",
      "properties": {
        "@id": "relation/2127101",
        "name": "Hebelsee",
        "natural": "water",
        "type": "multipolygon",
        "water": "lake",
        "@geometry": "center"
      },
      "geometry": {
        "type": "Point",
        "coordinates": [
          10.3141074,
          48.4806016
        ]
      },
      "id": "relation/2127101"
    },
    {
      "type": "Feature",
      "properties": {
        "@id": "relation/2164279",
        "name": "Rothsee (Hauptsperre)",
        "natural": "water",
        "scuba_diving:depth": "5",
        "scuba_diving:maxdepth": "15",
        "sport:scuba_diving": "yes",
        "type": "multipolygon",
        "water": "lake",
        "wikidata": "Q2168782",
        "wikipedia": "de:Rothsee",
        "@geometry": "center"
      },
      "geometry": {
        "type": "Point",
        "coordinates": [
          11.1839964,
          49.219597
        ]
      },
      "id": "relation/2164279"
    },
    {
      "type": "Feature",
      "properties": {
        "@id": "relation/2164280",
        "name": "Rothsee (Vorsperre)",
        "natural": "water",
        "sport:scuba_diving": "no",
        "type": "multipolygon",
        "water": "lake",
        "wikidata": "Q2168782",
        "wikipedia": "de:Rothsee",
        "@geometry": "center"
      },
      "geometry": {
        "type": "Point",
        "coordinates": [
          11.2023608,
          49.2341286
        ]
      },
      "id": "relation/2164280"
    },
    {
      "type": "Feature",
      "properties": {
        "@id": "relation/2203143",
        "name": "Wöhrder See",
        "natural": "water",
        "source": "extrapolation",
        "type": "multipolygon",
        "water": "lake",
        "wikidata": "Q2596362",
        "wikipedia": "de:Wöhrder See",
        "@geometry": "center"
      },
      "geometry": {
        "type": "Point",
        "coordinates": [
          11.1142867,
          49.4575277
        ]
      },
      "id": "relation/2203143"
    },
    {
      "type": "Feature",
      "properties": {
        "@id": "relation/2206345",
        "natural": "water",
        "type": "multipolygon",
        "water": "lake",
        "@geometry": "center"
      },
      "geometry": {
        "type": "Point",
        "coordinates": [
          12.2442264,
          50.0481029
        ]
      },
      "id": "relation/2206345"
    },
    {
      "type": "Feature",
      "properties": {
        "@id": "relation/2243555",
        "name": "Langer Teich (Badeteich)",
        "natural": "water",
        "type": "multipolygon",
        "water": "lake",
        "@geometry": "center"
      },
      "geometry": {
        "type": "Point",
        "coordinates": [
          12.1706929,
          50.1626821
        ]
      },
      "id": "relation/2243555"
    },
    {
      "type": "Feature",
      "properties": {
        "@id": "relation/2243989",
        "ele": "786",
        "intermittent": "no",
        "name": "Bannwaldsee",
        "natural": "water",
        "salt": "no",
        "tidal": "no",
        "type": "multipolygon",
        "water": "lake",
        "wikidata": "Q806909",
        "wikipedia": "de:Bannwaldsee",
        "@geometry": "center"
      },
      "geometry": {
        "type": "Point",
        "coordinates": [
          10.7759051,
          47.6004655
        ]
      },
      "id": "relation/2243989"
    },
    {
      "type": "Feature",
      "properties": {
        "@id": "relation/2273176",
        "name": "Gallaweiher",
        "natural": "water",
        "type": "multipolygon",
        "water": "lake",
        "wikidata": "Q22691981",
        "wikipedia": "de:Gallaweiher",
        "@geometry": "center"
      },
      "geometry": {
        "type": "Point",
        "coordinates": [
          11.2535838,
          47.8659713
        ]
      },
      "id": "relation/2273176"
    },
    {
      "type": "Feature",
      "properties": {
        "@id": "relation/2297176",
        "name": "Silbersee",
        "natural": "water",
        "type": "multipolygon",
        "water": "lake",
        "@geometry": "center"
      },
      "geometry": {
        "type": "Point",
        "coordinates": [
          10.3845108,
          48.4570723
        ]
      },
      "id": "relation/2297176"
    },
    {
      "type": "Feature",
      "properties": {
        "@id": "relation/2314021",
        "natural": "water",
        "type": "multipolygon",
        "water": "lake",
        "@geometry": "center"
      },
      "geometry": {
        "type": "Point",
        "coordinates": [
          10.3213224,
          48.5132325
        ]
      },
      "id": "relation/2314021"
    },
    {
      "type": "Feature",
      "properties": {
        "@id": "relation/2333302",
        "name": "Flossinger See",
        "natural": "water",
        "sport": "swimming",
        "type": "multipolygon",
        "water": "lake",
        "@geometry": "center"
      },
      "geometry": {
        "type": "Point",
        "coordinates": [
          12.5071814,
          48.208746
        ]
      },
      "id": "relation/2333302"
    },
    {
      "type": "Feature",
      "properties": {
        "@id": "relation/2333307",
        "intermittent": "no",
        "name": "Wörther See",
        "natural": "water",
        "salt": "no",
        "tidal": "no",
        "type": "multipolygon",
        "water": "lake",
        "wikidata": "Q2596539",
        "@geometry": "center"
      },
      "geometry": {
        "type": "Point",
        "coordinates": [
          12.3603801,
          48.628093
        ]
      },
      "id": "relation/2333307"
    },
    {
      "type": "Feature",
      "properties": {
        "@id": "relation/2333312",
        "natural": "water",
        "type": "multipolygon",
        "water": "lake",
        "@geometry": "center"
      },
      "geometry": {
        "type": "Point",
        "coordinates": [
          12.5436673,
          47.7959433
        ]
      },
      "id": "relation/2333312"
    },
    {
      "type": "Feature",
      "properties": {
        "@id": "relation/2333319",
        "intermittent": "no",
        "name": "Pucher Meer",
        "natural": "water",
        "salt": "no",
        "tidal": "no",
        "type": "multipolygon",
        "water": "lake",
        "wikidata": "Q2117250",
        "wikipedia": "de:Pucher Meer",
        "@geometry": "center"
      },
      "geometry": {
        "type": "Point",
        "coordinates": [
          11.2336448,
          48.1903633
        ]
      },
      "id": "relation/2333319"
    },
    {
      "type": "Feature",
      "properties": {
        "@id": "relation/2339793",
        "name": "Holzwörthsee",
        "natural": "water",
        "salt": "no",
        "tidal": "no",
        "type": "multipolygon",
        "water": "lake",
        "@geometry": "center"
      },
      "geometry": {
        "type": "Point",
        "coordinates": [
          10.7006602,
          48.6604619
        ]
      },
      "id": "relation/2339793"
    },
    {
      "type": "Feature",
      "properties": {
        "@id": "relation/2348136",
        "name": "Schwaltenweiher",
        "natural": "water",
        "type": "multipolygon",
        "water": "lake",
        "wikidata": "Q1514720",
        "wikipedia": "de:Schwaltenweiher",
        "@geometry": "center"
      },
      "geometry": {
        "type": "Point",
        "coordinates": [
          10.5755472,
          47.6484305
        ]
      },
      "id": "relation/2348136"
    },
    {
      "type": "Feature",
      "properties": {
        "@id": "relation/2557494",
        "ele": "804",
        "intermittent": "no",
        "name": "Obersee",
        "natural": "water",
        "salt": "no",
        "tidal": "no",
        "type": "multipolygon",
        "water": "lake",
        "wikidata": "Q32198585",
        "@geometry": "center"
      },
      "geometry": {
        "type": "Point",
        "coordinates": [
          10.6776741,
          47.5616204
        ]
      },
      "id": "relation/2557494"
    },
    {
      "type": "Feature",
      "properties": {
        "@id": "relation/2564238",
        "name": "Gartensee",
        "natural": "water",
        "type": "multipolygon",
        "water": "lake",
        "@geometry": "center"
      },
      "geometry": {
        "type": "Point",
        "coordinates": [
          11.3010644,
          47.8170729
        ]
      },
      "id": "relation/2564238"
    },
    {
      "type": "Feature",
      "properties": {
        "@id": "relation/2564239",
        "name": "Kleiner Gartensee",
        "natural": "water",
        "type": "multipolygon",
        "water": "lake",
        "@geometry": "center"
      },
      "geometry": {
        "type": "Point",
        "coordinates": [
          11.3014746,
          47.8150907
        ]
      },
      "id": "relation/2564239"
    },
    {
      "type": "Feature",
      "properties": {
        "@id": "relation/2564240",
        "name": "Ursee",
        "natural": "water",
        "type": "multipolygon",
        "water": "lake",
        "@geometry": "center"
      },
      "geometry": {
        "type": "Point",
        "coordinates": [
          11.3062092,
          47.8175503
        ]
      },
      "id": "relation/2564240"
    },
    {
      "type": "Feature",
      "properties": {
        "@id": "relation/2566417",
        "intermittent": "no",
        "name": "Schafirrsee",
        "natural": "water",
        "type": "multipolygon",
        "water": "lake",
        "wikidata": "Q54339481",
        "@geometry": "center"
      },
      "geometry": {
        "type": "Point",
        "coordinates": [
          11.3338709,
          48.741189
        ]
      },
      "id": "relation/2566417"
    },
    {
      "type": "Feature",
      "properties": {
        "@id": "relation/2703198",
        "name": "Vorspessartseen",
        "natural": "water",
        "type": "multipolygon",
        "water": "lake",
        "@geometry": "center"
      },
      "geometry": {
        "type": "Point",
        "coordinates": [
          9.0234107,
          50.0675383
        ]
      },
      "id": "relation/2703198"
    },
    {
      "type": "Feature",
      "properties": {
        "@id": "relation/2703200",
        "name": "Vorspessartseen",
        "natural": "water",
        "type": "multipolygon",
        "water": "lake",
        "@geometry": "center"
      },
      "geometry": {
        "type": "Point",
        "coordinates": [
          9.0339263,
          50.0652769
        ]
      },
      "id": "relation/2703200"
    },
    {
      "type": "Feature",
      "properties": {
        "@id": "relation/2724035",
        "name": "Waldfriedensee",
        "natural": "water",
        "type": "multipolygon",
        "water": "lake",
        "@geometry": "center"
      },
      "geometry": {
        "type": "Point",
        "coordinates": [
          11.1242317,
          50.3475444
        ]
      },
      "id": "relation/2724035"
    },
    {
      "type": "Feature",
      "properties": {
        "@id": "relation/2820514",
        "natural": "water",
        "source": "Bing",
        "type": "multipolygon",
        "water": "lake",
        "@geometry": "center"
      },
      "geometry": {
        "type": "Point",
        "coordinates": [
          11.0854363,
          49.5022599
        ]
      },
      "id": "relation/2820514"
    },
    {
      "type": "Feature",
      "properties": {
        "@id": "relation/2861853",
        "natural": "water",
        "type": "multipolygon",
        "water": "lake",
        "@geometry": "center"
      },
      "geometry": {
        "type": "Point",
        "coordinates": [
          11.0846071,
          49.502256
        ]
      },
      "id": "relation/2861853"
    },
    {
      "type": "Feature",
      "properties": {
        "@id": "relation/2903737",
        "name": "Schloßweiher",
        "natural": "water",
        "type": "multipolygon",
        "water": "lake",
        "@geometry": "center"
      },
      "geometry": {
        "type": "Point",
        "coordinates": [
          10.7578157,
          48.280761
        ]
      },
      "id": "relation/2903737"
    },
    {
      "type": "Feature",
      "properties": {
        "@id": "relation/2933401",
        "ele": "450",
        "name": "Rothsee",
        "natural": "water",
        "type": "multipolygon",
        "water": "lake",
        "wikidata": "Q2168784",
        "wikipedia": "de:Rothsee (Zusmarshausen)",
        "@geometry": "center"
      },
      "geometry": {
        "type": "Point",
        "coordinates": [
          10.6149551,
          48.3961809
        ]
      },
      "id": "relation/2933401"
    },
    {
      "type": "Feature",
      "properties": {
        "@id": "relation/3103522",
        "name": "südlicher Ausee",
        "natural": "water",
        "type": "multipolygon",
        "water": "lake",
        "@geometry": "center"
      },
      "geometry": {
        "type": "Point",
        "coordinates": [
          10.0226451,
          48.3286796
        ]
      },
      "id": "relation/3103522"
    },
    {
      "type": "Feature",
      "properties": {
        "@id": "relation/3173380",
        "name": "Dreiburgensee - Rothauer See",
        "natural": "water",
        "sport": "swimming",
        "type": "multipolygon",
        "water": "lake",
        "wikidata": "Q1257412",
        "@geometry": "center"
      },
      "geometry": {
        "type": "Point",
        "coordinates": [
          13.3526501,
          48.7441573
        ]
      },
      "id": "relation/3173380"
    },
    {
      "type": "Feature",
      "properties": {
        "@id": "relation/3377469",
        "name": "Karpfensee",
        "natural": "water",
        "type": "multipolygon",
        "water": "lake",
        "@geometry": "center"
      },
      "geometry": {
        "type": "Point",
        "coordinates": [
          10.0987852,
          48.4353511
        ]
      },
      "id": "relation/3377469"
    },
    {
      "type": "Feature",
      "properties": {
        "@id": "relation/3383431",
        "name": "Leipheimer Baggersee",
        "natural": "water",
        "type": "multipolygon",
        "water": "lake",
        "@geometry": "center"
      },
      "geometry": {
        "type": "Point",
        "coordinates": [
          10.1973909,
          48.4479296
        ]
      },
      "id": "relation/3383431"
    },
    {
      "type": "Feature",
      "properties": {
        "@id": "way/3401796",
        "loc_name": "Vitsche",
        "name": "Heimstettener See",
        "natural": "water",
        "salt": "no",
        "sport": "swimming",
        "water": "lake",
        "wikidata": "Q1595871",
        "wikipedia": "de:Heimstettener See",
        "@geometry": "center"
      },
      "geometry": {
        "type": "Point",
        "coordinates": [
          11.738643,
          48.1558206
        ]
      },
      "id": "way/3401796"
    },
    {
      "type": "Feature",
      "properties": {
        "@id": "way/3401798",
        "leisure": "water_park",
        "name": "Wasserskipark Aschheim",
        "natural": "water",
        "sport": "water_ski",
        "water": "lake",
        "website": "https://www.wasserskipark-aschheim.de/",
        "@geometry": "center"
      },
      "geometry": {
        "type": "Point",
        "coordinates": [
          11.7260915,
          48.1615748
        ]
      },
      "id": "way/3401798"
    },
    {
      "type": "Feature",
      "properties": {
        "@id": "way/3401802",
        "boat": "designated",
        "name": "Feringasee",
        "natural": "water",
        "sport": "swimming",
        "water": "lake",
        "website": "https://www.landkreis-muenchen.de/themen/freizeit-kultur-sport/badeseen-und-badegewaesser/feringasee/",
        "wikidata": "Q1406335",
        "wikipedia": "de:Feringasee",
        "@geometry": "center"
      },
      "geometry": {
        "type": "Point",
        "coordinates": [
          11.6709816,
          48.1945815
        ]
      },
      "id": "way/3401802"
    },
    {
      "type": "Feature",
      "properties": {
        "@id": "relation/3421610",
        "alt_name": "Eitzenberger Weiher",
        "name": "Alter Weiher",
        "natural": "water",
        "type": "multipolygon",
        "water": "lake",
        "wikidata": "Q23786734",
        "@geometry": "center"
      },
      "geometry": {
        "type": "Point",
        "coordinates": [
          11.3618645,
          47.7853143
        ]
      },
      "id": "relation/3421610"
    },
    {
      "type": "Feature",
      "properties": {
        "@id": "way/3469827",
        "name": "Lechstaustufe Feldheim",
        "natural": "water",
        "source": "Bing",
        "water": "lake",
        "@geometry": "center"
      },
      "geometry": {
        "type": "Point",
        "coordinates": [
          10.9096104,
          48.7184369
        ]
      },
      "id": "way/3469827"
    },
    {
      "type": "Feature",
      "properties": {
        "@id": "way/3469828",
        "intermittent": "no",
        "name": "Hamlarer Baggersee",
        "natural": "water",
        "salt": "no",
        "water": "lake",
        "@geometry": "center"
      },
      "geometry": {
        "type": "Point",
        "coordinates": [
          10.8351563,
          48.6902082
        ]
      },
      "id": "way/3469828"
    },
    {
      "type": "Feature",
      "properties": {
        "@id": "way/3514437",
        "TMC:cid_58:tabcd_1:Class": "Area",
        "TMC:cid_58:tabcd_1:LCLversion": "9.00",
        "TMC:cid_58:tabcd_1:LocationCode": "32445",
        "ele": "1084",
        "intermittent": "no",
        "name": "Spitzingsee",
        "natural": "water",
        "salt": "no",
        "water": "lake",
        "wikidata": "Q533280",
        "wikimedia_commons": "Category:Spitzingsee",
        "wikipedia": "de:Spitzingsee",
        "@geometry": "center"
      },
      "geometry": {
        "type": "Point",
        "coordinates": [
          11.8845936,
          47.665114
        ]
      },
      "id": "way/3514437"
    },
    {
      "type": "Feature",
      "properties": {
        "@id": "relation/3590712",
        "boat": "no",
        "name": "Garchinger See",
        "natural": "water",
        "sport": "swimming",
        "type": "multipolygon",
        "water": "lake",
        "wikidata": "Q1231728",
        "wikimedia_commons": "Category:Garchinger See",
        "wikipedia": "de:Garchinger See",
        "@geometry": "center"
      },
      "geometry": {
        "type": "Point",
        "coordinates": [
          11.6388394,
          48.2602299
        ]
      },
      "id": "relation/3590712"
    },
    {
      "type": "Feature",
      "properties": {
        "@id": "relation/3597692",
        "TMC:cid_58:tabcd_1:Class": "Area",
        "TMC:cid_58:tabcd_1:LCLversion": "8.00",
        "TMC:cid_58:tabcd_1:LocationCode": "35103",
        "depth:avg": "13",
        "depth:max": "22",
        "ele": "470",
        "name": "Simssee",
        "natural": "water",
        "type": "multipolygon",
        "water": "lake",
        "wikidata": "Q315443",
        "wikipedia": "de:Simssee",
        "@geometry": "center"
      },
      "geometry": {
        "type": "Point",
        "coordinates": [
          12.2391706,
          47.872977
        ]
      },
      "id": "relation/3597692"
    },
    {
      "type": "Feature",
      "properties": {
        "@id": "relation/3611182",
        "natural": "water",
        "note": "Baden verboten",
        "type": "multipolygon",
        "water": "lake",
        "@geometry": "center"
      },
      "geometry": {
        "type": "Point",
        "coordinates": [
          11.5293667,
          48.1246711
        ]
      },
      "id": "relation/3611182"
    },
    {
      "type": "Feature",
      "properties": {
        "@id": "relation/3611261",
        "name": "Kleiner Olympiasee",
        "natural": "water",
        "type": "multipolygon",
        "water": "lake",
        "wikidata": "Q136128820",
        "wikimedia_commons": "Category:Olympiasee in Munich",
        "@geometry": "center"
      },
      "geometry": {
        "type": "Point",
        "coordinates": [
          11.5464342,
          48.1706141
        ]
      },
      "id": "relation/3611261"
    },
    {
      "type": "Feature",
      "properties": {
        "@id": "relation/3611991",
        "ele": "530",
        "name": "Germeringer See",
        "natural": "water",
        "sport": "swimming",
        "start_date": "1971",
        "type": "multipolygon",
        "water": "lake",
        "website": "https://www.germering.de/germering/site.nsf/id/pa_de_germeringer_see.html",
        "wikidata": "Q1514268",
        "wikipedia": "de:Germeringer See",
        "@geometry": "center"
      },
      "geometry": {
        "type": "Point",
        "coordinates": [
          11.343621,
          48.1367915
        ]
      },
      "id": "relation/3611991"
    },
    {
      "type": "Feature",
      "properties": {
        "@id": "relation/3637391",
        "natural": "water",
        "type": "multipolygon",
        "water": "lake",
        "@geometry": "center"
      },
      "geometry": {
        "type": "Point",
        "coordinates": [
          11.1449704,
          48.7824063
        ]
      },
      "id": "relation/3637391"
    },
    {
      "type": "Feature",
      "properties": {
        "@id": "way/3809376",
        "name": "Deckersweiher",
        "natural": "water",
        "water": "lake",
        "@geometry": "center"
      },
      "geometry": {
        "type": "Point",
        "coordinates": [
          10.9378918,
          49.5995592
        ]
      },
      "id": "way/3809376"
    },
    {
      "type": "Feature",
      "properties": {
        "@id": "relation/3867957",
        "access": "yes",
        "contact:facebook": "https://de-de.facebook.com/finsinger.weiher",
        "name": "Finsinger Weiher",
        "natural": "water",
        "sport": "swimming",
        "type": "multipolygon",
        "water": "lake",
        "@geometry": "center"
      },
      "geometry": {
        "type": "Point",
        "coordinates": [
          11.7963413,
          48.2328483
        ]
      },
      "id": "relation/3867957"
    },
    {
      "type": "Feature",
      "properties": {
        "@id": "way/4083380",
        "depth": "3.50",
        "name": "Regattastrecke Oberschleißheim",
        "natural": "water",
        "sport": "rowing",
        "start_date": "1971",
        "water": "lake",
        "@geometry": "center"
      },
      "geometry": {
        "type": "Point",
        "coordinates": [
          11.5153665,
          48.2428843
        ]
      },
      "id": "way/4083380"
    },
    {
      "type": "Feature",
      "properties": {
        "@id": "way/4083396",
        "name": "Fasaneriesee",
        "natural": "water",
        "sport": "swimming",
        "water": "lake",
        "wikidata": "Q96465035",
        "wikimedia_commons": "Category:Fasaneriesee",
        "wikipedia": "de:Fasaneriesee",
        "@geometry": "center"
      },
      "geometry": {
        "type": "Point",
        "coordinates": [
          11.5292899,
          48.2041505
        ]
      },
      "id": "way/4083396"
    },
    {
      "type": "Feature",
      "properties": {
        "@id": "way/4162547",
        "ele": "613",
        "name": "Obersee",
        "natural": "water",
        "water": "lake",
        "wikidata": "Q2010974",
        "@geometry": "center"
      },
      "geometry": {
        "type": "Point",
        "coordinates": [
          12.9891572,
          47.5161515
        ]
      },
      "id": "way/4162547"
    },
    {
      "type": "Feature",
      "properties": {
        "@id": "way/4182527",
        "name": "Baggersee Oberauhof",
        "natural": "water",
        "water": "lake",
        "@geometry": "center"
      },
      "geometry": {
        "type": "Point",
        "coordinates": [
          11.3998866,
          50.0917967
        ]
      },
      "id": "way/4182527"
    },
    {
      "type": "Feature",
      "properties": {
        "@id": "way/4324764",
        "alt_name": "Ampersee",
        "name": "(Kl.) Ampersee (Geiselbullacher Autobahnsee)",
        "natural": "water",
        "sport": "swimming",
        "water": "lake",
        "wikidata": "Q474540",
        "wikipedia": "de:Ampersee",
        "@geometry": "center"
      },
      "geometry": {
        "type": "Point",
        "coordinates": [
          11.3570155,
          48.230495
        ]
      },
      "id": "way/4324764"
    },
    {
      "type": "Feature",
      "properties": {
        "@id": "way/4330147",
        "name": "Zustorfer Weiher",
        "natural": "water",
        "source": "Landsat",
        "sport": "swimming",
        "water": "lake",
        "@geometry": "center"
      },
      "geometry": {
        "type": "Point",
        "coordinates": [
          11.938604,
          48.4214939
        ]
      },
      "id": "way/4330147"
    },
    {
      "type": "Feature",
      "properties": {
        "@id": "way/4396327",
        "name": "Moosach-Weiher",
        "natural": "water",
        "sport": "swimming",
        "water": "lake",
        "@geometry": "center"
      },
      "geometry": {
        "type": "Point",
        "coordinates": [
          11.6981366,
          48.3750715
        ]
      },
      "id": "way/4396327"
    },
    {
      "type": "Feature",
      "properties": {
        "@id": "way/4396341",
        "depth": "16",
        "intermittent": "no",
        "name": "Großer Pullinger See",
        "natural": "water",
        "salt": "no",
        "sport": "scuba_diving;swimming",
        "tidal": "no",
        "water": "lake",
        "wikidata": "Q22693545",
        "wikipedia": "de:Pullinger Weiher",
        "@geometry": "center"
      },
      "geometry": {
        "type": "Point",
        "coordinates": [
          11.7114927,
          48.3523135
        ]
      },
      "id": "way/4396341"
    },
    {
      "type": "Feature",
      "properties": {
        "@id": "way/4410809",
        "TMC:cid_58:tabcd_1:Class": "Area",
        "TMC:cid_58:tabcd_1:LCLversion": "9.00",
        "TMC:cid_58:tabcd_1:LocationCode": "31830",
        "intermittent": "no",
        "name": "Lerchenauer See",
        "natural": "water",
        "salt": "no",
        "sport": "swimming",
        "tidal": "no",
        "water": "lake",
        "wikidata": "Q96464932",
        "wikimedia_commons": "Category:Lerchenauer See",
        "wikipedia": "de:Lerchenauer See",
        "@geometry": "center"
      },
      "geometry": {
        "type": "Point",
        "coordinates": [
          11.5373157,
          48.1972057
        ]
      },
      "id": "way/4410809"
    },
    {
      "type": "Feature",
      "properties": {
        "@id": "way/4453361",
        "alt_name": "HonischBeach",
        "description": "Hotelsee/Badesee",
        "name": "Niedernberger See",
        "natural": "water",
        "water": "lake",
        "website": "https://www.niedernberg.de/freizeit-tourismus/honischbeach-seengebiet/",
        "@geometry": "center"
      },
      "geometry": {
        "type": "Point",
        "coordinates": [
          9.1397762,
          49.8988827
        ]
      },
      "id": "way/4453361"
    },
    {
      "type": "Feature",
      "properties": {
        "@id": "way/4469707",
        "intermittent": "no",
        "name": "Mallertshofer See",
        "natural": "water",
        "salt": "no",
        "tidal": "no",
        "water": "lake",
        "wikidata": "Q22949171",
        "wikimedia_commons": "Category:Mallertshofer See",
        "wikipedia": "de:Mallertshofer See",
        "@geometry": "center"
      },
      "geometry": {
        "type": "Point",
        "coordinates": [
          11.6008847,
          48.2645296
        ]
      },
      "id": "way/4469707"
    },
    {
      "type": "Feature",
      "properties": {
        "@id": "way/4499659",
        "alt_name": "Badesee im Riemer Park",
        "loc_name": "BuGa-See",
        "name": "Riemer See",
        "natural": "water",
        "sport": "swimming",
        "water": "lake",
        "wikidata": "Q1461922",
        "wikipedia": "de:Riemer See",
        "@geometry": "center"
      },
      "geometry": {
        "type": "Point",
        "coordinates": [
          11.705573,
          48.1267992
        ]
      },
      "id": "way/4499659"
    },
    {
      "type": "Feature",
      "properties": {
        "@id": "relation/4590222",
        "ele": "889",
        "name": "Kögelweiher",
        "natural": "water",
        "type": "multipolygon",
        "water": "lake",
        "wikidata": "Q32595226",
        "@geometry": "center"
      },
      "geometry": {
        "type": "Point",
        "coordinates": [
          10.5498913,
          47.6229886
        ]
      },
      "id": "relation/4590222"
    },
    {
      "type": "Feature",
      "properties": {
        "@id": "way/4701083",
        "alt_name": "Regattaparksee",
        "name": "Regattasee",
        "natural": "water",
        "sport": "swimming",
        "water": "lake",
        "wikidata": "Q1672106",
        "wikimedia_commons": "Category:Regattaparksee",
        "wikipedia": "de:Regattaparksee",
        "@geometry": "center"
      },
      "geometry": {
        "type": "Point",
        "coordinates": [
          11.5217632,
          48.2421171
        ]
      },
      "id": "way/4701083"
    },
    {
      "type": "Feature",
      "properties": {
        "@id": "way/4701120",
        "TMC:cid_58:tabcd_1:Class": "Area",
        "TMC:cid_58:tabcd_1:LCLversion": "8.00",
        "TMC:cid_58:tabcd_1:LocationCode": "31839",
        "name": "Unterschleißheimer See",
        "natural": "water",
        "salt": "no",
        "water": "lake",
        "wikidata": "Q1666360",
        "wikimedia_commons": "Category:Unterschleißheimer See",
        "@geometry": "center"
      },
      "geometry": {
        "type": "Point",
        "coordinates": [
          11.5555632,
          48.2872351
        ]
      },
      "id": "way/4701120"
    },
    {
      "type": "Feature",
      "properties": {
        "@id": "way/4763033",
        "dog": "no",
        "intermittent": "no",
        "name": "Lußsee",
        "natural": "water",
        "source": "landsat",
        "sport": "swimming",
        "url": "https://stadt.muenchen.de/service/info/lusssee/10313888/",
        "water": "lake",
        "wikipedia": "de:Langwieder Seenplatte",
        "@geometry": "center"
      },
      "geometry": {
        "type": "Point",
        "coordinates": [
          11.4186839,
          48.1979805
        ]
      },
      "id": "way/4763033"
    },
    {
      "type": "Feature",
      "properties": {
        "@id": "way/4767539",
        "intermittent": "no",
        "name": "Olchinger See",
        "natural": "water",
        "sport": "swimming",
        "water": "lake",
        "wikidata": "Q1490809",
        "wikipedia": "de:Olchinger See",
        "@geometry": "center"
      },
      "geometry": {
        "type": "Point",
        "coordinates": [
          11.3572556,
          48.2090941
        ]
      },
      "id": "way/4767539"
    },
    {
      "type": "Feature",
      "properties": {
        "@id": "way/4767544",
        "intermittent": "no",
        "loc_name": "Gröbenzeller See",
        "name": "Kleiner Olchinger See",
        "natural": "water",
        "salt": "no",
        "water": "lake",
        "wikipedia": "de:Olchinger See#Kleiner Olchinger See",
        "@geometry": "center"
      },
      "geometry": {
        "type": "Point",
        "coordinates": [
          11.355568,
          48.2024686
        ]
      },
      "id": "way/4767544"
    },
    {
      "type": "Feature",
      "properties": {
        "@id": "relation/4778259",
        "natural": "water",
        "type": "multipolygon",
        "water": "lake",
        "@geometry": "center"
      },
      "geometry": {
        "type": "Point",
        "coordinates": [
          13.3722181,
          48.7244893
        ]
      },
      "id": "relation/4778259"
    },
    {
      "type": "Feature",
      "properties": {
        "@id": "way/4797480",
        "boundary": "protected_area",
        "name": "Kleiner Böhmerweiher",
        "natural": "water",
        "water": "lake",
        "wikidata": "Q1019717",
        "wikipedia": "de:Böhmerweiher",
        "@geometry": "center"
      },
      "geometry": {
        "type": "Point",
        "coordinates": [
          11.3794403,
          48.1741688
        ]
      },
      "id": "way/4797480"
    },
    {
      "type": "Feature",
      "properties": {
        "@id": "way/4813245",
        "alt_name": "Lindensee (Südteil)",
        "name": "Schlosssee",
        "natural": "water",
        "source": "Wikipedia: Kahler Seenplatte",
        "water": "lake",
        "wikidata": "Q19308772",
        "wikimedia_commons": "Category:Schloßsee (Kahl am Main)",
        "wikipedia": "de:Schloßsee (Kahl am Main)",
        "@geometry": "center"
      },
      "geometry": {
        "type": "Point",
        "coordinates": [
          9.010684,
          50.0916716
        ]
      },
      "id": "way/4813245"
    },
    {
      "type": "Feature",
      "properties": {
        "@id": "way/4917542",
        "natural": "water",
        "source": "landsat",
        "water": "lake",
        "@geometry": "center"
      },
      "geometry": {
        "type": "Point",
        "coordinates": [
          9.0364472,
          50.0063652
        ]
      },
      "id": "way/4917542"
    },
    {
      "type": "Feature",
      "properties": {
        "@id": "way/4917546",
        "natural": "water",
        "source": "landsat",
        "water": "lake",
        "@geometry": "center"
      },
      "geometry": {
        "type": "Point",
        "coordinates": [
          9.0411867,
          50.0041638
        ]
      },
      "id": "way/4917546"
    },
    {
      "type": "Feature",
      "properties": {
        "@id": "way/4917547",
        "name": "Angelsee ASV Bad Vilbel",
        "natural": "water",
        "source": "landsat",
        "water": "lake",
        "@geometry": "center"
      },
      "geometry": {
        "type": "Point",
        "coordinates": [
          9.0402555,
          50.0036839
        ]
      },
      "id": "way/4917547"
    },
    {
      "type": "Feature",
      "properties": {
        "@id": "way/4917548",
        "natural": "water",
        "source": "landsat",
        "water": "lake",
        "@geometry": "center"
      },
      "geometry": {
        "type": "Point",
        "coordinates": [
          9.0428264,
          50.0031611
        ]
      },
      "id": "way/4917548"
    },
    {
      "type": "Feature",
      "properties": {
        "@id": "way/4917549",
        "natural": "water",
        "source": "landsat",
        "water": "lake",
        "@geometry": "center"
      },
      "geometry": {
        "type": "Point",
        "coordinates": [
          9.0385425,
          50.002303
        ]
      },
      "id": "way/4917549"
    },
    {
      "type": "Feature",
      "properties": {
        "@id": "way/4917550",
        "name": "Stockstädter Baggersee",
        "natural": "water",
        "source": "landsat",
        "water": "lake",
        "wikidata": "Q18631248",
        "@geometry": "center"
      },
      "geometry": {
        "type": "Point",
        "coordinates": [
          9.0417073,
          50.0002264
        ]
      },
      "id": "way/4917550"
    },
    {
      "type": "Feature",
      "properties": {
        "@id": "way/5025340",
        "name": "Badesee Tapfheim (See 1)",
        "natural": "water",
        "water": "lake",
        "@geometry": "center"
      },
      "geometry": {
        "type": "Point",
        "coordinates": [
          10.6994089,
          48.6712853
        ]
      },
      "id": "way/5025340"
    },
    {
      "type": "Feature",
      "properties": {
        "@id": "way/5045297",
        "name": "Gurrensee",
        "natural": "water",
        "scuba_diving:divespot": "yes",
        "sport": "scuba_diving",
        "url": "https://tauchclub-sendende.pro-ssl.de/?page_id=594",
        "water": "lake",
        "@geometry": "center"
      },
      "geometry": {
        "type": "Point",
        "coordinates": [
          10.0201507,
          48.3494337
        ]
      },
      "id": "way/5045297"
    },
    {
      "type": "Feature",
      "properties": {
        "@id": "way/5076518",
        "name": "Westbad-Weiher",
        "natural": "water",
        "swimming": "no",
        "water": "lake",
        "wikidata": "Q55838910",
        "wikipedia": "de:Baggersee (Regensburg)",
        "@geometry": "center"
      },
      "geometry": {
        "type": "Point",
        "coordinates": [
          12.0513325,
          49.0257965
        ]
      },
      "id": "way/5076518"
    },
    {
      "type": "Feature",
      "properties": {
        "@id": "way/5230082",
        "natural": "water",
        "source": "Landsat",
        "water": "lake",
        "@geometry": "center"
      },
      "geometry": {
        "type": "Point",
        "coordinates": [
          10.5564979,
          48.5974099
        ]
      },
      "id": "way/5230082"
    },
    {
      "type": "Feature",
      "properties": {
        "@id": "way/5230083",
        "natural": "water",
        "source": "Landsat",
        "water": "lake",
        "@geometry": "center"
      },
      "geometry": {
        "type": "Point",
        "coordinates": [
          10.5584456,
          48.5980945
        ]
      },
      "id": "way/5230083"
    },
    {
      "type": "Feature",
      "properties": {
        "@id": "way/5230084",
        "natural": "water",
        "source": "Landsat",
        "water": "lake",
        "@geometry": "center"
      },
      "geometry": {
        "type": "Point",
        "coordinates": [
          10.5574228,
          48.5986036
        ]
      },
      "id": "way/5230084"
    },
    {
      "type": "Feature",
      "properties": {
        "@id": "way/5230085",
        "natural": "water",
        "source": "Landsat",
        "water": "lake",
        "@geometry": "center"
      },
      "geometry": {
        "type": "Point",
        "coordinates": [
          10.5555936,
          48.5993352
        ]
      },
      "id": "way/5230085"
    },
    {
      "type": "Feature",
      "properties": {
        "@id": "way/5230086",
        "natural": "water",
        "source": "Landsat",
        "water": "lake",
        "@geometry": "center"
      },
      "geometry": {
        "type": "Point",
        "coordinates": [
          10.5551073,
          48.5986995
        ]
      },
      "id": "way/5230086"
    },
    {
      "type": "Feature",
      "properties": {
        "@id": "way/5230087",
        "natural": "water",
        "source": "Landsat",
        "water": "lake",
        "@geometry": "center"
      },
      "geometry": {
        "type": "Point",
        "coordinates": [
          10.553515,
          48.5990602
        ]
      },
      "id": "way/5230087"
    },
    {
      "type": "Feature",
      "properties": {
        "@id": "way/5230088",
        "natural": "water",
        "source": "Landsat",
        "water": "lake",
        "@geometry": "center"
      },
      "geometry": {
        "type": "Point",
        "coordinates": [
          10.5548788,
          48.597807
        ]
      },
      "id": "way/5230088"
    },
    {
      "type": "Feature",
      "properties": {
        "@id": "way/5230089",
        "description2": "Fischereigewässer",
        "name": "Baggersee Schanzwörth",
        "natural": "water",
        "operator": "Fischerverein 62 e.V. Pleidelsheim",
        "source": "Landsat",
        "water": "lake",
        "@geometry": "center"
      },
      "geometry": {
        "type": "Point",
        "coordinates": [
          10.5526112,
          48.5963026
        ]
      },
      "id": "way/5230089"
    },
    {
      "type": "Feature",
      "properties": {
        "@id": "way/5230090",
        "natural": "water",
        "water": "lake",
        "@geometry": "center"
      },
      "geometry": {
        "type": "Point",
        "coordinates": [
          10.5532615,
          48.5975476
        ]
      },
      "id": "way/5230090"
    },
    {
      "type": "Feature",
      "properties": {
        "@id": "way/5230108",
        "intermittent": "no",
        "natural": "water",
        "source": "Landsat",
        "water": "lake",
        "@geometry": "center"
      },
      "geometry": {
        "type": "Point",
        "coordinates": [
          10.5975341,
          48.6204059
        ]
      },
      "id": "way/5230108"
    },
    {
      "type": "Feature",
      "properties": {
        "@id": "way/5230109",
        "intermittent": "no",
        "name": "Jordansee",
        "natural": "water",
        "salt": "no",
        "source": "Landsat",
        "tidal": "no",
        "water": "lake",
        "@geometry": "center"
      },
      "geometry": {
        "type": "Point",
        "coordinates": [
          10.5993518,
          48.6193502
        ]
      },
      "id": "way/5230109"
    },
    {
      "type": "Feature",
      "properties": {
        "@id": "way/5230112",
        "intermittent": "no",
        "natural": "water",
        "source": "Landsat",
        "water": "lake",
        "@geometry": "center"
      },
      "geometry": {
        "type": "Point",
        "coordinates": [
          10.6047144,
          48.6237654
        ]
      },
      "id": "way/5230112"
    },
    {
      "type": "Feature",
      "properties": {
        "@id": "way/5230113",
        "intermittent": "no",
        "name": "Sonderheimer See",
        "natural": "water",
        "salt": "no",
        "source": "Landsat",
        "tidal": "no",
        "water": "lake",
        "@geometry": "center"
      },
      "geometry": {
        "type": "Point",
        "coordinates": [
          10.6039226,
          48.622828
        ]
      },
      "id": "way/5230113"
    },
    {
      "type": "Feature",
      "properties": {
        "@id": "way/5230116",
        "intermittent": "no",
        "name": "Apfelwörth See",
        "natural": "water",
        "salt": "no",
        "source": "Landsat",
        "tidal": "no",
        "water": "lake",
        "@geometry": "center"
      },
      "geometry": {
        "type": "Point",
        "coordinates": [
          10.6351168,
          48.6270452
        ]
      },
      "id": "way/5230116"
    },
    {
      "type": "Feature",
      "properties": {
        "@id": "way/5230120",
        "name": "Bruckmahdseen",
        "natural": "water",
        "salt": "no",
        "source": "bing",
        "tidal": "no",
        "water": "lake",
        "@geometry": "center"
      },
      "geometry": {
        "type": "Point",
        "coordinates": [
          10.6277645,
          48.6189352
        ]
      },
      "id": "way/5230120"
    },
    {
      "type": "Feature",
      "properties": {
        "@id": "way/5230125",
        "intermittent": "no",
        "name": "Hofmahdschwaigsee",
        "natural": "water",
        "salt": "no",
        "source": "Landsat",
        "tidal": "no",
        "water": "lake",
        "@geometry": "center"
      },
      "geometry": {
        "type": "Point",
        "coordinates": [
          10.5772924,
          48.5961783
        ]
      },
      "id": "way/5230125"
    },
    {
      "type": "Feature",
      "properties": {
        "@id": "way/5230126",
        "intermittent": "no",
        "name": "Halbermondweiher",
        "natural": "water",
        "salt": "no",
        "source": "Landsat",
        "tidal": "no",
        "water": "lake",
        "@geometry": "center"
      },
      "geometry": {
        "type": "Point",
        "coordinates": [
          10.5820367,
          48.5993648
        ]
      },
      "id": "way/5230126"
    },
    {
      "type": "Feature",
      "properties": {
        "@id": "way/5230127",
        "intermittent": "no",
        "natural": "water",
        "salt": "no",
        "source": "Landsat",
        "tidal": "no",
        "water": "lake",
        "@geometry": "center"
      },
      "geometry": {
        "type": "Point",
        "coordinates": [
          10.5837858,
          48.6007931
        ]
      },
      "id": "way/5230127"
    },
    {
      "type": "Feature",
      "properties": {
        "@id": "way/5230128",
        "intermittent": "no",
        "natural": "water",
        "salt": "no",
        "source": "Landsat",
        "tidal": "no",
        "water": "lake",
        "@geometry": "center"
      },
      "geometry": {
        "type": "Point",
        "coordinates": [
          10.5854358,
          48.6000147
        ]
      },
      "id": "way/5230128"
    },
    {
      "type": "Feature",
      "properties": {
        "@id": "way/5230129",
        "intermittent": "no",
        "natural": "water",
        "salt": "no",
        "source": "Landsat",
        "tidal": "no",
        "water": "lake",
        "@geometry": "center"
      },
      "geometry": {
        "type": "Point",
        "coordinates": [
          10.586531,
          48.5999108
        ]
      },
      "id": "way/5230129"
    },
    {
      "type": "Feature",
      "properties": {
        "@id": "way/5230130",
        "intermittent": "no",
        "natural": "water",
        "salt": "no",
        "source": "Landsat",
        "tidal": "no",
        "water": "lake",
        "@geometry": "center"
      },
      "geometry": {
        "type": "Point",
        "coordinates": [
          10.5866704,
          48.6016296
        ]
      },
      "id": "way/5230130"
    },
    {
      "type": "Feature",
      "properties": {
        "@id": "relation/5317883",
        "alt_name": "Thansauer Badesee",
        "intermittent": "no",
        "name": "Richter See",
        "natural": "water",
        "salt": "no",
        "sport": "swimming",
        "tidal": "no",
        "type": "multipolygon",
        "water": "lake",
        "website": "https://www.rohrdorf.de/freizeit-sport/badesee-thansau/",
        "@geometry": "center"
      },
      "geometry": {
        "type": "Point",
        "coordinates": [
          12.1480941,
          47.8251271
        ]
      },
      "id": "relation/5317883"
    },
    {
      "type": "Feature",
      "properties": {
        "@id": "relation/5360760",
        "name": "Große Jedesheimer Kiesgrube",
        "natural": "water",
        "type": "multipolygon",
        "water": "lake",
        "@geometry": "center"
      },
      "geometry": {
        "type": "Point",
        "coordinates": [
          10.0924389,
          48.1923914
        ]
      },
      "id": "relation/5360760"
    },
    {
      "type": "Feature",
      "properties": {
        "@id": "relation/5517929",
        "name": "Anhauser Weiher",
        "natural": "water",
        "type": "multipolygon",
        "water": "lake",
        "@geometry": "center"
      },
      "geometry": {
        "type": "Point",
        "coordinates": [
          10.8129831,
          48.3347287
        ]
      },
      "id": "relation/5517929"
    },
    {
      "type": "Feature",
      "properties": {
        "@id": "relation/5645802",
        "name": "Kuhsee",
        "natural": "water",
        "type": "multipolygon",
        "water": "lake",
        "wikidata": "Q1791284",
        "wikipedia": "de:Kuhsee (Augsburg)",
        "@geometry": "center"
      },
      "geometry": {
        "type": "Point",
        "coordinates": [
          10.9399735,
          48.3386679
        ]
      },
      "id": "relation/5645802"
    },
    {
      "type": "Feature",
      "properties": {
        "@id": "relation/5820097",
        "fishing": "licence",
        "intermittent": "no",
        "name": "Weitmannsee",
        "natural": "water",
        "salt": "no",
        "tidal": "no",
        "type": "multipolygon",
        "water": "lake",
        "website": "https://www.fischergilde-kissing.de/unsere-gewaesser/",
        "wikidata": "Q2556688",
        "wikipedia": "de:Weitmannsee",
        "@geometry": "center"
      },
      "geometry": {
        "type": "Point",
        "coordinates": [
          10.9488819,
          48.2873103
        ]
      },
      "id": "relation/5820097"
    },
    {
      "type": "Feature",
      "properties": {
        "@id": "relation/6059404",
        "natural": "water",
        "type": "multipolygon",
        "water": "lake",
        "@geometry": "center"
      },
      "geometry": {
        "type": "Point",
        "coordinates": [
          12.0880885,
          49.0091752
        ]
      },
      "id": "relation/6059404"
    },
    {
      "type": "Feature",
      "properties": {
        "@id": "relation/6136931",
        "boat": "no",
        "name": "Weitsee",
        "natural": "water",
        "type": "multipolygon",
        "water": "lake",
        "wikidata": "Q2556699",
        "wikimedia_commons": "Category:Weitsee",
        "wikipedia": "de:Weitsee",
        "@geometry": "center"
      },
      "geometry": {
        "type": "Point",
        "coordinates": [
          12.5594421,
          47.6825963
        ]
      },
      "id": "relation/6136931"
    },
    {
      "type": "Feature",
      "properties": {
        "@id": "relation/6143087",
        "natural": "water",
        "type": "multipolygon",
        "water": "lake",
        "@geometry": "center"
      },
      "geometry": {
        "type": "Point",
        "coordinates": [
          9.0477696,
          49.8999909
        ]
      },
      "id": "relation/6143087"
    },
    {
      "type": "Feature",
      "properties": {
        "@id": "relation/6147149",
        "name": "Anglersee Dettingen",
        "natural": "water",
        "type": "multipolygon",
        "water": "lake",
        "@geometry": "center"
      },
      "geometry": {
        "type": "Point",
        "coordinates": [
          9.0415484,
          50.0323402
        ]
      },
      "id": "relation/6147149"
    },
    {
      "type": "Feature",
      "properties": {
        "@id": "relation/6147162",
        "access": "restricted",
        "name": "Neufeldsee",
        "natural": "water",
        "type": "multipolygon",
        "water": "lake",
        "wikidata": "Q18629417",
        "@geometry": "center"
      },
      "geometry": {
        "type": "Point",
        "coordinates": [
          9.0272223,
          50.0720873
        ]
      },
      "id": "relation/6147162"
    },
    {
      "type": "Feature",
      "properties": {
        "@id": "relation/6182060",
        "fishing": "private",
        "name": "Reifsee",
        "natural": "water",
        "type": "multipolygon",
        "water": "lake",
        "@geometry": "center"
      },
      "geometry": {
        "type": "Point",
        "coordinates": [
          11.5596788,
          48.7569101
        ]
      },
      "id": "relation/6182060"
    },
    {
      "type": "Feature",
      "properties": {
        "@id": "way/6232574",
        "description": "kleiner Kellmünzer Baggersee",
        "natural": "water",
        "water": "lake",
        "@geometry": "center"
      },
      "geometry": {
        "type": "Point",
        "coordinates": [
          10.1202433,
          48.1276518
        ]
      },
      "id": "way/6232574"
    },
    {
      "type": "Feature",
      "properties": {
        "@id": "way/6233239",
        "name": "Kellmünzer Baggersee",
        "natural": "water",
        "water": "lake",
        "@geometry": "center"
      },
      "geometry": {
        "type": "Point",
        "coordinates": [
          10.1151778,
          48.1292545
        ]
      },
      "id": "way/6233239"
    },
    {
      "type": "Feature",
      "properties": {
        "@id": "way/6233241",
        "name": "Unterer Filzinger See",
        "natural": "water",
        "water": "lake",
        "@geometry": "center"
      },
      "geometry": {
        "type": "Point",
        "coordinates": [
          10.1137352,
          48.1338005
        ]
      },
      "id": "way/6233241"
    },
    {
      "type": "Feature",
      "properties": {
        "@id": "way/6233242",
        "name": "Oberer Filzinger See",
        "natural": "water",
        "water": "lake",
        "@geometry": "center"
      },
      "geometry": {
        "type": "Point",
        "coordinates": [
          10.1132286,
          48.1371146
        ]
      },
      "id": "way/6233242"
    },
    {
      "type": "Feature",
      "properties": {
        "@id": "way/6234493",
        "name": "kleine Jedesheimer Kiesgrube",
        "natural": "water",
        "water": "lake",
        "@geometry": "center"
      },
      "geometry": {
        "type": "Point",
        "coordinates": [
          10.0968842,
          48.1917594
        ]
      },
      "id": "way/6234493"
    },
    {
      "type": "Feature",
      "properties": {
        "@id": "way/6234495",
        "name": "Herrenstetter Baggersee",
        "natural": "water",
        "water": "lake",
        "@geometry": "center"
      },
      "geometry": {
        "type": "Point",
        "coordinates": [
          10.0950239,
          48.1862779
        ]
      },
      "id": "way/6234495"
    },
    {
      "type": "Feature",
      "properties": {
        "@id": "way/6234496",
        "name": "Privatsee Herrenstetten",
        "natural": "water",
        "water": "lake",
        "@geometry": "center"
      },
      "geometry": {
        "type": "Point",
        "coordinates": [
          10.1070376,
          48.1914073
        ]
      },
      "id": "way/6234496"
    },
    {
      "type": "Feature",
      "properties": {
        "@id": "way/6234503",
        "name": "Auer Badesee",
        "natural": "water",
        "note": "Badesee",
        "water": "lake",
        "wikidata": "Q31886952",
        "@geometry": "center"
      },
      "geometry": {
        "type": "Point",
        "coordinates": [
          10.0820663,
          48.2466704
        ]
      },
      "id": "way/6234503"
    },
    {
      "type": "Feature",
      "properties": {
        "@id": "way/6234504",
        "name": "Kleiner Auer-See",
        "natural": "water",
        "water": "lake",
        "@geometry": "center"
      },
      "geometry": {
        "type": "Point",
        "coordinates": [
          10.0834434,
          48.2454591
        ]
      },
      "id": "way/6234504"
    },
    {
      "type": "Feature",
      "properties": {
        "@id": "way/6234508",
        "name": "Großer Baggersee",
        "natural": "water",
        "water": "lake",
        "@geometry": "center"
      },
      "geometry": {
        "type": "Point",
        "coordinates": [
          10.0496344,
          48.315433
        ]
      },
      "id": "way/6234508"
    },
    {
      "type": "Feature",
      "properties": {
        "@id": "way/6234510",
        "name": "Kleiner Baggersee",
        "natural": "water",
        "water": "lake",
        "@geometry": "center"
      },
      "geometry": {
        "type": "Point",
        "coordinates": [
          10.0439771,
          48.3170692
        ]
      },
      "id": "way/6234510"
    },
    {
      "type": "Feature",
      "properties": {
        "@id": "way/6234742",
        "name": "nördlicher Ausee",
        "natural": "water",
        "water": "lake",
        "@geometry": "center"
      },
      "geometry": {
        "type": "Point",
        "coordinates": [
          10.0168726,
          48.3337221
        ]
      },
      "id": "way/6234742"
    },
    {
      "type": "Feature",
      "properties": {
        "@id": "relation/6449063",
        "name": "Riedelsee",
        "natural": "water",
        "type": "multipolygon",
        "water": "lake",
        "@geometry": "center"
      },
      "geometry": {
        "type": "Point",
        "coordinates": [
          10.1276094,
          48.4458269
        ]
      },
      "id": "relation/6449063"
    },
    {
      "type": "Feature",
      "properties": {
        "@id": "relation/6449064",
        "name": "Schützensee",
        "natural": "water",
        "type": "multipolygon",
        "water": "lake",
        "@geometry": "center"
      },
      "geometry": {
        "type": "Point",
        "coordinates": [
          10.1312359,
          48.4465364
        ]
      },
      "id": "relation/6449064"
    },
    {
      "type": "Feature",
      "properties": {
        "@id": "relation/6486239",
        "natural": "water",
        "type": "multipolygon",
        "water": "lake",
        "@geometry": "center"
      },
      "geometry": {
        "type": "Point",
        "coordinates": [
          12.5282505,
          49.5102575
        ]
      },
      "id": "relation/6486239"
    },
    {
      "type": "Feature",
      "properties": {
        "@id": "way/6571039",
        "name": "Attlesee",
        "natural": "water",
        "water": "lake",
        "@geometry": "center"
      },
      "geometry": {
        "type": "Point",
        "coordinates": [
          10.5400949,
          47.6311158
        ]
      },
      "id": "way/6571039"
    },
    {
      "type": "Feature",
      "properties": {
        "@id": "relation/6628061",
        "name": "Satzdorfer See",
        "natural": "water",
        "type": "multipolygon",
        "water": "lake",
        "@geometry": "center"
      },
      "geometry": {
        "type": "Point",
        "coordinates": [
          12.7017341,
          49.2181821
        ]
      },
      "id": "relation/6628061"
    },
    {
      "type": "Feature",
      "properties": {
        "@id": "relation/6628062",
        "natural": "water",
        "type": "multipolygon",
        "water": "lake",
        "@geometry": "center"
      },
      "geometry": {
        "type": "Point",
        "coordinates": [
          12.7059399,
          49.2207859
        ]
      },
      "id": "relation/6628062"
    },
    {
      "type": "Feature",
      "properties": {
        "@id": "relation/6743491",
        "name": "Mollsee",
        "natural": "water",
        "note": "Modellbotfahren erlaubt, nur Batteriebetrieben; keine Renn-/Schhnellbote und keine akustischn Signale",
        "type": "multipolygon",
        "water": "lake",
        "@geometry": "center"
      },
      "geometry": {
        "type": "Point",
        "coordinates": [
          11.5331729,
          48.1261324
        ]
      },
      "id": "relation/6743491"
    },
    {
      "type": "Feature",
      "properties": {
        "@id": "relation/7095335",
        "image": "https://commons.wikimedia.org/wiki/Category:Dietlhofer_See?uselang=de",
        "name": "Dietlhofer See",
        "natural": "water",
        "sport": "swimming",
        "type": "multipolygon",
        "water": "lake",
        "wikidata": "Q1223290",
        "wikipedia": "de:Dietlhofer See",
        "@geometry": "center"
      },
      "geometry": {
        "type": "Point",
        "coordinates": [
          11.1602071,
          47.8549685
        ]
      },
      "id": "relation/7095335"
    },
    {
      "type": "Feature",
      "properties": {
        "@id": "relation/7260863",
        "natural": "water",
        "type": "multipolygon",
        "water": "lake",
        "@geometry": "center"
      },
      "geometry": {
        "type": "Point",
        "coordinates": [
          10.8654356,
          48.7193566
        ]
      },
      "id": "relation/7260863"
    },
    {
      "type": "Feature",
      "properties": {
        "@id": "relation/7290350",
        "ele": "545",
        "fishing": "private",
        "intermittent": "no",
        "name": "Klostersee",
        "natural": "water",
        "salt": "no",
        "sport": "swimming",
        "tidal": "no",
        "type": "multipolygon",
        "water": "lake",
        "@geometry": "center"
      },
      "geometry": {
        "type": "Point",
        "coordinates": [
          11.9655376,
          48.0831372
        ]
      },
      "id": "relation/7290350"
    },
    {
      "type": "Feature",
      "properties": {
        "@id": "relation/7297967",
        "natural": "water",
        "type": "multipolygon",
        "water": "lake",
        "@geometry": "center"
      },
      "geometry": {
        "type": "Point",
        "coordinates": [
          10.3360037,
          48.5183808
        ]
      },
      "id": "relation/7297967"
    },
    {
      "type": "Feature",
      "properties": {
        "@id": "relation/7420317",
        "natural": "water",
        "type": "multipolygon",
        "water": "lake",
        "@geometry": "center"
      },
      "geometry": {
        "type": "Point",
        "coordinates": [
          12.1754454,
          48.1534814
        ]
      },
      "id": "relation/7420317"
    },
    {
      "type": "Feature",
      "properties": {
        "@id": "relation/7594301",
        "name": "Forstinninger Sempt",
        "natural": "water",
        "type": "multipolygon",
        "water": "lake",
        "@geometry": "center"
      },
      "geometry": {
        "type": "Point",
        "coordinates": [
          11.8964498,
          48.1760278
        ]
      },
      "id": "relation/7594301"
    },
    {
      "type": "Feature",
      "properties": {
        "@id": "relation/7639195",
        "name": "Lautersee",
        "natural": "water",
        "type": "multipolygon",
        "water": "lake",
        "@geometry": "center"
      },
      "geometry": {
        "type": "Point",
        "coordinates": [
          10.902508,
          48.2858037
        ]
      },
      "id": "relation/7639195"
    },
    {
      "type": "Feature",
      "properties": {
        "@id": "relation/7709511",
        "ele": "787",
        "name": "Weißensee",
        "natural": "water",
        "type": "multipolygon",
        "water": "lake",
        "wikidata": "Q260849",
        "wikipedia": "de:Weißensee (See in Bayern)",
        "@geometry": "center"
      },
      "geometry": {
        "type": "Point",
        "coordinates": [
          10.6392438,
          47.5720189
        ]
      },
      "id": "relation/7709511"
    },
    {
      "type": "Feature",
      "properties": {
        "@id": "way/7744371",
        "name": "Dangl 1",
        "natural": "water",
        "source:name": "Beschilderung vor Ort",
        "sport": "swimming",
        "water": "lake",
        "@geometry": "center"
      },
      "geometry": {
        "type": "Point",
        "coordinates": [
          12.1351924,
          47.9183444
        ]
      },
      "id": "way/7744371"
    },
    {
      "type": "Feature",
      "properties": {
        "@id": "way/7991217",
        "name": "Echinger See",
        "natural": "water",
        "sport": "swimming",
        "water": "lake",
        "@geometry": "center"
      },
      "geometry": {
        "type": "Point",
        "coordinates": [
          11.6322874,
          48.2882305
        ]
      },
      "id": "way/7991217"
    },
    {
      "type": "Feature",
      "properties": {
        "@id": "way/8014663",
        "ele": "588",
        "name": "Stechsee",
        "natural": "water",
        "water": "lake",
        "@geometry": "center"
      },
      "geometry": {
        "type": "Point",
        "coordinates": [
          11.2985526,
          47.8059893
        ]
      },
      "id": "way/8014663"
    },
    {
      "type": "Feature",
      "properties": {
        "@id": "way/8017284",
        "alt_name": "Öschlesee",
        "intermittent": "no",
        "name": "Sulzberger See",
        "natural": "water",
        "water": "lake",
        "wikidata": "Q17561156",
        "@geometry": "center"
      },
      "geometry": {
        "type": "Point",
        "coordinates": [
          10.3375392,
          47.6798759
        ]
      },
      "id": "way/8017284"
    },
    {
      "type": "Feature",
      "properties": {
        "@id": "way/8060369",
        "name": "Brückelsee",
        "natural": "water",
        "scuba_diving:maxdepth": "60",
        "sport:scuba_diving": "yes",
        "water": "lake",
        "wikidata": "Q996236",
        "@geometry": "center"
      },
      "geometry": {
        "type": "Point",
        "coordinates": [
          12.2227968,
          49.3396164
        ]
      },
      "id": "way/8060369"
    },
    {
      "type": "Feature",
      "properties": {
        "@id": "way/8060374",
        "natural": "water",
        "source": "DOP_LVA_BY_01",
        "water": "lake",
        "@geometry": "center"
      },
      "geometry": {
        "type": "Point",
        "coordinates": [
          12.2601667,
          49.3221207
        ]
      },
      "id": "way/8060374"
    },
    {
      "type": "Feature",
      "properties": {
        "@id": "way/8060375",
        "name": "Murner See",
        "natural": "water",
        "scuba_diving:maxdepth": "50",
        "source": "DOP_LVA_BY_01, local knowledge",
        "sport:scuba_diving": "yes",
        "water": "lake",
        "wikidata": "Q1953776",
        "wikipedia": "de:Murner See",
        "@geometry": "center"
      },
      "geometry": {
        "type": "Point",
        "coordinates": [
          12.20563,
          49.3479196
        ]
      },
      "id": "way/8060375"
    },
    {
      "type": "Feature",
      "properties": {
        "@id": "way/8064472",
        "name": "Haugsee",
        "natural": "water",
        "water": "lake",
        "@geometry": "center"
      },
      "geometry": {
        "type": "Point",
        "coordinates": [
          10.0730211,
          48.4239107
        ]
      },
      "id": "way/8064472"
    },
    {
      "type": "Feature",
      "properties": {
        "@id": "way/8064474",
        "natural": "water",
        "water": "lake",
        "@geometry": "center"
      },
      "geometry": {
        "type": "Point",
        "coordinates": [
          10.076034,
          48.4257984
        ]
      },
      "id": "way/8064474"
    },
    {
      "type": "Feature",
      "properties": {
        "@id": "way/8064475",
        "natural": "water",
        "water": "lake",
        "@geometry": "center"
      },
      "geometry": {
        "type": "Point",
        "coordinates": [
          10.0905156,
          48.4280833
        ]
      },
      "id": "way/8064475"
    },
    {
      "type": "Feature",
      "properties": {
        "@id": "way/8064476",
        "natural": "water",
        "water": "lake",
        "@geometry": "center"
      },
      "geometry": {
        "type": "Point",
        "coordinates": [
          10.0850952,
          48.4271622
        ]
      },
      "id": "way/8064476"
    },
    {
      "type": "Feature",
      "properties": {
        "@id": "way/8064478",
        "name": "Südlicher Griessee",
        "natural": "water",
        "water": "lake",
        "@geometry": "center"
      },
      "geometry": {
        "type": "Point",
        "coordinates": [
          10.0651957,
          48.4265566
        ]
      },
      "id": "way/8064478"
    },
    {
      "type": "Feature",
      "properties": {
        "@id": "way/8064479",
        "check_date": "2024-05-11",
        "name": "Waldsee",
        "natural": "water",
        "water": "lake",
        "@geometry": "center"
      },
      "geometry": {
        "type": "Point",
        "coordinates": [
          10.0970249,
          48.4331189
        ]
      },
      "id": "way/8064479"
    },
    {
      "type": "Feature",
      "properties": {
        "@id": "way/8064480",
        "natural": "water",
        "water": "lake",
        "@geometry": "center"
      },
      "geometry": {
        "type": "Point",
        "coordinates": [
          10.077847,
          48.4259664
        ]
      },
      "id": "way/8064480"
    },
    {
      "type": "Feature",
      "properties": {
        "@id": "way/8064482",
        "natural": "water",
        "water": "lake",
        "@geometry": "center"
      },
      "geometry": {
        "type": "Point",
        "coordinates": [
          10.0821579,
          48.4287975
        ]
      },
      "id": "way/8064482"
    },
    {
      "type": "Feature",
      "properties": {
        "@id": "way/8064484",
        "fixme": "Küstenverlauf geschätzt",
        "name": "Forellenweiher",
        "natural": "water",
        "water": "lake",
        "@geometry": "center"
      },
      "geometry": {
        "type": "Point",
        "coordinates": [
          10.0856761,
          48.433536
        ]
      },
      "id": "way/8064484"
    },
    {
      "type": "Feature",
      "properties": {
        "@id": "way/8064487",
        "natural": "water",
        "water": "lake",
        "@geometry": "center"
      },
      "geometry": {
        "type": "Point",
        "coordinates": [
          10.0715254,
          48.426238
        ]
      },
      "id": "way/8064487"
    },
    {
      "type": "Feature",
      "properties": {
        "@id": "way/8064489",
        "natural": "water",
        "water": "lake",
        "@geometry": "center"
      },
      "geometry": {
        "type": "Point",
        "coordinates": [
          10.077557,
          48.428827
        ]
      },
      "id": "way/8064489"
    },
    {
      "type": "Feature",
      "properties": {
        "@id": "way/8064490",
        "natural": "water",
        "water": "lake",
        "@geometry": "center"
      },
      "geometry": {
        "type": "Point",
        "coordinates": [
          10.0779741,
          48.4314664
        ]
      },
      "id": "way/8064490"
    },
    {
      "type": "Feature",
      "properties": {
        "@id": "way/8064492",
        "name": "Nördlicher Griessee",
        "natural": "water",
        "water": "lake",
        "@geometry": "center"
      },
      "geometry": {
        "type": "Point",
        "coordinates": [
          10.064649,
          48.4289597
        ]
      },
      "id": "way/8064492"
    },
    {
      "type": "Feature",
      "properties": {
        "@id": "way/8064493",
        "fixme": "Küstenverlauf geschätzt",
        "natural": "water",
        "water": "lake",
        "@geometry": "center"
      },
      "geometry": {
        "type": "Point",
        "coordinates": [
          10.0824924,
          48.4326763
        ]
      },
      "id": "way/8064493"
    },
    {
      "type": "Feature",
      "properties": {
        "@id": "way/8064495",
        "fixme": "Küstenverlauf geschätzt",
        "name": "Hechtweiher",
        "natural": "water",
        "water": "lake",
        "@geometry": "center"
      },
      "geometry": {
        "type": "Point",
        "coordinates": [
          10.083218,
          48.4344828
        ]
      },
      "id": "way/8064495"
    },
    {
      "type": "Feature",
      "properties": {
        "@id": "way/8064497",
        "fixme": "Küstenverlauf geschätzt",
        "natural": "water",
        "water": "lake",
        "@geometry": "center"
      },
      "geometry": {
        "type": "Point",
        "coordinates": [
          10.0809708,
          48.4321914
        ]
      },
      "id": "way/8064497"
    },
    {
      "type": "Feature",
      "properties": {
        "@id": "way/8073451",
        "name": "Emmeringer See",
        "natural": "water",
        "salt": "no",
        "sport": "swimming",
        "tidal": "no",
        "water": "lake",
        "wikidata": "Q1338661",
        "wikipedia": "de:Emmeringer See",
        "@geometry": "center"
      },
      "geometry": {
        "type": "Point",
        "coordinates": [
          11.2836704,
          48.1922886
        ]
      },
      "id": "way/8073451"
    },
    {
      "type": "Feature",
      "properties": {
        "@id": "way/8086596",
        "name": "Barmsee",
        "natural": "water",
        "water": "lake",
        "wikidata": "Q808393",
        "wikipedia": "de:Barmsee",
        "@geometry": "center"
      },
      "geometry": {
        "type": "Point",
        "coordinates": [
          11.2469862,
          47.5000498
        ]
      },
      "id": "way/8086596"
    },
    {
      "type": "Feature",
      "properties": {
        "@id": "way/8090324",
        "TMC:cid_58:tabcd_1:Class": "Area",
        "TMC:cid_58:tabcd_1:LCLversion": "8.00",
        "TMC:cid_58:tabcd_1:LocationCode": "35107",
        "name": "Waginger See",
        "natural": "water",
        "water": "lake",
        "wikidata": "Q314769",
        "wikipedia": "de:Waginger See",
        "@geometry": "center"
      },
      "geometry": {
        "type": "Point",
        "coordinates": [
          12.7724423,
          47.9367063
        ]
      },
      "id": "way/8090324"
    },
    {
      "type": "Feature",
      "properties": {
        "@id": "way/8090358",
        "TMC:cid_58:tabcd_1:Class": "Area",
        "TMC:cid_58:tabcd_1:LCLversion": "8.00",
        "TMC:cid_58:tabcd_1:LocationCode": "35108",
        "name": "Tachinger See",
        "natural": "water",
        "old_name": "Tachensee",
        "water": "lake",
        "wikidata": "Q2386792",
        "wikipedia": "de:Tachinger_See",
        "@geometry": "center"
      },
      "geometry": {
        "type": "Point",
        "coordinates": [
          12.7420933,
          47.9711004
        ]
      },
      "id": "way/8090358"
    },
    {
      "type": "Feature",
      "properties": {
        "@id": "way/8090551",
        "boat": "yes",
        "name": "Grünsee",
        "natural": "water",
        "water": "lake",
        "wikidata": "Q877891",
        "wikipedia": "de:Grünsee (Berchtesgadener Land)",
        "@geometry": "center"
      },
      "geometry": {
        "type": "Point",
        "coordinates": [
          12.9534222,
          47.501831
        ]
      },
      "id": "way/8090551"
    },
    {
      "type": "Feature",
      "properties": {
        "@id": "way/8090561",
        "ele": "1601",
        "name": "Funtensee",
        "natural": "water",
        "water": "lake",
        "wikidata": "Q314939",
        "wikipedia": "de:Funtensee",
        "@geometry": "center"
      },
      "geometry": {
        "type": "Point",
        "coordinates": [
          12.939714,
          47.4933633
        ]
      },
      "id": "way/8090561"
    },
    {
      "type": "Feature",
      "properties": {
        "@id": "way/8091692",
        "alt_name": "Gleißentalweiher",
        "name": "Deininger Weiher",
        "natural": "water",
        "old_name": "Gleißental-Weiher",
        "source": "landsat",
        "water": "lake",
        "wikidata": "Q1183305",
        "wikipedia": "de:Deininger Weiher",
        "@geometry": "center"
      },
      "geometry": {
        "type": "Point",
        "coordinates": [
          11.5232383,
          47.9653909
        ]
      },
      "id": "way/8091692"
    },
    {
      "type": "Feature",
      "properties": {
        "@id": "way/8097254",
        "altitude": "514",
        "fishing": "private",
        "intermittent": "no",
        "name": "Kotweiher",
        "natural": "water",
        "note": "„Kot-“ bedeutet in Namen meist Kote/Kothe﻿ „Hütte, Kate\" „bei der Hütte“. Alternativ beschreibt es die Beschaffenheit „schlammig/sumpfig“ „schlammiger Weiher“",
        "salt": "no",
        "tidal": "no",
        "water": "lake",
        "@geometry": "center"
      },
      "geometry": {
        "type": "Point",
        "coordinates": [
          10.7552129,
          48.2765507
        ]
      },
      "id": "way/8097254"
    },
    {
      "type": "Feature",
      "properties": {
        "@id": "way/8097256",
        "name": "Bruckmahdweiher",
        "natural": "water",
        "water": "lake",
        "@geometry": "center"
      },
      "geometry": {
        "type": "Point",
        "coordinates": [
          10.7623652,
          48.2861357
        ]
      },
      "id": "way/8097256"
    },
    {
      "type": "Feature",
      "properties": {
        "@id": "way/8097258",
        "ele": "513",
        "name": "Mühlweiher",
        "natural": "water",
        "water": "lake",
        "@geometry": "center"
      },
      "geometry": {
        "type": "Point",
        "coordinates": [
          10.7595662,
          48.282872
        ]
      },
      "id": "way/8097258"
    },
    {
      "type": "Feature",
      "properties": {
        "@id": "way/8097260",
        "name": "Burlafinger Weiher",
        "natural": "water",
        "water": "lake",
        "@geometry": "center"
      },
      "geometry": {
        "type": "Point",
        "coordinates": [
          10.7624067,
          48.3025023
        ]
      },
      "id": "way/8097260"
    },
    {
      "type": "Feature",
      "properties": {
        "@id": "way/8097261",
        "name": "Tannetweiher",
        "natural": "water",
        "water": "lake",
        "@geometry": "center"
      },
      "geometry": {
        "type": "Point",
        "coordinates": [
          10.7653665,
          48.2952145
        ]
      },
      "id": "way/8097261"
    },
    {
      "type": "Feature",
      "properties": {
        "@id": "way/8097262",
        "name": "Ödweiher",
        "natural": "water",
        "water": "lake",
        "@geometry": "center"
      },
      "geometry": {
        "type": "Point",
        "coordinates": [
          10.7657753,
          48.2907904
        ]
      },
      "id": "way/8097262"
    },
    {
      "type": "Feature",
      "properties": {
        "@id": "way/8102882",
        "boat": "no",
        "name": "Schloßsee",
        "natural": "water",
        "note:boat": "Bootverbot laut Ausschilderung Naturschutzgebiet \"Eggstätt - Hemhöfer - Seenplatte\"",
        "seamark:restricted_area:restriction": "no_entry",
        "seamark:type": "restricted_area",
        "water": "lake",
        "wikidata": "Q18289334",
        "@geometry": "center"
      },
      "geometry": {
        "type": "Point",
        "coordinates": [
          12.3458713,
          47.9166271
        ]
      },
      "id": "way/8102882"
    },
    {
      "type": "Feature",
      "properties": {
        "@id": "way/8102884",
        "boat": "no",
        "ele": "530",
        "name": "Hartsee",
        "natural": "water",
        "note:boat": "Bootverbot laut Ausschilderung Naturschutzgebiet \"Eggstätt - Hemhöfer - Seenplatte\"",
        "seamark:restricted_area:restriction": "no_entry",
        "seamark:type": "restricted_area",
        "water": "lake",
        "wikidata": "Q17123536",
        "@geometry": "center"
      },
      "geometry": {
        "type": "Point",
        "coordinates": [
          12.3666125,
          47.9280941
        ]
      },
      "id": "way/8102884"
    },
    {
      "type": "Feature",
      "properties": {
        "@id": "way/8102885",
        "boat": "no",
        "name": "Einbessee",
        "natural": "water",
        "note:boat": "Bootverbot laut Ausschilderung Naturschutzgebiet \"Eggstätt - Hemhöfer - Seenplatte\"",
        "seamark:restricted_area:restriction": "no_entry",
        "seamark:type": "restricted_area",
        "water": "lake",
        "@geometry": "center"
      },
      "geometry": {
        "type": "Point",
        "coordinates": [
          12.3590609,
          47.9194276
        ]
      },
      "id": "way/8102885"
    },
    {
      "type": "Feature",
      "properties": {
        "@id": "way/8102887",
        "boat": "no",
        "name": "Kesselsee",
        "natural": "water",
        "note:boat": "Bootverbot laut Ausschilderung Naturschutzgebiet \"Eggstätt - Hemhöfer - Seenplatte\"",
        "seamark:restricted_area:restriction": "no_entry",
        "seamark:type": "restricted_area",
        "water": "lake",
        "@geometry": "center"
      },
      "geometry": {
        "type": "Point",
        "coordinates": [
          12.352568,
          47.9162013
        ]
      },
      "id": "way/8102887"
    },
    {
      "type": "Feature",
      "properties": {
        "@id": "way/8102889",
        "boat": "no",
        "name": "Kautsee",
        "natural": "water",
        "note:boat": "Bootverbot laut Ausschilderung Naturschutzgebiet \"Eggstätt - Hemhöfer - Seenplatte\"",
        "seamark:restricted_area:restriction": "no_entry",
        "seamark:type": "restricted_area",
        "source": "Landsat",
        "water": "lake",
        "wikidata": "Q18287855",
        "@geometry": "center"
      },
      "geometry": {
        "type": "Point",
        "coordinates": [
          12.3551941,
          47.922537
        ]
      },
      "id": "way/8102889"
    },
    {
      "type": "Feature",
      "properties": {
        "@id": "way/8108212",
        "ele": "724",
        "intermittent": "no",
        "name": "Großer Alpsee",
        "name:de": "Großer Alpsee",
        "name:ru": "Гросер-Альпзе",
        "name:uk": "Ґросер-Альпзе",
        "natural": "water",
        "salt": "no",
        "tidal": "no",
        "water": "lake",
        "wikidata": "Q546344",
        "wikipedia": "de:Großer Alpsee",
        "@geometry": "center"
      },
      "geometry": {
        "type": "Point",
        "coordinates": [
          10.1731512,
          47.5726075
        ]
      },
      "id": "way/8108212"
    },
    {
      "type": "Feature",
      "properties": {
        "@id": "way/8108235",
        "ele": "724",
        "intermittent": "no",
        "name": "Kleiner Alpsee",
        "natural": "water",
        "salt": "no",
        "water": "lake",
        "wikidata": "Q32752435",
        "@geometry": "center"
      },
      "geometry": {
        "type": "Point",
        "coordinates": [
          10.1997971,
          47.5660907
        ]
      },
      "id": "way/8108235"
    },
    {
      "type": "Feature",
      "properties": {
        "@id": "way/8108298",
        "name": "Oberinselsee",
        "natural": "water",
        "water": "lake",
        "@geometry": "center"
      },
      "geometry": {
        "type": "Point",
        "coordinates": [
          10.2819597,
          47.6398506
        ]
      },
      "id": "way/8108298"
    },
    {
      "type": "Feature",
      "properties": {
        "@id": "way/8114665",
        "natural": "water",
        "water": "lake",
        "@geometry": "center"
      },
      "geometry": {
        "type": "Point",
        "coordinates": [
          12.5420809,
          47.7962932
        ]
      },
      "id": "way/8114665"
    },
    {
      "type": "Feature",
      "properties": {
        "@id": "way/8116260",
        "name": "Tüttensee",
        "natural": "water",
        "sport": "swimming",
        "water": "lake",
        "wikidata": "Q895603",
        "wikipedia": "de:Tüttensee",
        "@geometry": "center"
      },
      "geometry": {
        "type": "Point",
        "coordinates": [
          12.5681747,
          47.8467436
        ]
      },
      "id": "way/8116260"
    },
    {
      "type": "Feature",
      "properties": {
        "@id": "way/8116786",
        "depth": "478",
        "ele": "480",
        "name": "Siferlinger See",
        "natural": "water",
        "water": "lake",
        "wikidata": "Q26727299",
        "@geometry": "center"
      },
      "geometry": {
        "type": "Point",
        "coordinates": [
          12.2221164,
          47.9113071
        ]
      },
      "id": "way/8116786"
    },
    {
      "type": "Feature",
      "properties": {
        "@id": "relation/8263739",
        "intermittent": "no",
        "name": "Rockoldinger Seen",
        "natural": "water",
        "type": "multipolygon",
        "water": "lake",
        "@geometry": "center"
      },
      "geometry": {
        "type": "Point",
        "coordinates": [
          11.5973695,
          48.7332147
        ]
      },
      "id": "relation/8263739"
    },
    {
      "type": "Feature",
      "properties": {
        "@id": "relation/8457749",
        "intermittent": "no",
        "name": "Römersee",
        "natural": "water",
        "type": "multipolygon",
        "water": "lake",
        "@geometry": "center"
      },
      "geometry": {
        "type": "Point",
        "coordinates": [
          10.8734434,
          48.2291508
        ]
      },
      "id": "relation/8457749"
    },
    {
      "type": "Feature",
      "properties": {
        "@id": "relation/8483027",
        "name": "Spiegelweiher",
        "natural": "water",
        "type": "multipolygon",
        "water": "lake",
        "@geometry": "center"
      },
      "geometry": {
        "type": "Point",
        "coordinates": [
          11.9685413,
          48.0250305
        ]
      },
      "id": "relation/8483027"
    },
    {
      "type": "Feature",
      "properties": {
        "@id": "relation/8488296",
        "name": "Angelsee",
        "natural": "water",
        "type": "multipolygon",
        "water": "lake",
        "@geometry": "center"
      },
      "geometry": {
        "type": "Point",
        "coordinates": [
          9.0491765,
          50.017307
        ]
      },
      "id": "relation/8488296"
    },
    {
      "type": "Feature",
      "properties": {
        "@id": "way/8694269",
        "alt_name": "Geratser Weiher",
        "name": "Mitterinselsee (Geratser Weiher)",
        "natural": "water",
        "water": "lake",
        "@geometry": "center"
      },
      "geometry": {
        "type": "Point",
        "coordinates": [
          10.2802613,
          47.6464467
        ]
      },
      "id": "way/8694269"
    },
    {
      "type": "Feature",
      "properties": {
        "@id": "way/8694290",
        "alt_name": "Herzmannser See",
        "name": "Unterinselsee (Herzmannser See)",
        "natural": "water",
        "water": "lake",
        "@geometry": "center"
      },
      "geometry": {
        "type": "Point",
        "coordinates": [
          10.2894508,
          47.6493957
        ]
      },
      "id": "way/8694290"
    },
    {
      "type": "Feature",
      "properties": {
        "@id": "way/8694378",
        "name": "Rauhenzeller See",
        "natural": "water",
        "water": "lake",
        "@geometry": "center"
      },
      "geometry": {
        "type": "Point",
        "coordinates": [
          10.2361359,
          47.5612146
        ]
      },
      "id": "way/8694378"
    },
    {
      "type": "Feature",
      "properties": {
        "@id": "relation/8745634",
        "name": "Baggersee",
        "natural": "water",
        "type": "multipolygon",
        "water": "lake",
        "@geometry": "center"
      },
      "geometry": {
        "type": "Point",
        "coordinates": [
          10.3368063,
          48.0054473
        ]
      },
      "id": "relation/8745634"
    },
    {
      "type": "Feature",
      "properties": {
        "@id": "way/8919497",
        "intermittent": "no",
        "name": "Sonthofer See",
        "natural": "water",
        "salt": "no",
        "tidal": "no",
        "water": "lake",
        "@geometry": "center"
      },
      "geometry": {
        "type": "Point",
        "coordinates": [
          10.260465,
          47.5185272
        ]
      },
      "id": "way/8919497"
    },
    {
      "type": "Feature",
      "properties": {
        "@id": "way/8919539",
        "loc_name": "Siegelsee",
        "name": "Weidachsee",
        "natural": "water",
        "source": "extrapolation",
        "water": "lake",
        "@geometry": "center"
      },
      "geometry": {
        "type": "Point",
        "coordinates": [
          10.2599034,
          47.5469669
        ]
      },
      "id": "way/8919539"
    },
    {
      "type": "Feature",
      "properties": {
        "@id": "way/9050399",
        "name": "Mammendorfer See",
        "natural": "water",
        "water": "lake",
        "wikidata": "Q1888240",
        "wikimedia_commons": "File:Mammendorfer See.jpg",
        "@geometry": "center"
      },
      "geometry": {
        "type": "Point",
        "coordinates": [
          11.1685189,
          48.2006983
        ]
      },
      "id": "way/9050399"
    },
    {
      "type": "Feature",
      "properties": {
        "@id": "way/9072142",
        "intermittent": "no",
        "name": "Illkofener Weiher",
        "natural": "water",
        "salt": "no",
        "tidal": "no",
        "water": "lake",
        "@geometry": "center"
      },
      "geometry": {
        "type": "Point",
        "coordinates": [
          12.3029757,
          49.006377
        ]
      },
      "id": "way/9072142"
    },
    {
      "type": "Feature",
      "properties": {
        "@id": "way/9601323",
        "name": "Kleiner Birkensee",
        "natural": "water",
        "water": "lake",
        "wikipedia": "de:Birkensee (Nürnberger Land)",
        "@geometry": "center"
      },
      "geometry": {
        "type": "Point",
        "coordinates": [
          11.2495226,
          49.4601687
        ]
      },
      "id": "way/9601323"
    },
    {
      "type": "Feature",
      "properties": {
        "@id": "way/9671623",
        "depth": "7.1",
        "ele": "782",
        "fishing": "no",
        "intermittent": "no",
        "name": "Schwansee",
        "name:de": "Schwansee",
        "name:ru": "Лебединое озеро",
        "natural": "water",
        "salt": "no",
        "tidal": "no",
        "water": "lake",
        "website": "https://www.schwangau.de/koeniglich/schwangaus-landschaft-und-natur/der-schwanseepark",
        "wikidata": "Q251919",
        "wikipedia": "de:Schwansee",
        "@geometry": "center"
      },
      "geometry": {
        "type": "Point",
        "coordinates": [
          10.7205055,
          47.5573706
        ]
      },
      "id": "way/9671623"
    },
    {
      "type": "Feature",
      "properties": {
        "@id": "relation/9676911",
        "name": "Hurlacher See",
        "natural": "water",
        "type": "multipolygon",
        "water": "lake",
        "@geometry": "center"
      },
      "geometry": {
        "type": "Point",
        "coordinates": [
          10.0398573,
          50.1696376
        ]
      },
      "id": "relation/9676911"
    },
    {
      "type": "Feature",
      "properties": {
        "@id": "relation/9734357",
        "name": "westlicher Stürzenweiher;östlicher Stürzenweiher",
        "natural": "water",
        "type": "multipolygon",
        "water": "lake",
        "@geometry": "center"
      },
      "geometry": {
        "type": "Point",
        "coordinates": [
          10.2133335,
          48.2754003
        ]
      },
      "id": "relation/9734357"
    },
    {
      "type": "Feature",
      "properties": {
        "@id": "way/9933370",
        "alt_name": "Großer Weiher",
        "ele": "622",
        "intermittent": "no",
        "name": "Harmatinger Weiher",
        "natural": "water",
        "salt": "no",
        "tidal": "no",
        "water": "lake",
        "wikidata": "Q27883353",
        "@geometry": "center"
      },
      "geometry": {
        "type": "Point",
        "coordinates": [
          11.5292506,
          47.8854265
        ]
      },
      "id": "way/9933370"
    },
    {
      "type": "Feature",
      "properties": {
        "@id": "way/10044342",
        "alt_name": "Castrumer See",
        "name": "Luginger see",
        "natural": "water",
        "water": "lake",
        "@geometry": "center"
      },
      "geometry": {
        "type": "Point",
        "coordinates": [
          12.50567,
          47.9404434
        ]
      },
      "id": "way/10044342"
    },
    {
      "type": "Feature",
      "properties": {
        "@id": "way/10063762",
        "depth": "max. 2,3m",
        "intermittent": "no",
        "name": "Lauser Weiher",
        "natural": "water",
        "salt": "no",
        "sport": "swimming",
        "water": "lake",
        "wikidata": "Q1808497",
        "wikipedia": "de:Lauser Weiher",
        "@geometry": "center"
      },
      "geometry": {
        "type": "Point",
        "coordinates": [
          11.8584805,
          47.938345
        ]
      },
      "id": "way/10063762"
    },
    {
      "type": "Feature",
      "properties": {
        "@id": "way/10070656",
        "intermittent": "no",
        "name": "Illasbergsee",
        "natural": "water",
        "salt": "no",
        "tidal": "no",
        "water": "lake",
        "wikidata": "Q32062174",
        "@geometry": "center"
      },
      "geometry": {
        "type": "Point",
        "coordinates": [
          10.7570256,
          47.6424611
        ]
      },
      "id": "way/10070656"
    },
    {
      "type": "Feature",
      "properties": {
        "@id": "way/10101476",
        "name": "Staudhamer See",
        "natural": "water",
        "sport": "swimming",
        "water": "lake",
        "@geometry": "center"
      },
      "geometry": {
        "type": "Point",
        "coordinates": [
          12.1805802,
          48.0652804
        ]
      },
      "id": "way/10101476"
    },
    {
      "type": "Feature",
      "properties": {
        "@id": "way/10210466",
        "name": "Mühlsee",
        "natural": "water",
        "water": "lake",
        "@geometry": "center"
      },
      "geometry": {
        "type": "Point",
        "coordinates": [
          10.4083951,
          50.1950825
        ]
      },
      "id": "way/10210466"
    },
    {
      "type": "Feature",
      "properties": {
        "@id": "way/10212103",
        "name": "Fremder Weiher",
        "natural": "water",
        "source": "bing",
        "water": "lake",
        "@geometry": "center"
      },
      "geometry": {
        "type": "Point",
        "coordinates": [
          12.5002365,
          49.4220168
        ]
      },
      "id": "way/10212103"
    },
    {
      "type": "Feature",
      "properties": {
        "@id": "way/10274287",
        "ele": "574",
        "leisure": "swimming_area",
        "name": "Wössner See",
        "natural": "water",
        "water": "lake",
        "website": "https://www.woessner-see.de/",
        "wikidata": "Q2596557",
        "wikipedia": "de:Wössener See",
        "@geometry": "center"
      },
      "geometry": {
        "type": "Point",
        "coordinates": [
          12.4714757,
          47.7265305
        ]
      },
      "id": "way/10274287"
    },
    {
      "type": "Feature",
      "properties": {
        "@id": "relation/10288625",
        "name": "Kurparksee",
        "natural": "water",
        "type": "multipolygon",
        "water": "lake",
        "@geometry": "center"
      },
      "geometry": {
        "type": "Point",
        "coordinates": [
          13.3998749,
          48.8544247
        ]
      },
      "id": "relation/10288625"
    },
    {
      "type": "Feature",
      "properties": {
        "@id": "way/10373732",
        "intermittent": "no",
        "name": "Taubensee",
        "natural": "water",
        "salt": "no",
        "tidal": "no",
        "water": "lake",
        "wikidata": "Q2396539",
        "wikipedia": "de:Taubensee (Kössen/Unterwössen)",
        "@geometry": "center"
      },
      "geometry": {
        "type": "Point",
        "coordinates": [
          12.4269364,
          47.6960128
        ]
      },
      "id": "way/10373732"
    },
    {
      "type": "Feature",
      "properties": {
        "@id": "way/10409739",
        "name": "Eiselfinger See",
        "natural": "water",
        "water": "lake",
        "@geometry": "center"
      },
      "geometry": {
        "type": "Point",
        "coordinates": [
          12.2463363,
          48.039287
        ]
      },
      "id": "way/10409739"
    },
    {
      "type": "Feature",
      "properties": {
        "@id": "way/10504418",
        "description": "institute estate, no public access",
        "name": "Eßsee",
        "natural": "water",
        "salt": "no",
        "tidal": "no",
        "water": "lake",
        "wikidata": "Q1386134",
        "wikipedia": "de:Eßsee",
        "@geometry": "center"
      },
      "geometry": {
        "type": "Point",
        "coordinates": [
          11.2334215,
          47.9697777
        ]
      },
      "id": "way/10504418"
    },
    {
      "type": "Feature",
      "properties": {
        "@id": "way/10511221",
        "name": "Mittersee",
        "natural": "water",
        "water": "lake",
        "wikidata": "Q1940616",
        "wikimedia_commons": "Category:Mittersee (Ruhpolding)",
        "wikipedia": "de:Mittersee (Ruhpolding)",
        "@geometry": "center"
      },
      "geometry": {
        "type": "Point",
        "coordinates": [
          12.5847128,
          47.6901563
        ]
      },
      "id": "way/10511221"
    },
    {
      "type": "Feature",
      "properties": {
        "@id": "way/10511222",
        "name": "Lödensee",
        "natural": "water",
        "water": "lake",
        "wikidata": "Q1879635",
        "wikimedia_commons": "Category:Lödensee",
        "wikipedia": "de:Lödensee",
        "@geometry": "center"
      },
      "geometry": {
        "type": "Point",
        "coordinates": [
          12.5944621,
          47.6937693
        ]
      },
      "id": "way/10511222"
    },
    {
      "type": "Feature",
      "properties": {
        "@id": "relation/10583847",
        "intermittent": "no",
        "name": "Baggersee Amberg",
        "natural": "water",
        "type": "multipolygon",
        "water": "lake",
        "@geometry": "center"
      },
      "geometry": {
        "type": "Point",
        "coordinates": [
          10.6925063,
          48.0766972
        ]
      },
      "id": "relation/10583847"
    },
    {
      "type": "Feature",
      "properties": {
        "@id": "way/10711621",
        "ele": "1459",
        "name": "Soinsee",
        "natural": "water",
        "source": "landsat",
        "water": "lake",
        "wikidata": "Q1560103",
        "@geometry": "center"
      },
      "geometry": {
        "type": "Point",
        "coordinates": [
          11.9555268,
          47.650763
        ]
      },
      "id": "way/10711621"
    },
    {
      "type": "Feature",
      "properties": {
        "@id": "relation/10867274",
        "intermittent": "no",
        "name": "Hollerner See",
        "natural": "water",
        "salt": "no",
        "tidal": "no",
        "type": "multipolygon",
        "water": "lake",
        "wikidata": "Q22949159",
        "wikimedia_commons": "Category:Hollerner See",
        "@geometry": "center"
      },
      "geometry": {
        "type": "Point",
        "coordinates": [
          11.6013139,
          48.2841565
        ]
      },
      "id": "relation/10867274"
    },
    {
      "type": "Feature",
      "properties": {
        "@id": "way/10903927",
        "name": "Schapfensee",
        "natural": "water",
        "water": "lake",
        "wikidata": "Q32282269",
        "wikimedia_commons": "Category:Schapfensee",
        "wikipedia": "de:Schapfensee",
        "@geometry": "center"
      },
      "geometry": {
        "type": "Point",
        "coordinates": [
          10.7795821,
          47.6363882
        ]
      },
      "id": "way/10903927"
    },
    {
      "type": "Feature",
      "properties": {
        "@id": "way/11014075",
        "name": "Fiechtnersee",
        "natural": "water",
        "water": "lake",
        "@geometry": "center"
      },
      "geometry": {
        "type": "Point",
        "coordinates": [
          11.4783539,
          47.835385
        ]
      },
      "id": "way/11014075"
    },
    {
      "type": "Feature",
      "properties": {
        "@id": "relation/11072868",
        "natural": "water",
        "type": "multipolygon",
        "water": "lake",
        "@geometry": "center"
      },
      "geometry": {
        "type": "Point",
        "coordinates": [
          10.6806076,
          48.8697289
        ]
      },
      "id": "relation/11072868"
    },
    {
      "type": "Feature",
      "properties": {
        "@id": "relation/11089638",
        "natural": "water",
        "type": "multipolygon",
        "water": "lake",
        "@geometry": "center"
      },
      "geometry": {
        "type": "Point",
        "coordinates": [
          10.6711839,
          48.8699094
        ]
      },
      "id": "relation/11089638"
    },
    {
      "type": "Feature",
      "properties": {
        "@id": "relation/11089639",
        "natural": "water",
        "type": "multipolygon",
        "water": "lake",
        "@geometry": "center"
      },
      "geometry": {
        "type": "Point",
        "coordinates": [
          10.6799028,
          48.869844
        ]
      },
      "id": "relation/11089639"
    },
    {
      "type": "Feature",
      "properties": {
        "@id": "relation/11255883",
        "access": "private",
        "leisure": "fishing",
        "name": "Irlinger See",
        "natural": "water",
        "operator": "BFV Straubing",
        "type": "multipolygon",
        "water": "lake",
        "@geometry": "center"
      },
      "geometry": {
        "type": "Point",
        "coordinates": [
          12.4479359,
          48.9570885
        ]
      },
      "id": "relation/11255883"
    },
    {
      "type": "Feature",
      "properties": {
        "@id": "relation/11343966",
        "intermittent": "no",
        "name": "Wullenstettener Natursee",
        "natural": "water",
        "salt": "no",
        "tidal": "no",
        "type": "multipolygon",
        "water": "lake",
        "@geometry": "center"
      },
      "geometry": {
        "type": "Point",
        "coordinates": [
          10.072789,
          48.303241
        ]
      },
      "id": "relation/11343966"
    },
    {
      "type": "Feature",
      "properties": {
        "@id": "relation/11601464",
        "natural": "water",
        "type": "multipolygon",
        "water": "lake",
        "@geometry": "center"
      },
      "geometry": {
        "type": "Point",
        "coordinates": [
          11.7129672,
          48.3217533
        ]
      },
      "id": "relation/11601464"
    },
    {
      "type": "Feature",
      "properties": {
        "@id": "relation/11621576",
        "name": "Laichstätter Weiher",
        "natural": "water",
        "type": "multipolygon",
        "water": "lake",
        "@geometry": "center"
      },
      "geometry": {
        "type": "Point",
        "coordinates": [
          12.6053017,
          49.2138196
        ]
      },
      "id": "relation/11621576"
    },
    {
      "type": "Feature",
      "properties": {
        "@id": "relation/11621577",
        "name": "Kleiner Rötelseeweiher",
        "natural": "water",
        "type": "multipolygon",
        "water": "lake",
        "@geometry": "center"
      },
      "geometry": {
        "type": "Point",
        "coordinates": [
          12.6103552,
          49.2134859
        ]
      },
      "id": "relation/11621577"
    },
    {
      "type": "Feature",
      "properties": {
        "@id": "relation/11621704",
        "name": "Großer Rötelseeweiher",
        "natural": "water",
        "type": "multipolygon",
        "water": "lake",
        "@geometry": "center"
      },
      "geometry": {
        "type": "Point",
        "coordinates": [
          12.6148364,
          49.2164475
        ]
      },
      "id": "relation/11621704"
    },
    {
      "type": "Feature",
      "properties": {
        "@id": "relation/11621791",
        "name": "Angerweiher",
        "natural": "water",
        "type": "multipolygon",
        "water": "lake",
        "@geometry": "center"
      },
      "geometry": {
        "type": "Point",
        "coordinates": [
          12.5877598,
          49.2115278
        ]
      },
      "id": "relation/11621791"
    },
    {
      "type": "Feature",
      "properties": {
        "@id": "relation/11634882",
        "name": "Heitzerweiher",
        "natural": "water",
        "type": "multipolygon",
        "water": "lake",
        "@geometry": "center"
      },
      "geometry": {
        "type": "Point",
        "coordinates": [
          12.6136513,
          49.2117574
        ]
      },
      "id": "relation/11634882"
    },
    {
      "type": "Feature",
      "properties": {
        "@id": "relation/11634883",
        "natural": "water",
        "type": "multipolygon",
        "water": "lake",
        "@geometry": "center"
      },
      "geometry": {
        "type": "Point",
        "coordinates": [
          12.6155013,
          49.2118033
        ]
      },
      "id": "relation/11634883"
    },
    {
      "type": "Feature",
      "properties": {
        "@id": "relation/11634886",
        "natural": "water",
        "type": "multipolygon",
        "water": "lake",
        "@geometry": "center"
      },
      "geometry": {
        "type": "Point",
        "coordinates": [
          12.618806,
          49.2096917
        ]
      },
      "id": "relation/11634886"
    },
    {
      "type": "Feature",
      "properties": {
        "@id": "relation/11807455",
        "name": "Entenweiher",
        "natural": "water",
        "type": "multipolygon",
        "water": "lake",
        "wikidata": "Q14537306",
        "wikipedia": "de:Entenweiher (München)",
        "@geometry": "center"
      },
      "geometry": {
        "type": "Point",
        "coordinates": [
          11.563419,
          48.11519
        ]
      },
      "id": "relation/11807455"
    },
    {
      "type": "Feature",
      "properties": {
        "@id": "relation/12031810",
        "natural": "water",
        "type": "multipolygon",
        "water": "lake",
        "@geometry": "center"
      },
      "geometry": {
        "type": "Point",
        "coordinates": [
          11.7102497,
          48.2038129
        ]
      },
      "id": "relation/12031810"
    },
    {
      "type": "Feature",
      "properties": {
        "@id": "relation/12034285",
        "intermittent": "yes",
        "natural": "water",
        "salt": "no",
        "tidal": "no",
        "type": "multipolygon",
        "water": "lake",
        "@geometry": "center"
      },
      "geometry": {
        "type": "Point",
        "coordinates": [
          11.7133277,
          48.2023195
        ]
      },
      "id": "relation/12034285"
    },
    {
      "type": "Feature",
      "properties": {
        "@id": "relation/12041741",
        "intermittent": "no",
        "name": "Sturmsee",
        "natural": "water",
        "salt": "no",
        "tidal": "no",
        "type": "multipolygon",
        "water": "lake",
        "@geometry": "center"
      },
      "geometry": {
        "type": "Point",
        "coordinates": [
          12.1080269,
          49.2868495
        ]
      },
      "id": "relation/12041741"
    },
    {
      "type": "Feature",
      "properties": {
        "@id": "relation/12041743",
        "intermittent": "no",
        "name": "Bachfischer Weiher",
        "natural": "water",
        "salt": "no",
        "tidal": "no",
        "type": "multipolygon",
        "water": "lake",
        "@geometry": "center"
      },
      "geometry": {
        "type": "Point",
        "coordinates": [
          12.1111688,
          49.2883324
        ]
      },
      "id": "relation/12041743"
    },
    {
      "type": "Feature",
      "properties": {
        "@id": "relation/12041754",
        "intermittent": "no",
        "natural": "water",
        "salt": "no",
        "tidal": "no",
        "type": "multipolygon",
        "water": "lake",
        "@geometry": "center"
      },
      "geometry": {
        "type": "Point",
        "coordinates": [
          12.1031223,
          49.2845735
        ]
      },
      "id": "relation/12041754"
    },
    {
      "type": "Feature",
      "properties": {
        "@id": "relation/12043408",
        "intermittent": "no",
        "natural": "water",
        "salt": "no",
        "tidal": "no",
        "type": "multipolygon",
        "water": "lake",
        "@geometry": "center"
      },
      "geometry": {
        "type": "Point",
        "coordinates": [
          11.5733932,
          48.3622585
        ]
      },
      "id": "relation/12043408"
    },
    {
      "type": "Feature",
      "properties": {
        "@id": "relation/12150116",
        "natural": "water",
        "type": "multipolygon",
        "water": "lake",
        "@geometry": "center"
      },
      "geometry": {
        "type": "Point",
        "coordinates": [
          9.7003013,
          47.5550047
        ]
      },
      "id": "relation/12150116"
    },
    {
      "type": "Feature",
      "properties": {
        "@id": "relation/12341423",
        "name": "Unterer Stadtteich",
        "natural": "water",
        "type": "multipolygon",
        "water": "lake",
        "@geometry": "center"
      },
      "geometry": {
        "type": "Point",
        "coordinates": [
          12.3412253,
          49.8788474
        ]
      },
      "id": "relation/12341423"
    },
    {
      "type": "Feature",
      "properties": {
        "@id": "relation/12376465",
        "name": "Ellertshäuser See",
        "natural": "water",
        "type": "multipolygon",
        "water": "lake",
        "wikidata": "Q1332056",
        "wikipedia": "de:Ellertshäuser See",
        "@geometry": "center"
      },
      "geometry": {
        "type": "Point",
        "coordinates": [
          10.3745046,
          50.1468018
        ]
      },
      "id": "relation/12376465"
    },
    {
      "type": "Feature",
      "properties": {
        "@id": "relation/12409313",
        "natural": "water",
        "type": "multipolygon",
        "water": "lake",
        "@geometry": "center"
      },
      "geometry": {
        "type": "Point",
        "coordinates": [
          12.4172388,
          49.7032611
        ]
      },
      "id": "relation/12409313"
    },
    {
      "type": "Feature",
      "properties": {
        "@id": "relation/12548712",
        "name": "Schönbrunner See",
        "natural": "water",
        "type": "multipolygon",
        "water": "lake",
        "@geometry": "center"
      },
      "geometry": {
        "type": "Point",
        "coordinates": [
          11.0156456,
          50.1264422
        ]
      },
      "id": "relation/12548712"
    },
    {
      "type": "Feature",
      "properties": {
        "@id": "relation/12598499",
        "name": "Thalfinger See",
        "natural": "water",
        "type": "multipolygon",
        "water": "lake",
        "@geometry": "center"
      },
      "geometry": {
        "type": "Point",
        "coordinates": [
          10.0711214,
          48.4373796
        ]
      },
      "id": "relation/12598499"
    },
    {
      "type": "Feature",
      "properties": {
        "@id": "relation/12609661",
        "natural": "water",
        "type": "multipolygon",
        "water": "lake",
        "@geometry": "center"
      },
      "geometry": {
        "type": "Point",
        "coordinates": [
          11.6784658,
          48.195342
        ]
      },
      "id": "relation/12609661"
    },
    {
      "type": "Feature",
      "properties": {
        "@id": "relation/12702028",
        "natural": "water",
        "salt": "no",
        "tidal": "no",
        "type": "multipolygon",
        "water": "lake",
        "@geometry": "center"
      },
      "geometry": {
        "type": "Point",
        "coordinates": [
          11.9729269,
          47.9074397
        ]
      },
      "id": "relation/12702028"
    },
    {
      "type": "Feature",
      "properties": {
        "@id": "relation/12868328",
        "intermittent": "no",
        "name": "Messesee",
        "natural": "water",
        "salt": "no",
        "tidal": "no",
        "type": "multipolygon",
        "water": "lake",
        "@geometry": "center"
      },
      "geometry": {
        "type": "Point",
        "coordinates": [
          11.6913067,
          48.1353948
        ]
      },
      "id": "relation/12868328"
    },
    {
      "type": "Feature",
      "properties": {
        "@id": "relation/13009897",
        "natural": "water",
        "type": "multipolygon",
        "water": "lake",
        "@geometry": "center"
      },
      "geometry": {
        "type": "Point",
        "coordinates": [
          9.833736,
          50.2278405
        ]
      },
      "id": "relation/13009897"
    },
    {
      "type": "Feature",
      "properties": {
        "@id": "relation/13022585",
        "natural": "water",
        "type": "multipolygon",
        "water": "lake",
        "@geometry": "center"
      },
      "geometry": {
        "type": "Point",
        "coordinates": [
          9.8688461,
          50.2135088
        ]
      },
      "id": "relation/13022585"
    },
    {
      "type": "Feature",
      "properties": {
        "@id": "relation/13022586",
        "natural": "water",
        "type": "multipolygon",
        "water": "lake",
        "@geometry": "center"
      },
      "geometry": {
        "type": "Point",
        "coordinates": [
          9.8654471,
          50.2133342
        ]
      },
      "id": "relation/13022586"
    },
    {
      "type": "Feature",
      "properties": {
        "@id": "relation/13034748",
        "natural": "water",
        "type": "multipolygon",
        "water": "lake",
        "@geometry": "center"
      },
      "geometry": {
        "type": "Point",
        "coordinates": [
          12.6253027,
          48.9296909
        ]
      },
      "id": "relation/13034748"
    },
    {
      "type": "Feature",
      "properties": {
        "@id": "relation/13090567",
        "natural": "water",
        "type": "multipolygon",
        "water": "lake",
        "@geometry": "center"
      },
      "geometry": {
        "type": "Point",
        "coordinates": [
          12.4780755,
          49.1005456
        ]
      },
      "id": "relation/13090567"
    },
    {
      "type": "Feature",
      "properties": {
        "@id": "way/13201511",
        "name": "Höglwörther See",
        "natural": "water",
        "water": "lake",
        "wikidata": "Q1612426",
        "wikipedia": "de:Höglwörther_See",
        "@geometry": "center"
      },
      "geometry": {
        "type": "Point",
        "coordinates": [
          12.8437816,
          47.8154934
        ]
      },
      "id": "way/13201511"
    },
    {
      "type": "Feature",
      "properties": {
        "@id": "relation/13357755",
        "natural": "water",
        "type": "multipolygon",
        "water": "lake",
        "@geometry": "center"
      },
      "geometry": {
        "type": "Point",
        "coordinates": [
          12.0022999,
          49.666927
        ]
      },
      "id": "relation/13357755"
    },
    {
      "type": "Feature",
      "properties": {
        "@id": "way/13699189",
        "name": "Gustavsee",
        "natural": "water",
        "source": "LandSat",
        "water": "lake",
        "wikidata": "Q18624887",
        "@geometry": "center"
      },
      "geometry": {
        "type": "Point",
        "coordinates": [
          8.9912924,
          50.0545108
        ]
      },
      "id": "way/13699189"
    },
    {
      "type": "Feature",
      "properties": {
        "@id": "way/13881059",
        "natural": "water",
        "water": "lake",
        "@geometry": "center"
      },
      "geometry": {
        "type": "Point",
        "coordinates": [
          9.0809673,
          49.9532765
        ]
      },
      "id": "way/13881059"
    },
    {
      "type": "Feature",
      "properties": {
        "@id": "way/14102673",
        "name": "Buxheimer Weiher",
        "natural": "water",
        "water": "lake",
        "wikidata": "Q14638308",
        "wikipedia": "de:Buxheimer Weiher",
        "@geometry": "center"
      },
      "geometry": {
        "type": "Point",
        "coordinates": [
          10.1334173,
          47.9920743
        ]
      },
      "id": "way/14102673"
    },
    {
      "type": "Feature",
      "properties": {
        "@id": "relation/14187451",
        "intermittent": "no",
        "name": "Eichholzsee",
        "natural": "water",
        "salt": "no",
        "tidal": "no",
        "type": "multipolygon",
        "water": "lake",
        "@geometry": "center"
      },
      "geometry": {
        "type": "Point",
        "coordinates": [
          10.5779576,
          48.4508125
        ]
      },
      "id": "relation/14187451"
    },
    {
      "type": "Feature",
      "properties": {
        "@id": "relation/14522399",
        "access": "private",
        "natural": "water",
        "source": "Landsat",
        "type": "multipolygon",
        "water": "lake",
        "@geometry": "center"
      },
      "geometry": {
        "type": "Point",
        "coordinates": [
          12.8802638,
          48.8220378
        ]
      },
      "id": "relation/14522399"
    },
    {
      "type": "Feature",
      "properties": {
        "@id": "relation/14729801",
        "name": "Nützelbachsee",
        "natural": "water",
        "type": "multipolygon",
        "water": "lake",
        "@geometry": "center"
      },
      "geometry": {
        "type": "Point",
        "coordinates": [
          10.3447134,
          49.8925251
        ]
      },
      "id": "relation/14729801"
    },
    {
      "type": "Feature",
      "properties": {
        "@id": "relation/15026331",
        "addr:city": "Weil",
        "addr:postcode": "86947",
        "addr:street": "Saamfeldstraße",
        "intermittent": "no",
        "natural": "water",
        "opening_hours": "Tu-Su 10:00-18:00",
        "operator": "Reit- und Wildpark Weil",
        "salt": "no",
        "tidal": "no",
        "type": "multipolygon",
        "water": "lake",
        "@geometry": "center"
      },
      "geometry": {
        "type": "Point",
        "coordinates": [
          10.9366567,
          48.1220437
        ]
      },
      "id": "relation/15026331"
    },
    {
      "type": "Feature",
      "properties": {
        "@id": "relation/15273359",
        "intermittent": "no",
        "name": "Maisinger See",
        "natural": "water",
        "salt": "no",
        "tidal": "no",
        "type": "multipolygon",
        "water": "lake",
        "wikidata": "Q267041",
        "wikipedia": "de:Maisinger See",
        "@geometry": "center"
      },
      "geometry": {
        "type": "Point",
        "coordinates": [
          11.2793386,
          47.9798503
        ]
      },
      "id": "relation/15273359"
    },
    {
      "type": "Feature",
      "properties": {
        "@id": "way/15562646",
        "intermittent": "no",
        "name": "Baggersee Dettelbach",
        "natural": "water",
        "nudism": "yes",
        "salt": "no",
        "tidal": "no",
        "water": "lake",
        "@geometry": "center"
      },
      "geometry": {
        "type": "Point",
        "coordinates": [
          10.1827344,
          49.7984809
        ]
      },
      "id": "way/15562646"
    },
    {
      "type": "Feature",
      "properties": {
        "@id": "way/15563102",
        "natural": "water",
        "water": "lake",
        "@geometry": "center"
      },
      "geometry": {
        "type": "Point",
        "coordinates": [
          10.2270004,
          49.7907113
        ]
      },
      "id": "way/15563102"
    },
    {
      "type": "Feature",
      "properties": {
        "@id": "way/15563205",
        "natural": "water",
        "water": "lake",
        "@geometry": "center"
      },
      "geometry": {
        "type": "Point",
        "coordinates": [
          10.2241509,
          49.791987
        ]
      },
      "id": "way/15563205"
    },
    {
      "type": "Feature",
      "properties": {
        "@id": "way/15719450",
        "alt_name": "Kleiner See",
        "name": "Pagodenburger See",
        "natural": "water",
        "water": "lake",
        "wikipedia": "de:Schlosspark Nymphenburg#Pagodenburger See",
        "@geometry": "center"
      },
      "geometry": {
        "type": "Point",
        "coordinates": [
          11.4929982,
          48.1593347
        ]
      },
      "id": "way/15719450"
    },
    {
      "type": "Feature",
      "properties": {
        "@id": "way/15793838",
        "description": "Als Badeweier gekennzeichnet, nur Tauchen ist verboten. Wird auch als Fischweier genutzt (Sportfischerverein Neuching - Weiher II). Kleinere Liegewiesen sind vorhanden.",
        "diving": "no",
        "dog": "no",
        "name": "Lüßer Weiher",
        "natural": "water",
        "source": "yahoo",
        "swimming": "yes",
        "water": "lake",
        "@geometry": "center"
      },
      "geometry": {
        "type": "Point",
        "coordinates": [
          11.8284693,
          48.2414367
        ]
      },
      "id": "way/15793838"
    },
    {
      "type": "Feature",
      "properties": {
        "@id": "way/15798735",
        "alt_name": "Unterer Einfangweiher",
        "name": "Schnabelmooser Weiher",
        "natural": "water",
        "swimming": "yes",
        "water": "lake",
        "@geometry": "center"
      },
      "geometry": {
        "type": "Point",
        "coordinates": [
          11.8199224,
          48.2842841
        ]
      },
      "id": "way/15798735"
    },
    {
      "type": "Feature",
      "properties": {
        "@id": "relation/16149316",
        "ele": "395.33",
        "name": "Kleiner See",
        "name:de": "Kleiner See",
        "name:zh": "小湖",
        "natural": "water",
        "type": "multipolygon",
        "water": "lake",
        "wikidata": "Q19963756",
        "wikipedia": "de:Kleiner See (Lindau)",
        "@geometry": "center"
      },
      "geometry": {
        "type": "Point",
        "coordinates": [
          9.686461,
          47.5502797
        ]
      },
      "id": "relation/16149316"
    },
    {
      "type": "Feature",
      "properties": {
        "@id": "relation/16384794",
        "natural": "water",
        "type": "multipolygon",
        "water": "lake",
        "@geometry": "center"
      },
      "geometry": {
        "type": "Point",
        "coordinates": [
          9.0484789,
          50.018535
        ]
      },
      "id": "relation/16384794"
    },
    {
      "type": "Feature",
      "properties": {
        "@id": "relation/17036977",
        "depth:avg": "7",
        "depth:max": "18",
        "ele": "789",
        "name": "Hintersee",
        "name:zh": "辛特湖",
        "natural": "water",
        "type": "multipolygon",
        "water": "lake",
        "website": "https://www.ramsau.de/",
        "wikidata": "Q1619819",
        "wikipedia": "de:Hintersee_(Ramsauer_Ache)",
        "@geometry": "center"
      },
      "geometry": {
        "type": "Point",
        "coordinates": [
          12.8546965,
          47.6065322
        ]
      },
      "id": "relation/17036977"
    },
    {
      "type": "Feature",
      "properties": {
        "@id": "relation/17048054",
        "name": "Hammerklause",
        "natural": "water",
        "type": "multipolygon",
        "water": "lake",
        "@geometry": "center"
      },
      "geometry": {
        "type": "Point",
        "coordinates": [
          13.6108873,
          48.9360527
        ]
      },
      "id": "relation/17048054"
    },
    {
      "type": "Feature",
      "properties": {
        "@id": "relation/17048067",
        "access": "yes",
        "fee": "no",
        "leisure": "swimming_area",
        "lit": "no",
        "name": "Badesee Mauth",
        "natural": "water",
        "source": "Bing;survey;aerial imagery",
        "supervised": "no",
        "type": "multipolygon",
        "water": "lake",
        "@geometry": "center"
      },
      "geometry": {
        "type": "Point",
        "coordinates": [
          13.5765328,
          48.8876928
        ]
      },
      "id": "relation/17048067"
    },
    {
      "type": "Feature",
      "properties": {
        "@id": "relation/17058981",
        "name": "Sinninger Badesee",
        "natural": "water",
        "type": "multipolygon",
        "water": "lake",
        "wikidata": "Q2289501",
        "@geometry": "center"
      },
      "geometry": {
        "type": "Point",
        "coordinates": [
          10.1034423,
          48.1424351
        ]
      },
      "id": "relation/17058981"
    },
    {
      "type": "Feature",
      "properties": {
        "@id": "relation/17072120",
        "name": "Mauerner See",
        "natural": "water",
        "type": "multipolygon",
        "water": "lake",
        "@geometry": "center"
      },
      "geometry": {
        "type": "Point",
        "coordinates": [
          11.7279796,
          48.7820146
        ]
      },
      "id": "relation/17072120"
    },
    {
      "type": "Feature",
      "properties": {
        "@id": "relation/17075951",
        "natural": "water",
        "type": "multipolygon",
        "water": "lake",
        "@geometry": "center"
      },
      "geometry": {
        "type": "Point",
        "coordinates": [
          11.9696093,
          49.6944187
        ]
      },
      "id": "relation/17075951"
    },
    {
      "type": "Feature",
      "properties": {
        "@id": "relation/17086061",
        "leisure": "swimming_area",
        "name": "Grüne Lunge",
        "natural": "water",
        "sport": "swimming",
        "type": "multipolygon",
        "water": "lake",
        "@geometry": "center"
      },
      "geometry": {
        "type": "Point",
        "coordinates": [
          10.0668244,
          48.2721992
        ]
      },
      "id": "relation/17086061"
    },
    {
      "type": "Feature",
      "properties": {
        "@id": "relation/17086062",
        "name": "Schurrsee",
        "natural": "water",
        "type": "multipolygon",
        "water": "lake",
        "@geometry": "center"
      },
      "geometry": {
        "type": "Point",
        "coordinates": [
          10.2957214,
          48.4994332
        ]
      },
      "id": "relation/17086062"
    },
    {
      "type": "Feature",
      "properties": {
        "@id": "relation/17086071",
        "natural": "water",
        "type": "multipolygon",
        "water": "lake",
        "@geometry": "center"
      },
      "geometry": {
        "type": "Point",
        "coordinates": [
          9.8349114,
          50.2179203
        ]
      },
      "id": "relation/17086071"
    },
    {
      "type": "Feature",
      "properties": {
        "@id": "relation/17086072",
        "natural": "water",
        "type": "multipolygon",
        "water": "lake",
        "@geometry": "center"
      },
      "geometry": {
        "type": "Point",
        "coordinates": [
          9.8355921,
          50.2178074
        ]
      },
      "id": "relation/17086072"
    },
    {
      "type": "Feature",
      "properties": {
        "@id": "relation/17086073",
        "natural": "water",
        "type": "multipolygon",
        "water": "lake",
        "@geometry": "center"
      },
      "geometry": {
        "type": "Point",
        "coordinates": [
          9.8812748,
          50.2270165
        ]
      },
      "id": "relation/17086073"
    },
    {
      "type": "Feature",
      "properties": {
        "@id": "relation/17086074",
        "natural": "water",
        "type": "multipolygon",
        "water": "lake",
        "@geometry": "center"
      },
      "geometry": {
        "type": "Point",
        "coordinates": [
          9.880515,
          50.2268418
        ]
      },
      "id": "relation/17086074"
    },
    {
      "type": "Feature",
      "properties": {
        "@id": "relation/17086075",
        "natural": "water",
        "type": "multipolygon",
        "water": "lake",
        "@geometry": "center"
      },
      "geometry": {
        "type": "Point",
        "coordinates": [
          9.8778168,
          50.2233636
        ]
      },
      "id": "relation/17086075"
    },
    {
      "type": "Feature",
      "properties": {
        "@id": "relation/17086076",
        "natural": "water",
        "type": "multipolygon",
        "water": "lake",
        "@geometry": "center"
      },
      "geometry": {
        "type": "Point",
        "coordinates": [
          9.8800483,
          50.223439
        ]
      },
      "id": "relation/17086076"
    },
    {
      "type": "Feature",
      "properties": {
        "@id": "way/17257171",
        "name": "Autobahnweiher",
        "natural": "water",
        "water": "lake",
        "@geometry": "center"
      },
      "geometry": {
        "type": "Point",
        "coordinates": [
          11.6090039,
          48.0341666
        ]
      },
      "id": "way/17257171"
    },
    {
      "type": "Feature",
      "properties": {
        "@id": "relation/17433750",
        "name": "Bergfeldsee",
        "natural": "water",
        "sport": "swimming",
        "type": "multipolygon",
        "water": "lake",
        "wikidata": "Q21041915",
        "wikipedia": "de:Bergfeldsee",
        "@geometry": "center"
      },
      "geometry": {
        "type": "Point",
        "coordinates": [
          11.7929367,
          48.178331
        ]
      },
      "id": "relation/17433750"
    },
    {
      "type": "Feature",
      "properties": {
        "@id": "relation/17433751",
        "name": "Thenner Weiher",
        "natural": "water",
        "scuba_diving": "no",
        "source": "Landsat",
        "sport": "swimming",
        "type": "multipolygon",
        "water": "lake",
        "@geometry": "center"
      },
      "geometry": {
        "type": "Point",
        "coordinates": [
          11.9580844,
          48.4029212
        ]
      },
      "id": "relation/17433751"
    },
    {
      "type": "Feature",
      "properties": {
        "@id": "relation/17507257",
        "natural": "water",
        "type": "multipolygon",
        "water": "lake",
        "@geometry": "center"
      },
      "geometry": {
        "type": "Point",
        "coordinates": [
          10.9707847,
          49.1247326
        ]
      },
      "id": "relation/17507257"
    },
    {
      "type": "Feature",
      "properties": {
        "@id": "way/17556209",
        "natural": "water",
        "water": "lake",
        "@geometry": "center"
      },
      "geometry": {
        "type": "Point",
        "coordinates": [
          11.7487357,
          48.3170543
        ]
      },
      "id": "way/17556209"
    },
    {
      "type": "Feature",
      "properties": {
        "@id": "way/17653149",
        "name": "Weißensberger Weiher",
        "natural": "water",
        "ship": "no",
        "water": "lake",
        "@geometry": "center"
      },
      "geometry": {
        "type": "Point",
        "coordinates": [
          9.7283592,
          47.5856048
        ]
      },
      "id": "way/17653149"
    },
    {
      "type": "Feature",
      "properties": {
        "@id": "way/17724138",
        "ele": "550",
        "name": "Schwarzensee",
        "natural": "water",
        "water": "lake",
        "wikidata": "Q32291637",
        "@geometry": "center"
      },
      "geometry": {
        "type": "Point",
        "coordinates": [
          9.8300238,
          47.6665672
        ]
      },
      "id": "way/17724138"
    },
    {
      "type": "Feature",
      "properties": {
        "@id": "way/17724353",
        "ele": "539",
        "name": "Stockenweiler Weiher",
        "natural": "water",
        "water": "lake",
        "wikidata": "Q130425230",
        "@geometry": "center"
      },
      "geometry": {
        "type": "Point",
        "coordinates": [
          9.7867589,
          47.6231366
        ]
      },
      "id": "way/17724353"
    },
    {
      "type": "Feature",
      "properties": {
        "@id": "relation/17815449",
        "natural": "water",
        "type": "multipolygon",
        "water": "lake",
        "@geometry": "center"
      },
      "geometry": {
        "type": "Point",
        "coordinates": [
          11.9741145,
          47.9100202
        ]
      },
      "id": "relation/17815449"
    },
    {
      "type": "Feature",
      "properties": {
        "@id": "relation/17858754",
        "name": "Brandstetter Weiher",
        "natural": "water",
        "type": "multipolygon",
        "water": "lake",
        "@geometry": "center"
      },
      "geometry": {
        "type": "Point",
        "coordinates": [
          10.1121305,
          48.3919493
        ]
      },
      "id": "relation/17858754"
    },
    {
      "type": "Feature",
      "properties": {
        "@id": "relation/17873911",
        "natural": "water",
        "type": "multipolygon",
        "water": "lake",
        "@geometry": "center"
      },
      "geometry": {
        "type": "Point",
        "coordinates": [
          10.4377464,
          48.4113547
        ]
      },
      "id": "relation/17873911"
    },
    {
      "type": "Feature",
      "properties": {
        "@id": "relation/17906527",
        "natural": "water",
        "type": "multipolygon",
        "water": "lake",
        "@geometry": "center"
      },
      "geometry": {
        "type": "Point",
        "coordinates": [
          10.1681251,
          49.8812623
        ]
      },
      "id": "relation/17906527"
    },
    {
      "type": "Feature",
      "properties": {
        "@id": "relation/17970000",
        "name": "Irmelshäuser See",
        "natural": "water",
        "source": "WMS - DOP2m Bayerische Vermessungsverwaltung",
        "type": "multipolygon",
        "water": "lake",
        "@geometry": "center"
      },
      "geometry": {
        "type": "Point",
        "coordinates": [
          10.4778659,
          50.3676823
        ]
      },
      "id": "relation/17970000"
    },
    {
      "type": "Feature",
      "properties": {
        "@id": "relation/18053892",
        "name": "Eglesee",
        "natural": "water",
        "type": "multipolygon",
        "water": "lake",
        "@geometry": "center"
      },
      "geometry": {
        "type": "Point",
        "coordinates": [
          10.7641248,
          48.4611889
        ]
      },
      "id": "relation/18053892"
    },
    {
      "type": "Feature",
      "properties": {
        "@id": "relation/18159245",
        "name": "Eissee",
        "natural": "water",
        "type": "multipolygon",
        "water": "lake",
        "wikidata": "Q130525327",
        "@geometry": "center"
      },
      "geometry": {
        "type": "Point",
        "coordinates": [
          10.3690534,
          47.3536034
        ]
      },
      "id": "relation/18159245"
    },
    {
      "type": "Feature",
      "properties": {
        "@id": "relation/18279670",
        "natural": "water",
        "type": "multipolygon",
        "water": "lake",
        "@geometry": "center"
      },
      "geometry": {
        "type": "Point",
        "coordinates": [
          10.3109271,
          48.4763736
        ]
      },
      "id": "relation/18279670"
    },
    {
      "type": "Feature",
      "properties": {
        "@id": "relation/18279672",
        "natural": "water",
        "type": "multipolygon",
        "water": "lake",
        "@geometry": "center"
      },
      "geometry": {
        "type": "Point",
        "coordinates": [
          10.3034408,
          48.4834048
        ]
      },
      "id": "relation/18279672"
    },
    {
      "type": "Feature",
      "properties": {
        "@id": "relation/18626955",
        "name": "Brandstätter Baggersee",
        "natural": "water",
        "type": "multipolygon",
        "water": "lake",
        "wikidata": "Q115864364",
        "wikimedia_commons": "Category:Brandstätter See bei Burlafingen",
        "@geometry": "center"
      },
      "geometry": {
        "type": "Point",
        "coordinates": [
          10.0880551,
          48.4093377
        ]
      },
      "id": "relation/18626955"
    },
    {
      "type": "Feature",
      "properties": {
        "@id": "relation/19021649",
        "natural": "water",
        "type": "multipolygon",
        "water": "lake",
        "wikimedia_commons": "Category:See im Neuen Südfriedhof",
        "@geometry": "center"
      },
      "geometry": {
        "type": "Point",
        "coordinates": [
          11.62075,
          48.0989489
        ]
      },
      "id": "relation/19021649"
    },
    {
      "type": "Feature",
      "properties": {
        "@id": "way/19123866",
        "name": "Eichenauer Badesee",
        "natural": "water",
        "sport": "swimming",
        "water": "lake",
        "wikidata": "Q1301525",
        "@geometry": "center"
      },
      "geometry": {
        "type": "Point",
        "coordinates": [
          11.3118758,
          48.1558894
        ]
      },
      "id": "way/19123866"
    },
    {
      "type": "Feature",
      "properties": {
        "@id": "relation/19225222",
        "name": "Birkensee",
        "natural": "water",
        "type": "multipolygon",
        "water": "lake",
        "@geometry": "center"
      },
      "geometry": {
        "type": "Point",
        "coordinates": [
          11.4254652,
          47.8696146
        ]
      },
      "id": "relation/19225222"
    },
    {
      "type": "Feature",
      "properties": {
        "@id": "relation/19335408",
        "name": "Neuweiher",
        "natural": "water",
        "type": "multipolygon",
        "water": "lake",
        "@geometry": "center"
      },
      "geometry": {
        "type": "Point",
        "coordinates": [
          12.1960061,
          49.3596298
        ]
      },
      "id": "relation/19335408"
    },
    {
      "type": "Feature",
      "properties": {
        "@id": "relation/19704483",
        "natural": "water",
        "type": "multipolygon",
        "water": "lake",
        "@geometry": "center"
      },
      "geometry": {
        "type": "Point",
        "coordinates": [
          10.8272601,
          48.5037854
        ]
      },
      "id": "relation/19704483"
    },
    {
      "type": "Feature",
      "properties": {
        "@id": "relation/19757707",
        "alt_name": "Leibisee 1",
        "name": "Leibisee",
        "natural": "water",
        "type": "multipolygon",
        "water": "lake",
        "@geometry": "center"
      },
      "geometry": {
        "type": "Point",
        "coordinates": [
          10.1132672,
          48.4377093
        ]
      },
      "id": "relation/19757707"
    },
    {
      "type": "Feature",
      "properties": {
        "@id": "way/19840791",
        "name": "Ilsesee",
        "natural": "water",
        "water": "lake",
        "wikidata": "Q1659241",
        "@geometry": "center"
      },
      "geometry": {
        "type": "Point",
        "coordinates": [
          10.9007646,
          48.2826674
        ]
      },
      "id": "way/19840791"
    },
    {
      "type": "Feature",
      "properties": {
        "@id": "way/20271970",
        "natural": "water",
        "water": "lake",
        "@geometry": "center"
      },
      "geometry": {
        "type": "Point",
        "coordinates": [
          11.7258278,
          48.4005362
        ]
      },
      "id": "way/20271970"
    },
    {
      "type": "Feature",
      "properties": {
        "@id": "way/20303314",
        "access": "yes",
        "fishing": "no",
        "intermittent": "no",
        "name": "Vöttinger Weiher",
        "natural": "water",
        "operator": "Stadt Freising",
        "salt": "no",
        "sport": "swimming",
        "tidal": "no",
        "water": "lake",
        "website": "https://www.freising.de/kultur-freizeit/seen",
        "@geometry": "center"
      },
      "geometry": {
        "type": "Point",
        "coordinates": [
          11.7193545,
          48.3878944
        ]
      },
      "id": "way/20303314"
    },
    {
      "type": "Feature",
      "properties": {
        "@id": "way/20636598",
        "name": "Werzler See",
        "natural": "water",
        "water": "lake",
        "@geometry": "center"
      },
      "geometry": {
        "type": "Point",
        "coordinates": [
          10.0430152,
          48.347516
        ]
      },
      "id": "way/20636598"
    },
    {
      "type": "Feature",
      "properties": {
        "@id": "way/20637715",
        "fishing": "private",
        "name": "Ausee",
        "natural": "water",
        "water": "lake",
        "website": "https://fischereiverein-garching.de/?option=com_content&view=article&id=54&Itemid=56",
        "@geometry": "center"
      },
      "geometry": {
        "type": "Point",
        "coordinates": [
          11.6688304,
          48.2349549
        ]
      },
      "id": "way/20637715"
    },
    {
      "type": "Feature",
      "properties": {
        "@id": "way/20645151",
        "name": "Kiessee",
        "natural": "water",
        "opening_hours": "Mo-Su 06:00-22:00",
        "salt": "no",
        "water": "lake",
        "@geometry": "center"
      },
      "geometry": {
        "type": "Point",
        "coordinates": [
          11.2835868,
          48.2114001
        ]
      },
      "id": "way/20645151"
    },
    {
      "type": "Feature",
      "properties": {
        "@id": "way/20645689",
        "name": "Waldsee",
        "natural": "water",
        "water": "lake",
        "@geometry": "center"
      },
      "geometry": {
        "type": "Point",
        "coordinates": [
          11.2981869,
          48.2200735
        ]
      },
      "id": "way/20645689"
    },
    {
      "type": "Feature",
      "properties": {
        "@id": "way/21530380",
        "alt_name": "Eichinger See",
        "boat": "no",
        "description": "nicht zum Schwimmen geeignet",
        "name": "Eichinger Weiher",
        "natural": "water",
        "source": "Yahoo",
        "water": "lake",
        "wikidata": "Q22949146",
        "wikipedia": "de:Eichinger See",
        "@geometry": "center"
      },
      "geometry": {
        "type": "Point",
        "coordinates": [
          11.4610637,
          48.223187
        ]
      },
      "id": "way/21530380"
    },
    {
      "type": "Feature",
      "properties": {
        "@id": "way/21894833",
        "fishing": "no",
        "intermittent": "no",
        "name": "Parksee",
        "natural": "water",
        "tidal": "no",
        "water": "lake",
        "@geometry": "center"
      },
      "geometry": {
        "type": "Point",
        "coordinates": [
          11.6092033,
          48.0648992
        ]
      },
      "id": "way/21894833"
    },
    {
      "type": "Feature",
      "properties": {
        "@id": "way/22778731",
        "natural": "water",
        "water": "lake",
        "@geometry": "center"
      },
      "geometry": {
        "type": "Point",
        "coordinates": [
          10.861412,
          48.7235859
        ]
      },
      "id": "way/22778731"
    },
    {
      "type": "Feature",
      "properties": {
        "@id": "way/22961721",
        "name": "Ludwigsfelder Baggersee",
        "natural": "water",
        "ship": "no",
        "water": "lake",
        "@geometry": "center"
      },
      "geometry": {
        "type": "Point",
        "coordinates": [
          10.0263706,
          48.3658816
        ]
      },
      "id": "way/22961721"
    },
    {
      "type": "Feature",
      "properties": {
        "@id": "way/22961722",
        "name": "Oberer Plessenteich",
        "natural": "water",
        "water": "lake",
        "@geometry": "center"
      },
      "geometry": {
        "type": "Point",
        "coordinates": [
          10.0451702,
          48.3629845
        ]
      },
      "id": "way/22961722"
    },
    {
      "type": "Feature",
      "properties": {
        "@id": "way/22995545",
        "name": "Schwabsee",
        "natural": "water",
        "water": "lake",
        "@geometry": "center"
      },
      "geometry": {
        "type": "Point",
        "coordinates": [
          10.0949917,
          48.4293231
        ]
      },
      "id": "way/22995545"
    },
    {
      "type": "Feature",
      "properties": {
        "@id": "way/23275800",
        "name": "Forstweiher",
        "natural": "water",
        "source": "DOP_LVA_BY_01",
        "water": "lake",
        "@geometry": "center"
      },
      "geometry": {
        "type": "Point",
        "coordinates": [
          12.1696798,
          49.3491193
        ]
      },
      "id": "way/23275800"
    },
    {
      "type": "Feature",
      "properties": {
        "@id": "way/23275802",
        "name": "Edelmannsee",
        "natural": "water",
        "source": "DOP_LVA_BY_01",
        "water": "lake",
        "@geometry": "center"
      },
      "geometry": {
        "type": "Point",
        "coordinates": [
          12.2007176,
          49.3568209
        ]
      },
      "id": "way/23275802"
    },
    {
      "type": "Feature",
      "properties": {
        "@id": "way/23275816",
        "name": "Landsknechtweiher",
        "natural": "water",
        "source": "DOP_LVA_BY_01",
        "water": "lake",
        "@geometry": "center"
      },
      "geometry": {
        "type": "Point",
        "coordinates": [
          12.1786489,
          49.3511403
        ]
      },
      "id": "way/23275816"
    },
    {
      "type": "Feature",
      "properties": {
        "@id": "way/23275834",
        "name": "Elsenweiher",
        "natural": "water",
        "water": "lake",
        "@geometry": "center"
      },
      "geometry": {
        "type": "Point",
        "coordinates": [
          12.191686,
          49.3550013
        ]
      },
      "id": "way/23275834"
    },
    {
      "type": "Feature",
      "properties": {
        "@id": "way/23275835",
        "natural": "water",
        "source": "DOP_LVA_BY_01",
        "water": "lake",
        "@geometry": "center"
      },
      "geometry": {
        "type": "Point",
        "coordinates": [
          12.189534,
          49.3580159
        ]
      },
      "id": "way/23275835"
    },
    {
      "type": "Feature",
      "properties": {
        "@id": "way/23275861",
        "natural": "water",
        "source": "DOP_LVA_BY_01",
        "water": "lake",
        "@geometry": "center"
      },
      "geometry": {
        "type": "Point",
        "coordinates": [
          12.1817661,
          49.3575388
        ]
      },
      "id": "way/23275861"
    },
    {
      "type": "Feature",
      "properties": {
        "@id": "way/23275864",
        "natural": "water",
        "water": "lake",
        "@geometry": "center"
      },
      "geometry": {
        "type": "Point",
        "coordinates": [
          12.1885353,
          49.3556971
        ]
      },
      "id": "way/23275864"
    },
    {
      "type": "Feature",
      "properties": {
        "@id": "way/23275866",
        "natural": "water",
        "source": "DOP_LVA_BY_01",
        "water": "lake",
        "@geometry": "center"
      },
      "geometry": {
        "type": "Point",
        "coordinates": [
          12.1807009,
          49.354219
        ]
      },
      "id": "way/23275866"
    },
    {
      "type": "Feature",
      "properties": {
        "@id": "way/23275869",
        "name": "Großweiher",
        "natural": "water",
        "source": "DOP_LVA_BY_01",
        "water": "lake",
        "@geometry": "center"
      },
      "geometry": {
        "type": "Point",
        "coordinates": [
          12.1789054,
          49.3548803
        ]
      },
      "id": "way/23275869"
    },
    {
      "type": "Feature",
      "properties": {
        "@id": "way/23275870",
        "natural": "water",
        "source": "DOP_LVA_BY_01",
        "water": "lake",
        "@geometry": "center"
      },
      "geometry": {
        "type": "Point",
        "coordinates": [
          12.1864333,
          49.3573159
        ]
      },
      "id": "way/23275870"
    },
    {
      "type": "Feature",
      "properties": {
        "@id": "way/23275974",
        "intermittent": "no",
        "name": "Kleiner Kiesweiher",
        "natural": "water",
        "salt": "no",
        "tidal": "no",
        "water": "lake",
        "@geometry": "center"
      },
      "geometry": {
        "type": "Point",
        "coordinates": [
          12.1109123,
          49.2898601
        ]
      },
      "id": "way/23275974"
    },
    {
      "type": "Feature",
      "properties": {
        "@id": "way/23449588",
        "name": "Taubensee",
        "natural": "water",
        "swimming_pool": "no",
        "water": "lake",
        "wikidata": "Q2396531",
        "@geometry": "center"
      },
      "geometry": {
        "type": "Point",
        "coordinates": [
          12.8645743,
          47.6314818
        ]
      },
      "id": "way/23449588"
    },
    {
      "type": "Feature",
      "properties": {
        "@id": "way/23566114",
        "intermittent": "no",
        "name": "Thumsee",
        "natural": "water",
        "salt": "no",
        "tidal": "no",
        "water": "lake",
        "wikidata": "Q253393",
        "wikipedia": "de:Thumsee",
        "@geometry": "center"
      },
      "geometry": {
        "type": "Point",
        "coordinates": [
          12.8250913,
          47.7188966
        ]
      },
      "id": "way/23566114"
    },
    {
      "type": "Feature",
      "properties": {
        "@id": "way/23768168",
        "name": "Ausee",
        "natural": "water",
        "water": "lake",
        "@geometry": "center"
      },
      "geometry": {
        "type": "Point",
        "coordinates": [
          12.9971613,
          47.8406645
        ]
      },
      "id": "way/23768168"
    },
    {
      "type": "Feature",
      "properties": {
        "@id": "way/23777681",
        "alt_name": "Jarzter See",
        "name": "Rottegger Weiher",
        "natural": "water",
        "water": "lake",
        "@geometry": "center"
      },
      "geometry": {
        "type": "Point",
        "coordinates": [
          11.5710523,
          48.3624917
        ]
      },
      "id": "way/23777681"
    },
    {
      "type": "Feature",
      "properties": {
        "@id": "way/23777686",
        "natural": "water",
        "water": "lake",
        "@geometry": "center"
      },
      "geometry": {
        "type": "Point",
        "coordinates": [
          11.5717995,
          48.3615257
        ]
      },
      "id": "way/23777686"
    },
    {
      "type": "Feature",
      "properties": {
        "@id": "way/23777709",
        "name": "Nefzger Weiher",
        "natural": "water",
        "water": "lake",
        "@geometry": "center"
      },
      "geometry": {
        "type": "Point",
        "coordinates": [
          11.5702808,
          48.3607073
        ]
      },
      "id": "way/23777709"
    },
    {
      "type": "Feature",
      "properties": {
        "@id": "way/23777721",
        "natural": "water",
        "water": "lake",
        "@geometry": "center"
      },
      "geometry": {
        "type": "Point",
        "coordinates": [
          11.5695602,
          48.3602468
        ]
      },
      "id": "way/23777721"
    },
    {
      "type": "Feature",
      "properties": {
        "@id": "way/23777726",
        "name": "Schwarzweiher",
        "natural": "water",
        "water": "lake",
        "@geometry": "center"
      },
      "geometry": {
        "type": "Point",
        "coordinates": [
          11.5689763,
          48.3612062
        ]
      },
      "id": "way/23777726"
    },
    {
      "type": "Feature",
      "properties": {
        "@id": "way/23777731",
        "natural": "water",
        "water": "lake",
        "@geometry": "center"
      },
      "geometry": {
        "type": "Point",
        "coordinates": [
          11.5726498,
          48.3610235
        ]
      },
      "id": "way/23777731"
    },
    {
      "type": "Feature",
      "properties": {
        "@id": "way/23777733",
        "natural": "water",
        "water": "lake",
        "@geometry": "center"
      },
      "geometry": {
        "type": "Point",
        "coordinates": [
          11.5693252,
          48.3615336
        ]
      },
      "id": "way/23777733"
    },
    {
      "type": "Feature",
      "properties": {
        "@id": "way/23805337",
        "name": "Fuchsenweiher",
        "natural": "water",
        "water": "lake",
        "@geometry": "center"
      },
      "geometry": {
        "type": "Point",
        "coordinates": [
          11.600722,
          48.4234967
        ]
      },
      "id": "way/23805337"
    },
    {
      "type": "Feature",
      "properties": {
        "@id": "way/23862701",
        "natural": "water",
        "source": "Datenquelle: Bayerische Vermessungsverwaltung – www.geodaten.bayern.de",
        "source:url": "http://vermessung.bayern.de/opendata",
        "water": "lake",
        "@geometry": "center"
      },
      "geometry": {
        "type": "Point",
        "coordinates": [
          10.8820528,
          48.229064
        ]
      },
      "id": "way/23862701"
    },
    {
      "type": "Feature",
      "properties": {
        "@id": "way/24049389",
        "description": "Ein ehemaliger Löschweiher der Neustädter Bayernoil Raffinerie. Heute wird er vor allem von ehemaligen Angestellten der Raffinerie zum Fischen benutzt. Hierfür benötigt man eine Genehmigung des Bayernoil Sportvereins.",
        "fishing": "private",
        "intermittent": "no",
        "name": "A-Becken",
        "natural": "water",
        "salt": "no",
        "source": "landsat",
        "tidal": "no",
        "water": "lake",
        "@geometry": "center"
      },
      "geometry": {
        "type": "Point",
        "coordinates": [
          11.7367795,
          48.7804548
        ]
      },
      "id": "way/24049389"
    },
    {
      "type": "Feature",
      "properties": {
        "@id": "way/24418481",
        "name": "Rachelsee",
        "name:cs": "Roklanské jezero",
        "natural": "water",
        "water": "lake",
        "wikidata": "Q896974",
        "wikipedia": "de:Rachelsee",
        "@geometry": "center"
      },
      "geometry": {
        "type": "Point",
        "coordinates": [
          13.4018351,
          48.9751492
        ]
      },
      "id": "way/24418481"
    },
    {
      "type": "Feature",
      "properties": {
        "@id": "way/24513787",
        "name": "Erlensee",
        "natural": "water",
        "water": "lake",
        "@geometry": "center"
      },
      "geometry": {
        "type": "Point",
        "coordinates": [
          10.1794961,
          49.211727
        ]
      },
      "id": "way/24513787"
    },
    {
      "type": "Feature",
      "properties": {
        "@id": "way/24585948",
        "name": "Kefersee",
        "natural": "water",
        "source": "landsat",
        "water": "lake",
        "@geometry": "center"
      },
      "geometry": {
        "type": "Point",
        "coordinates": [
          12.1229554,
          47.8046921
        ]
      },
      "id": "way/24585948"
    },
    {
      "type": "Feature",
      "properties": {
        "@id": "way/24694404",
        "leisure": "swimming_area",
        "loc_name": "Kellerbau",
        "name": "Vöhringer See",
        "natural": "water",
        "sport": "swimming",
        "water": "lake",
        "@geometry": "center"
      },
      "geometry": {
        "type": "Point",
        "coordinates": [
          10.0664438,
          48.2947711
        ]
      },
      "id": "way/24694404"
    },
    {
      "type": "Feature",
      "properties": {
        "@id": "way/24717804",
        "check_date": "2024-03-11",
        "name": "Eittinger Weiher",
        "natural": "water",
        "sport": "swimming",
        "water": "lake",
        "@geometry": "center"
      },
      "geometry": {
        "type": "Point",
        "coordinates": [
          11.8978852,
          48.3656861
        ]
      },
      "id": "way/24717804"
    },
    {
      "type": "Feature",
      "properties": {
        "@id": "way/24719157",
        "natural": "water",
        "water": "lake",
        "@geometry": "center"
      },
      "geometry": {
        "type": "Point",
        "coordinates": [
          11.3277457,
          48.2260292
        ]
      },
      "id": "way/24719157"
    },
    {
      "type": "Feature",
      "properties": {
        "@id": "way/24719159",
        "name": "Stürzer Weiher",
        "natural": "water",
        "water": "lake",
        "@geometry": "center"
      },
      "geometry": {
        "type": "Point",
        "coordinates": [
          11.3295561,
          48.226715
        ]
      },
      "id": "way/24719159"
    },
    {
      "type": "Feature",
      "properties": {
        "@id": "way/24722892",
        "natural": "water",
        "water": "lake",
        "@geometry": "center"
      },
      "geometry": {
        "type": "Point",
        "coordinates": [
          10.3535728,
          49.9632285
        ]
      },
      "id": "way/24722892"
    },
    {
      "type": "Feature",
      "properties": {
        "@id": "way/24722921",
        "fishing": "members_only",
        "name": "Glöckle-Badesee",
        "natural": "water",
        "source": "DOP from WMS at geodaten.bayern.de",
        "water": "lake",
        "@geometry": "center"
      },
      "geometry": {
        "type": "Point",
        "coordinates": [
          10.1994426,
          50.0096325
        ]
      },
      "id": "way/24722921"
    },
    {
      "type": "Feature",
      "properties": {
        "@id": "way/24722926",
        "fishing": "members_only",
        "name": "Leirer See",
        "natural": "water",
        "source": "DOP from WMS at geodaten.bayern.de",
        "water": "lake",
        "@geometry": "center"
      },
      "geometry": {
        "type": "Point",
        "coordinates": [
          10.2030309,
          50.0100031
        ]
      },
      "id": "way/24722926"
    },
    {
      "type": "Feature",
      "properties": {
        "@id": "way/24722929",
        "fishing": "license",
        "name": "Kleiner Badesee",
        "natural": "water",
        "source": "DOP from WMS at geodaten.bayern.de",
        "water": "lake",
        "@geometry": "center"
      },
      "geometry": {
        "type": "Point",
        "coordinates": [
          10.2075239,
          50.0109246
        ]
      },
      "id": "way/24722929"
    },
    {
      "type": "Feature",
      "properties": {
        "@id": "way/24722930",
        "fishing": "members_only",
        "name": "Schonsee",
        "natural": "water",
        "source": "DOP from WMS at geodaten.bayern.de",
        "water": "lake",
        "@geometry": "center"
      },
      "geometry": {
        "type": "Point",
        "coordinates": [
          10.2060191,
          50.0117648
        ]
      },
      "id": "way/24722930"
    },
    {
      "type": "Feature",
      "properties": {
        "@id": "way/24760981",
        "alt_name": "Schmuttersee",
        "name": "Schmutterweiher",
        "natural": "water",
        "water": "lake",
        "wikidata": "Q32288410",
        "@geometry": "center"
      },
      "geometry": {
        "type": "Point",
        "coordinates": [
          10.7575331,
          47.6739785
        ]
      },
      "id": "way/24760981"
    },
    {
      "type": "Feature",
      "properties": {
        "@id": "way/24761137",
        "name": "Sameisterweiher",
        "natural": "water",
        "water": "lake",
        "@geometry": "center"
      },
      "geometry": {
        "type": "Point",
        "coordinates": [
          10.743319,
          47.6852955
        ]
      },
      "id": "way/24761137"
    },
    {
      "type": "Feature",
      "properties": {
        "@id": "way/24764378",
        "boat": "no",
        "name": "Ausee",
        "natural": "water",
        "water": "lake",
        "@geometry": "center"
      },
      "geometry": {
        "type": "Point",
        "coordinates": [
          11.0234339,
          49.6652104
        ]
      },
      "id": "way/24764378"
    },
    {
      "type": "Feature",
      "properties": {
        "@id": "way/24809102",
        "name": "Großer Weiher",
        "natural": "water",
        "water": "lake",
        "@geometry": "center"
      },
      "geometry": {
        "type": "Point",
        "coordinates": [
          12.3292341,
          49.7793056
        ]
      },
      "id": "way/24809102"
    },
    {
      "type": "Feature",
      "properties": {
        "@id": "way/24834477",
        "name": "Premer Lechsee",
        "natural": "water",
        "source": "Bing",
        "water": "lake",
        "@geometry": "center"
      },
      "geometry": {
        "type": "Point",
        "coordinates": [
          10.794548,
          47.6842156
        ]
      },
      "id": "way/24834477"
    },
    {
      "type": "Feature",
      "properties": {
        "@id": "way/25013649",
        "name": "Staudhamer Kiesgrube",
        "natural": "water",
        "water": "lake",
        "@geometry": "center"
      },
      "geometry": {
        "type": "Point",
        "coordinates": [
          12.1720435,
          48.0629243
        ]
      },
      "id": "way/25013649"
    },
    {
      "type": "Feature",
      "properties": {
        "@id": "way/25195291",
        "alt_name": "Berghofener See",
        "intermittent": "no",
        "name": "Badesee Haselfurth",
        "natural": "water",
        "salt": "no",
        "sport": "swimming",
        "tidal": "no",
        "water": "lake",
        "@geometry": "center"
      },
      "geometry": {
        "type": "Point",
        "coordinates": [
          12.0129292,
          48.4820955
        ]
      },
      "id": "way/25195291"
    },
    {
      "type": "Feature",
      "properties": {
        "@id": "way/25205149",
        "ele": "1622",
        "name": "Seealpsee",
        "natural": "water",
        "water": "lake",
        "wikidata": "Q1330363",
        "wikipedia": "de:Seealpsee (Allgäuer Alpen)",
        "@geometry": "center"
      },
      "geometry": {
        "type": "Point",
        "coordinates": [
          10.3394675,
          47.3994852
        ]
      },
      "id": "way/25205149"
    },
    {
      "type": "Feature",
      "properties": {
        "@id": "way/25406593",
        "alt_name": "Sportsee V",
        "intermittent": "no",
        "name": "Burgheimer Weiher",
        "natural": "water",
        "salt": "no",
        "source": "Bayern(2m)",
        "sport": "swimming",
        "tidal": "no",
        "url": "https://www.neuburg-schrobenhausen.de/index.php?id=698,92",
        "water": "lake",
        "@geometry": "center"
      },
      "geometry": {
        "type": "Point",
        "coordinates": [
          11.0107133,
          48.7186126
        ]
      },
      "id": "way/25406593"
    },
    {
      "type": "Feature",
      "properties": {
        "@id": "way/25410842",
        "ele": "804",
        "intermittent": "no",
        "name": "Mittersee",
        "natural": "water",
        "salt": "no",
        "tidal": "no",
        "water": "lake",
        "wikidata": "Q32137242",
        "@geometry": "center"
      },
      "geometry": {
        "type": "Point",
        "coordinates": [
          10.6827424,
          47.5623873
        ]
      },
      "id": "way/25410842"
    },
    {
      "type": "Feature",
      "properties": {
        "@id": "way/25461090",
        "TMC:cid_58:tabcd_1:Class": "Area",
        "TMC:cid_58:tabcd_1:LCLversion": "9.00",
        "TMC:cid_58:tabcd_1:LocationCode": "31832",
        "intermittent": "no",
        "name": "Langwieder See",
        "natural": "water",
        "salt": "no",
        "sport": "swimming",
        "tidal": "no",
        "water": "lake",
        "wikipedia": "de:Langwieder Seenplatte",
        "@geometry": "center"
      },
      "geometry": {
        "type": "Point",
        "coordinates": [
          11.4148039,
          48.1956807
        ]
      },
      "id": "way/25461090"
    },
    {
      "type": "Feature",
      "properties": {
        "@id": "way/25609007",
        "alt_name": "Fünf-Minuten-See",
        "fishing": "licence",
        "intermittent": "no",
        "name": "Bergersee",
        "natural": "water",
        "salt": "no",
        "tidal": "no",
        "water": "lake",
        "website": "https://www.fischzucht-berger.de/bergersee-angeln",
        "@geometry": "center"
      },
      "geometry": {
        "type": "Point",
        "coordinates": [
          10.9696147,
          48.2877929
        ]
      },
      "id": "way/25609007"
    },
    {
      "type": "Feature",
      "properties": {
        "@id": "way/25609008",
        "fishing": "licence",
        "intermittent": "no",
        "name": "Wörschingsee",
        "natural": "water",
        "salt": "no",
        "tidal": "no",
        "water": "lake",
        "website": "https://www.fischergilde-kissing.de/unsere-gewaesser/",
        "@geometry": "center"
      },
      "geometry": {
        "type": "Point",
        "coordinates": [
          10.9709817,
          48.286397
        ]
      },
      "id": "way/25609008"
    },
    {
      "type": "Feature",
      "properties": {
        "@id": "way/25723060",
        "fish": "yes",
        "natural": "water",
        "water": "lake",
        "website": "http://www.korbinianschule.de/korbinianschule/highlights/587/weiher",
        "@geometry": "center"
      },
      "geometry": {
        "type": "Point",
        "coordinates": [
          12.0277464,
          48.0840563
        ]
      },
      "id": "way/25723060"
    },
    {
      "type": "Feature",
      "properties": {
        "@id": "way/25723321",
        "access": "permit",
        "alt_name": "Berger See",
        "fish": "yes",
        "fishing": "license",
        "intermittent": "yes",
        "name": "Berger Lacke",
        "name:de": "Berger Lacke",
        "name:en": "Berger Lake",
        "natural": "water",
        "note": "Mit dem Wasserstand ändert sich die Fläche des Sees teilweise erheblich",
        "water": "lake",
        "wikidata": "Q130600873",
        "@geometry": "center"
      },
      "geometry": {
        "type": "Point",
        "coordinates": [
          12.0229141,
          48.0938187
        ]
      },
      "id": "way/25723321"
    },
    {
      "type": "Feature",
      "properties": {
        "@id": "way/25775705",
        "name": "See Emma Süd / Hornsee",
        "natural": "water",
        "source": "landsat",
        "water": "lake",
        "@geometry": "center"
      },
      "geometry": {
        "type": "Point",
        "coordinates": [
          8.9970241,
          50.0695228
        ]
      },
      "id": "way/25775705"
    },
    {
      "type": "Feature",
      "properties": {
        "@id": "way/25827771",
        "ele": "1876",
        "name": "Engeratsgundsee",
        "natural": "water",
        "water": "lake",
        "wikidata": "Q1342257",
        "wikimedia_commons": "Category:Engeratsgundsee",
        "wikipedia": "de:Engeratsgundsee",
        "@geometry": "center"
      },
      "geometry": {
        "type": "Point",
        "coordinates": [
          10.3914458,
          47.4411009
        ]
      },
      "id": "way/25827771"
    },
    {
      "type": "Feature",
      "properties": {
        "@id": "way/25827788",
        "ele": "2012",
        "name": "Laufbichelsee",
        "natural": "water",
        "water": "lake",
        "wikidata": "Q32089342",
        "wikimedia_commons": "Category:Laufbichelsee",
        "@geometry": "center"
      },
      "geometry": {
        "type": "Point",
        "coordinates": [
          10.3764035,
          47.4349325
        ]
      },
      "id": "way/25827788"
    },
    {
      "type": "Feature",
      "properties": {
        "@id": "way/25832530",
        "name": "Krummweiher",
        "natural": "water",
        "water": "lake",
        "@geometry": "center"
      },
      "geometry": {
        "type": "Point",
        "coordinates": [
          10.5417116,
          49.1372597
        ]
      },
      "id": "way/25832530"
    },
    {
      "type": "Feature",
      "properties": {
        "@id": "way/25858529",
        "loc_name": "Griessee",
        "name": "Nachtweide See",
        "natural": "water",
        "water": "lake",
        "wikidata": "Q18627957",
        "@geometry": "center"
      },
      "geometry": {
        "type": "Point",
        "coordinates": [
          9.0199594,
          50.0674918
        ]
      },
      "id": "way/25858529"
    },
    {
      "type": "Feature",
      "properties": {
        "@id": "way/25858531",
        "name": "Vorspessartseen",
        "natural": "water",
        "water": "lake",
        "@geometry": "center"
      },
      "geometry": {
        "type": "Point",
        "coordinates": [
          9.0283486,
          50.0670558
        ]
      },
      "id": "way/25858531"
    },
    {
      "type": "Feature",
      "properties": {
        "@id": "way/25928315",
        "alt_name": "Sileisee",
        "name": "Schindlberger See",
        "natural": "water",
        "sport": "swimming",
        "water": "lake",
        "@geometry": "center"
      },
      "geometry": {
        "type": "Point",
        "coordinates": [
          12.1682233,
          47.6754319
        ]
      },
      "id": "way/25928315"
    },
    {
      "type": "Feature",
      "properties": {
        "@id": "way/25997807",
        "name": "Gröbensee",
        "natural": "water",
        "water": "lake",
        "@geometry": "center"
      },
      "geometry": {
        "type": "Point",
        "coordinates": [
          11.299674,
          47.811278
        ]
      },
      "id": "way/25997807"
    },
    {
      "type": "Feature",
      "properties": {
        "@id": "way/25997808",
        "name": "Lustsee",
        "natural": "water",
        "water": "lake",
        "@geometry": "center"
      },
      "geometry": {
        "type": "Point",
        "coordinates": [
          11.295927,
          47.8101262
        ]
      },
      "id": "way/25997808"
    },
    {
      "type": "Feature",
      "properties": {
        "@id": "way/26208006",
        "name": "Langerringer Baggerseen",
        "natural": "water",
        "sport": "swimming",
        "water": "lake",
        "@geometry": "center"
      },
      "geometry": {
        "type": "Point",
        "coordinates": [
          10.7242885,
          48.1071089
        ]
      },
      "id": "way/26208006"
    },
    {
      "type": "Feature",
      "properties": {
        "@id": "way/26299378",
        "ele": "765",
        "leisure": "fishing",
        "name": "Haslacher See",
        "natural": "water",
        "water": "lake",
        "@geometry": "center"
      },
      "geometry": {
        "type": "Point",
        "coordinates": [
          10.784746,
          47.7502764
        ]
      },
      "id": "way/26299378"
    },
    {
      "type": "Feature",
      "properties": {
        "@id": "way/26547930",
        "natural": "water",
        "water": "lake",
        "@geometry": "center"
      },
      "geometry": {
        "type": "Point",
        "coordinates": [
          10.8642944,
          48.3708325
        ]
      },
      "id": "way/26547930"
    },
    {
      "type": "Feature",
      "properties": {
        "@id": "way/26704779",
        "name": "Bursweiher Badesee",
        "natural": "water",
        "source": "DOP_LVA_BY_01",
        "water": "lake",
        "@geometry": "center"
      },
      "geometry": {
        "type": "Point",
        "coordinates": [
          12.345166,
          49.5456262
        ]
      },
      "id": "way/26704779"
    },
    {
      "type": "Feature",
      "properties": {
        "@id": "way/26708916",
        "emergency": "water_tank",
        "landuse": "reservoir",
        "loc_name": "Hundesee",
        "name": "Landschaftssee Allacher Lohe",
        "natural": "water",
        "water": "lake",
        "wikidata": "Q23787859",
        "wikipedia": "de:Landschaftssee Allacher Lohe",
        "@geometry": "center"
      },
      "geometry": {
        "type": "Point",
        "coordinates": [
          11.4890654,
          48.1997607
        ]
      },
      "id": "way/26708916"
    },
    {
      "type": "Feature",
      "properties": {
        "@id": "way/26713595",
        "name": "Schachensee",
        "natural": "water",
        "water": "lake",
        "wikidata": "Q1359092",
        "@geometry": "center"
      },
      "geometry": {
        "type": "Point",
        "coordinates": [
          11.1196932,
          47.4239992
        ]
      },
      "id": "way/26713595"
    },
    {
      "type": "Feature",
      "properties": {
        "@id": "way/26719621",
        "name": "Alemannensee",
        "natural": "water",
        "water": "lake",
        "@geometry": "center"
      },
      "geometry": {
        "type": "Point",
        "coordinates": [
          10.8840522,
          48.2259702
        ]
      },
      "id": "way/26719621"
    },
    {
      "type": "Feature",
      "properties": {
        "@id": "way/26719640",
        "name": "Fohlenhof-Weiher",
        "natural": "water",
        "water": "lake",
        "@geometry": "center"
      },
      "geometry": {
        "type": "Point",
        "coordinates": [
          10.9074605,
          48.2382561
        ]
      },
      "id": "way/26719640"
    },
    {
      "type": "Feature",
      "properties": {
        "@id": "way/26719659",
        "name": "Fohlenausee",
        "natural": "water",
        "water": "lake",
        "@geometry": "center"
      },
      "geometry": {
        "type": "Point",
        "coordinates": [
          10.9117062,
          48.237928
        ]
      },
      "id": "way/26719659"
    },
    {
      "type": "Feature",
      "properties": {
        "@id": "way/26735365",
        "name": "Frillensee",
        "natural": "water",
        "water": "lake",
        "wikidata": "Q256725",
        "wikipedia": "de:Frillensee (Grainau)",
        "@geometry": "center"
      },
      "geometry": {
        "type": "Point",
        "coordinates": [
          10.985092,
          47.4540663
        ]
      },
      "id": "way/26735365"
    },
    {
      "type": "Feature",
      "properties": {
        "@id": "way/26761684",
        "name": "Stuibensee",
        "natural": "water",
        "water": "lake",
        "wikidata": "Q21041929",
        "@geometry": "center"
      },
      "geometry": {
        "type": "Point",
        "coordinates": [
          11.0646179,
          47.4274197
        ]
      },
      "id": "way/26761684"
    },
    {
      "type": "Feature",
      "properties": {
        "@id": "way/26790336",
        "natural": "water",
        "water": "lake",
        "@geometry": "center"
      },
      "geometry": {
        "type": "Point",
        "coordinates": [
          9.7095351,
          50.008554
        ]
      },
      "id": "way/26790336"
    },
    {
      "type": "Feature",
      "properties": {
        "@id": "way/26921689",
        "access": "private",
        "fishing": "private",
        "natural": "water",
        "salt": "no",
        "water": "lake",
        "@geometry": "center"
      },
      "geometry": {
        "type": "Point",
        "coordinates": [
          9.8440876,
          49.8670659
        ]
      },
      "id": "way/26921689"
    },
    {
      "type": "Feature",
      "properties": {
        "@id": "way/26921690",
        "fishing": "licence",
        "intermittent": "no",
        "natural": "water",
        "note": "Dieser See befindet sich im Landschaftsschutzgebiet \"Maintalschutzlandschaft Thüngersheim\". Es handelt sich beim Umriss vom See nicht um eine eigene Schutzgebietsgrenze",
        "salt": "no",
        "tidal": "no",
        "water": "lake",
        "@geometry": "center"
      },
      "geometry": {
        "type": "Point",
        "coordinates": [
          9.8423093,
          49.8710942
        ]
      },
      "id": "way/26921690"
    },
    {
      "type": "Feature",
      "properties": {
        "@id": "way/27210834",
        "natural": "water",
        "water": "lake",
        "@geometry": "center"
      },
      "geometry": {
        "type": "Point",
        "coordinates": [
          11.1360209,
          48.4831629
        ]
      },
      "id": "way/27210834"
    },
    {
      "type": "Feature",
      "properties": {
        "@id": "way/27210836",
        "name": "Walchshofener Baggersee",
        "natural": "water",
        "water": "lake",
        "@geometry": "center"
      },
      "geometry": {
        "type": "Point",
        "coordinates": [
          11.135197,
          48.4811458
        ]
      },
      "id": "way/27210836"
    },
    {
      "type": "Feature",
      "properties": {
        "@id": "way/27271590",
        "natural": "water",
        "water": "lake",
        "@geometry": "center"
      },
      "geometry": {
        "type": "Point",
        "coordinates": [
          11.1417168,
          48.2026803
        ]
      },
      "id": "way/27271590"
    },
    {
      "type": "Feature",
      "properties": {
        "@id": "way/27285705",
        "ele": "1026",
        "name": "Luttensee",
        "natural": "water",
        "water": "lake",
        "wikidata": "Q30513955",
        "@geometry": "center"
      },
      "geometry": {
        "type": "Point",
        "coordinates": [
          11.2499228,
          47.4582798
        ]
      },
      "id": "way/27285705"
    },
    {
      "type": "Feature",
      "properties": {
        "@id": "way/27360965",
        "name": "Vierecksee",
        "natural": "water",
        "source": "Yahoo",
        "water": "lake",
        "@geometry": "center"
      },
      "geometry": {
        "type": "Point",
        "coordinates": [
          11.4007514,
          50.0930631
        ]
      },
      "id": "way/27360965"
    },
    {
      "type": "Feature",
      "properties": {
        "@id": "way/27412406",
        "name": "Lauterbacher Weiher",
        "natural": "water",
        "sport": "swimming",
        "water": "lake",
        "@geometry": "center"
      },
      "geometry": {
        "type": "Point",
        "coordinates": [
          10.3244035,
          49.3460376
        ]
      },
      "id": "way/27412406"
    },
    {
      "type": "Feature",
      "properties": {
        "@id": "way/27458171",
        "name": "Untersee",
        "natural": "water",
        "water": "lake",
        "@geometry": "center"
      },
      "geometry": {
        "type": "Point",
        "coordinates": [
          12.3844744,
          49.3497541
        ]
      },
      "id": "way/27458171"
    },
    {
      "type": "Feature",
      "properties": {
        "@id": "way/27513710",
        "name": "Ganslweiher",
        "natural": "water",
        "salt": "no",
        "tidal": "no",
        "water": "lake",
        "@geometry": "center"
      },
      "geometry": {
        "type": "Point",
        "coordinates": [
          11.4321824,
          49.2233114
        ]
      },
      "id": "way/27513710"
    },
    {
      "type": "Feature",
      "properties": {
        "@id": "way/27652138",
        "name": "Bachweiher",
        "natural": "water",
        "source": "Yahoo",
        "water": "lake",
        "@geometry": "center"
      },
      "geometry": {
        "type": "Point",
        "coordinates": [
          11.1833075,
          48.7130739
        ]
      },
      "id": "way/27652138"
    },
    {
      "type": "Feature",
      "properties": {
        "@id": "way/27720036",
        "name": "Blätterweiher",
        "natural": "water",
        "source": "DOP_LVA_BY_01",
        "water": "lake",
        "@geometry": "center"
      },
      "geometry": {
        "type": "Point",
        "coordinates": [
          12.2027667,
          49.354745
        ]
      },
      "id": "way/27720036"
    },
    {
      "type": "Feature",
      "properties": {
        "@id": "way/27720037",
        "natural": "water",
        "water": "lake",
        "@geometry": "center"
      },
      "geometry": {
        "type": "Point",
        "coordinates": [
          12.1988102,
          49.3544362
        ]
      },
      "id": "way/27720037"
    },
    {
      "type": "Feature",
      "properties": {
        "@id": "way/27740045",
        "name": "Grasweiher",
        "natural": "water",
        "water": "lake",
        "@geometry": "center"
      },
      "geometry": {
        "type": "Point",
        "coordinates": [
          12.1954916,
          49.3537929
        ]
      },
      "id": "way/27740045"
    },
    {
      "type": "Feature",
      "properties": {
        "@id": "way/27768369",
        "name": "Waldsee",
        "natural": "water",
        "water": "lake",
        "@geometry": "center"
      },
      "geometry": {
        "type": "Point",
        "coordinates": [
          11.122499,
          49.1888311
        ]
      },
      "id": "way/27768369"
    },
    {
      "type": "Feature",
      "properties": {
        "@id": "way/27851840",
        "alt_name": "Schlappoltsee",
        "ele": "1717",
        "name": "Schlappoldsee",
        "natural": "water",
        "ref:avf": "761",
        "source:name": "https://www.oberstdorf.de/",
        "water": "lake",
        "wikidata": "Q2238447",
        "wikipedia": "de:Schlappoltsee",
        "@geometry": "center"
      },
      "geometry": {
        "type": "Point",
        "coordinates": [
          10.2265352,
          47.3510582
        ]
      },
      "id": "way/27851840"
    },
    {
      "type": "Feature",
      "properties": {
        "@id": "way/28165470",
        "name": "Roggenburger Weiher",
        "natural": "water",
        "water": "lake",
        "@geometry": "center"
      },
      "geometry": {
        "type": "Point",
        "coordinates": [
          10.2190244,
          48.2773875
        ]
      },
      "id": "way/28165470"
    },
    {
      "type": "Feature",
      "properties": {
        "@id": "way/28222928",
        "ele": "1393",
        "name": "Grünsee",
        "natural": "water",
        "water": "lake",
        "wikidata": "Q1552337",
        "wikipedia": "de:Grünsee (Schliersee)",
        "@geometry": "center"
      },
      "geometry": {
        "type": "Point",
        "coordinates": [
          11.8662513,
          47.6519829
        ]
      },
      "id": "way/28222928"
    },
    {
      "type": "Feature",
      "properties": {
        "@id": "way/28236908",
        "leisure": "water_park",
        "name": "Raßbach Badeweiher",
        "natural": "water",
        "water": "lake",
        "@geometry": "center"
      },
      "geometry": {
        "type": "Point",
        "coordinates": [
          13.5525621,
          48.6040811
        ]
      },
      "id": "way/28236908"
    },
    {
      "type": "Feature",
      "properties": {
        "@id": "way/28247831",
        "name": "Schwemmsee",
        "natural": "water",
        "water": "lake",
        "website": "https://wuerzburgwiki.de/wiki/Schwemmsee_(H%C3%B6chberg)",
        "wikimedia_commons": "Category:Schwemmsee (Höchberg)",
        "@geometry": "center"
      },
      "geometry": {
        "type": "Point",
        "coordinates": [
          9.8636768,
          49.7791005
        ]
      },
      "id": "way/28247831"
    },
    {
      "type": "Feature",
      "properties": {
        "@id": "way/28296225",
        "name": "Auweiher",
        "natural": "water",
        "water": "lake",
        "wikidata": "Q22693289",
        "wikipedia": "de:Auweiher (Rötlbach)",
        "@geometry": "center"
      },
      "geometry": {
        "type": "Point",
        "coordinates": [
          11.2628954,
          47.8708391
        ]
      },
      "id": "way/28296225"
    },
    {
      "type": "Feature",
      "properties": {
        "@id": "way/28318263",
        "natural": "water",
        "water": "lake",
        "@geometry": "center"
      },
      "geometry": {
        "type": "Point",
        "coordinates": [
          12.0791795,
          49.0197727
        ]
      },
      "id": "way/28318263"
    },
    {
      "type": "Feature",
      "properties": {
        "@id": "way/28355927",
        "name": "Frillensee",
        "natural": "water",
        "water": "lake",
        "wikidata": "Q187221",
        "wikipedia": "de:Frillensee (Inzell)",
        "@geometry": "center"
      },
      "geometry": {
        "type": "Point",
        "coordinates": [
          12.8172948,
          47.7656609
        ]
      },
      "id": "way/28355927"
    },
    {
      "type": "Feature",
      "properties": {
        "@id": "way/28613712",
        "name": "Alterlanger See",
        "natural": "water",
        "water": "lake",
        "@geometry": "center"
      },
      "geometry": {
        "type": "Point",
        "coordinates": [
          10.989177,
          49.6005653
        ]
      },
      "id": "way/28613712"
    },
    {
      "type": "Feature",
      "properties": {
        "@id": "way/28704864",
        "name": "Teufelsbachklause",
        "natural": "water",
        "water": "lake",
        "@geometry": "center"
      },
      "geometry": {
        "type": "Point",
        "coordinates": [
          13.5881253,
          48.9577517
        ]
      },
      "id": "way/28704864"
    },
    {
      "type": "Feature",
      "properties": {
        "@id": "way/28704865",
        "name": "Reschbachklause",
        "natural": "water",
        "salt": "no",
        "tidal": "no",
        "water": "lake",
        "@geometry": "center"
      },
      "geometry": {
        "type": "Point",
        "coordinates": [
          13.563384,
          48.963357
        ]
      },
      "id": "way/28704865"
    },
    {
      "type": "Feature",
      "properties": {
        "@id": "way/28915388",
        "boundary": "protected_area",
        "name": "Nagler See",
        "natural": "water",
        "official_name": "Naturdenkmal Nageler Weiher",
        "protect_class": "7",
        "protection_title": "Naturdenkmal",
        "ref:DE-BY": "ND-03577",
        "short_protection_title": "ND",
        "water": "lake",
        "wikidata": "Q1963574",
        "wikimedia_commons": "Category:Nagler See",
        "wikipedia": "de:Nagler See",
        "@geometry": "center"
      },
      "geometry": {
        "type": "Point",
        "coordinates": [
          11.9229297,
          49.9800451
        ]
      },
      "id": "way/28915388"
    },
    {
      "type": "Feature",
      "properties": {
        "@id": "way/28939809",
        "name": "Schwarzer Teich",
        "natural": "water",
        "tourism": "attraction",
        "water": "lake",
        "@geometry": "center"
      },
      "geometry": {
        "type": "Point",
        "coordinates": [
          11.5674206,
          50.3905175
        ]
      },
      "id": "way/28939809"
    },
    {
      "type": "Feature",
      "properties": {
        "@id": "way/28965137",
        "natural": "water",
        "source": "DOP_LVA_BY_01",
        "water": "lake",
        "@geometry": "center"
      },
      "geometry": {
        "type": "Point",
        "coordinates": [
          12.7013477,
          49.2205107
        ]
      },
      "id": "way/28965137"
    },
    {
      "type": "Feature",
      "properties": {
        "@id": "way/28970631",
        "natural": "water",
        "water": "lake",
        "@geometry": "center"
      },
      "geometry": {
        "type": "Point",
        "coordinates": [
          12.6067164,
          49.2147669
        ]
      },
      "id": "way/28970631"
    },
    {
      "type": "Feature",
      "properties": {
        "@id": "way/28970633",
        "natural": "water",
        "water": "lake",
        "@geometry": "center"
      },
      "geometry": {
        "type": "Point",
        "coordinates": [
          12.6082753,
          49.2151766
        ]
      },
      "id": "way/28970633"
    },
    {
      "type": "Feature",
      "properties": {
        "@id": "way/28972038",
        "name": "Kleiner Arbersee",
        "natural": "water",
        "source": "DOP_LVA_BY_01",
        "water": "lake",
        "wikidata": "Q315435",
        "wikipedia": "de:Kleiner Arbersee",
        "@geometry": "center"
      },
      "geometry": {
        "type": "Point",
        "coordinates": [
          13.1195392,
          49.1260163
        ]
      },
      "id": "way/28972038"
    },
    {
      "type": "Feature",
      "properties": {
        "@id": "way/28976113",
        "natural": "water",
        "source": "DOP_LVA_BY_01",
        "water": "lake",
        "@geometry": "center"
      },
      "geometry": {
        "type": "Point",
        "coordinates": [
          12.9623172,
          49.2039828
        ]
      },
      "id": "way/28976113"
    },
    {
      "type": "Feature",
      "properties": {
        "@id": "way/28983287",
        "natural": "water",
        "source": "Bing",
        "water": "lake",
        "@geometry": "center"
      },
      "geometry": {
        "type": "Point",
        "coordinates": [
          12.1291377,
          49.0309704
        ]
      },
      "id": "way/28983287"
    },
    {
      "type": "Feature",
      "properties": {
        "@id": "way/28985338",
        "name": "Baggersee",
        "natural": "water",
        "water": "lake",
        "@geometry": "center"
      },
      "geometry": {
        "type": "Point",
        "coordinates": [
          12.9582776,
          47.8947015
        ]
      },
      "id": "way/28985338"
    },
    {
      "type": "Feature",
      "properties": {
        "@id": "way/28993798",
        "ele": "558",
        "name": "Großer Gaisweiher",
        "natural": "water",
        "source": "DOP_LVA_BY_01",
        "sport": "swimming",
        "water": "lake",
        "wikidata": "Q32511046",
        "@geometry": "center"
      },
      "geometry": {
        "type": "Point",
        "coordinates": [
          12.3405116,
          49.7431165
        ]
      },
      "id": "way/28993798"
    },
    {
      "type": "Feature",
      "properties": {
        "@id": "way/29016010",
        "name": "Sperlweiher",
        "natural": "water",
        "source": "DOP_LVA_BY_01",
        "water": "lake",
        "@geometry": "center"
      },
      "geometry": {
        "type": "Point",
        "coordinates": [
          12.4127975,
          49.6065631
        ]
      },
      "id": "way/29016010"
    },
    {
      "type": "Feature",
      "properties": {
        "@id": "way/29031259",
        "natural": "water",
        "source": "DOP_LVA_BY_01",
        "water": "lake",
        "@geometry": "center"
      },
      "geometry": {
        "type": "Point",
        "coordinates": [
          12.1979312,
          49.3555803
        ]
      },
      "id": "way/29031259"
    },
    {
      "type": "Feature",
      "properties": {
        "@id": "way/29031880",
        "natural": "water",
        "source": "DOP_LVA_BY_01",
        "water": "lake",
        "@geometry": "center"
      },
      "geometry": {
        "type": "Point",
        "coordinates": [
          12.1932944,
          49.3544869
        ]
      },
      "id": "way/29031880"
    },
    {
      "type": "Feature",
      "properties": {
        "@id": "way/29031893",
        "natural": "water",
        "source": "DOP_LVA_BY_01",
        "water": "lake",
        "@geometry": "center"
      },
      "geometry": {
        "type": "Point",
        "coordinates": [
          12.1950013,
          49.3552646
        ]
      },
      "id": "way/29031893"
    },
    {
      "type": "Feature",
      "properties": {
        "@id": "way/29031930",
        "name": "Hochweiher",
        "natural": "water",
        "source": "DOP_LVA_BY_01",
        "water": "lake",
        "@geometry": "center"
      },
      "geometry": {
        "type": "Point",
        "coordinates": [
          12.1952341,
          49.3565813
        ]
      },
      "id": "way/29031930"
    },
    {
      "type": "Feature",
      "properties": {
        "@id": "way/29032053",
        "natural": "water",
        "source": "DOP_LVA_BY_01",
        "water": "lake",
        "@geometry": "center"
      },
      "geometry": {
        "type": "Point",
        "coordinates": [
          12.1964974,
          49.3555778
        ]
      },
      "id": "way/29032053"
    },
    {
      "type": "Feature",
      "properties": {
        "@id": "way/29032055",
        "natural": "water",
        "source": "DOP_LVA_BY_01",
        "water": "lake",
        "@geometry": "center"
      },
      "geometry": {
        "type": "Point",
        "coordinates": [
          12.1968035,
          49.3559996
        ]
      },
      "id": "way/29032055"
    },
    {
      "type": "Feature",
      "properties": {
        "@id": "way/29032056",
        "natural": "water",
        "source": "DOP_LVA_BY_01",
        "water": "lake",
        "@geometry": "center"
      },
      "geometry": {
        "type": "Point",
        "coordinates": [
          12.1972146,
          49.3563258
        ]
      },
      "id": "way/29032056"
    },
    {
      "type": "Feature",
      "properties": {
        "@id": "way/29032057",
        "natural": "water",
        "source": "DOP_LVA_BY_01",
        "water": "lake",
        "@geometry": "center"
      },
      "geometry": {
        "type": "Point",
        "coordinates": [
          12.1974136,
          49.3568391
        ]
      },
      "id": "way/29032057"
    },
    {
      "type": "Feature",
      "properties": {
        "@id": "way/29032300",
        "name": "Straßweiher",
        "natural": "water",
        "source": "DOP_LVA_BY_01",
        "water": "lake",
        "@geometry": "center"
      },
      "geometry": {
        "type": "Point",
        "coordinates": [
          12.1966794,
          49.358213
        ]
      },
      "id": "way/29032300"
    },
    {
      "type": "Feature",
      "properties": {
        "@id": "way/29032540",
        "natural": "water",
        "source": "DOP_LVA_BY_01",
        "water": "lake",
        "@geometry": "center"
      },
      "geometry": {
        "type": "Point",
        "coordinates": [
          12.193216,
          49.359634
        ]
      },
      "id": "way/29032540"
    },
    {
      "type": "Feature",
      "properties": {
        "@id": "way/29065354",
        "name": "Neumühlweiher",
        "natural": "water",
        "water": "lake",
        "@geometry": "center"
      },
      "geometry": {
        "type": "Point",
        "coordinates": [
          12.1139246,
          49.8787671
        ]
      },
      "id": "way/29065354"
    },
    {
      "type": "Feature",
      "properties": {
        "@id": "way/29065990",
        "natural": "water",
        "water": "lake",
        "@geometry": "center"
      },
      "geometry": {
        "type": "Point",
        "coordinates": [
          12.1424683,
          49.8767343
        ]
      },
      "id": "way/29065990"
    },
    {
      "type": "Feature",
      "properties": {
        "@id": "way/29131197",
        "natural": "water",
        "source": "DOP_LVA_BY_01",
        "water": "lake",
        "@geometry": "center"
      },
      "geometry": {
        "type": "Point",
        "coordinates": [
          12.1716825,
          49.3559197
        ]
      },
      "id": "way/29131197"
    },
    {
      "type": "Feature",
      "properties": {
        "@id": "way/29131264",
        "natural": "water",
        "source": "DOP_LVA_BY_01",
        "water": "lake",
        "@geometry": "center"
      },
      "geometry": {
        "type": "Point",
        "coordinates": [
          12.1716359,
          49.3532846
        ]
      },
      "id": "way/29131264"
    },
    {
      "type": "Feature",
      "properties": {
        "@id": "way/29131300",
        "natural": "water",
        "source": "DOP_LVA_BY_01",
        "water": "lake",
        "@geometry": "center"
      },
      "geometry": {
        "type": "Point",
        "coordinates": [
          12.1695418,
          49.3536694
        ]
      },
      "id": "way/29131300"
    },
    {
      "type": "Feature",
      "properties": {
        "@id": "way/29131939",
        "natural": "water",
        "source": "DOP_LVA_BY_01",
        "water": "lake",
        "@geometry": "center"
      },
      "geometry": {
        "type": "Point",
        "coordinates": [
          12.1827505,
          49.3590443
        ]
      },
      "id": "way/29131939"
    },
    {
      "type": "Feature",
      "properties": {
        "@id": "way/29133666",
        "name": "Unisee",
        "natural": "water",
        "source": "Bing",
        "water": "lake",
        "@geometry": "center"
      },
      "geometry": {
        "type": "Point",
        "coordinates": [
          12.0952617,
          48.997324
        ]
      },
      "id": "way/29133666"
    },
    {
      "type": "Feature",
      "properties": {
        "@id": "way/29156220",
        "natural": "water",
        "source": "DOP_LVA_BY_01",
        "water": "lake",
        "@geometry": "center"
      },
      "geometry": {
        "type": "Point",
        "coordinates": [
          12.0987555,
          49.2098529
        ]
      },
      "id": "way/29156220"
    },
    {
      "type": "Feature",
      "properties": {
        "@id": "way/29217587",
        "name": "Freizeitsee Dießfurt",
        "natural": "water",
        "water": "lake",
        "@geometry": "center"
      },
      "geometry": {
        "type": "Point",
        "coordinates": [
          11.968735,
          49.7081144
        ]
      },
      "id": "way/29217587"
    },
    {
      "type": "Feature",
      "properties": {
        "@id": "way/29217588",
        "natural": "water",
        "source": "DOP_LVA_BY_01",
        "water": "lake",
        "@geometry": "center"
      },
      "geometry": {
        "type": "Point",
        "coordinates": [
          11.9741695,
          49.7086491
        ]
      },
      "id": "way/29217588"
    },
    {
      "type": "Feature",
      "properties": {
        "@id": "way/29217589",
        "natural": "water",
        "source": "DOP_LVA_BY_01",
        "water": "lake",
        "@geometry": "center"
      },
      "geometry": {
        "type": "Point",
        "coordinates": [
          11.9712694,
          49.7070085
        ]
      },
      "id": "way/29217589"
    },
    {
      "type": "Feature",
      "properties": {
        "@id": "way/29217590",
        "name": "Gmünder-Weiher",
        "natural": "water",
        "source": "DOP_LVA_BY_01",
        "water": "lake",
        "@geometry": "center"
      },
      "geometry": {
        "type": "Point",
        "coordinates": [
          11.9685726,
          49.7044664
        ]
      },
      "id": "way/29217590"
    },
    {
      "type": "Feature",
      "properties": {
        "@id": "way/29217592",
        "name": "Opel-Weiher",
        "natural": "water",
        "source": "DOP_LVA_BY_01",
        "water": "lake",
        "@geometry": "center"
      },
      "geometry": {
        "type": "Point",
        "coordinates": [
          11.9665365,
          49.7022862
        ]
      },
      "id": "way/29217592"
    },
    {
      "type": "Feature",
      "properties": {
        "@id": "way/29217593",
        "natural": "water",
        "water": "lake",
        "@geometry": "center"
      },
      "geometry": {
        "type": "Point",
        "coordinates": [
          11.9660974,
          49.708314
        ]
      },
      "id": "way/29217593"
    },
    {
      "type": "Feature",
      "properties": {
        "@id": "way/29217594",
        "name": "Freizeitsee Dießfurt",
        "natural": "water",
        "water": "lake",
        "@geometry": "center"
      },
      "geometry": {
        "type": "Point",
        "coordinates": [
          11.970536,
          49.710743
        ]
      },
      "id": "way/29217594"
    },
    {
      "type": "Feature",
      "properties": {
        "@id": "way/29217827",
        "natural": "water",
        "source": "DOP_LVA_BY_01",
        "water": "lake",
        "@geometry": "center"
      },
      "geometry": {
        "type": "Point",
        "coordinates": [
          11.9719363,
          49.6977533
        ]
      },
      "id": "way/29217827"
    },
    {
      "type": "Feature",
      "properties": {
        "@id": "way/29217829",
        "natural": "water",
        "source": "DOP_LVA_BY_01",
        "water": "lake",
        "@geometry": "center"
      },
      "geometry": {
        "type": "Point",
        "coordinates": [
          11.9647747,
          49.6923656
        ]
      },
      "id": "way/29217829"
    },
    {
      "type": "Feature",
      "properties": {
        "@id": "way/29217830",
        "name": "Egelloch",
        "natural": "water",
        "source": "DOP_LVA_BY_01",
        "water": "lake",
        "@geometry": "center"
      },
      "geometry": {
        "type": "Point",
        "coordinates": [
          11.963979,
          49.6909791
        ]
      },
      "id": "way/29217830"
    },
    {
      "type": "Feature",
      "properties": {
        "@id": "way/29217831",
        "natural": "water",
        "source": "DOP_LVA_BY_01",
        "water": "lake",
        "@geometry": "center"
      },
      "geometry": {
        "type": "Point",
        "coordinates": [
          11.9614581,
          49.6911596
        ]
      },
      "id": "way/29217831"
    },
    {
      "type": "Feature",
      "properties": {
        "@id": "way/29218124",
        "name": "Pfarrweiher",
        "natural": "water",
        "source": "DOP_LVA_BY_01",
        "water": "lake",
        "@geometry": "center"
      },
      "geometry": {
        "type": "Point",
        "coordinates": [
          11.9516863,
          49.6847417
        ]
      },
      "id": "way/29218124"
    },
    {
      "type": "Feature",
      "properties": {
        "@id": "way/29218247",
        "name": "Prüschenkweiher",
        "natural": "water",
        "source": "DOP_LVA_BY_01",
        "water": "lake",
        "@geometry": "center"
      },
      "geometry": {
        "type": "Point",
        "coordinates": [
          11.9610677,
          49.6837276
        ]
      },
      "id": "way/29218247"
    },
    {
      "type": "Feature",
      "properties": {
        "@id": "way/29232317",
        "name": "Herrenteich",
        "natural": "water",
        "source": "DOP_LVA_BY_01",
        "water": "lake",
        "@geometry": "center"
      },
      "geometry": {
        "type": "Point",
        "coordinates": [
          12.1725722,
          49.8480794
        ]
      },
      "id": "way/29232317"
    },
    {
      "type": "Feature",
      "properties": {
        "@id": "way/29297936",
        "natural": "water",
        "source": "DOP_LVA_BY_01",
        "water": "lake",
        "@geometry": "center"
      },
      "geometry": {
        "type": "Point",
        "coordinates": [
          12.0145458,
          49.6517165
        ]
      },
      "id": "way/29297936"
    },
    {
      "type": "Feature",
      "properties": {
        "@id": "way/29297938",
        "natural": "water",
        "source": "DOP_LVA_BY_01",
        "water": "lake",
        "@geometry": "center"
      },
      "geometry": {
        "type": "Point",
        "coordinates": [
          12.0104564,
          49.6522681
        ]
      },
      "id": "way/29297938"
    },
    {
      "type": "Feature",
      "properties": {
        "@id": "way/29297939",
        "natural": "water",
        "source": "DOP_LVA_BY_01",
        "water": "lake",
        "@geometry": "center"
      },
      "geometry": {
        "type": "Point",
        "coordinates": [
          12.0101472,
          49.6533818
        ]
      },
      "id": "way/29297939"
    },
    {
      "type": "Feature",
      "properties": {
        "@id": "way/29297941",
        "natural": "water",
        "source": "DOP_LVA_BY_01",
        "water": "lake",
        "@geometry": "center"
      },
      "geometry": {
        "type": "Point",
        "coordinates": [
          12.0164424,
          49.6528998
        ]
      },
      "id": "way/29297941"
    },
    {
      "type": "Feature",
      "properties": {
        "@id": "way/29297943",
        "natural": "water",
        "source": "DOP_LVA_BY_01",
        "water": "lake",
        "@geometry": "center"
      },
      "geometry": {
        "type": "Point",
        "coordinates": [
          12.0176759,
          49.6524001
        ]
      },
      "id": "way/29297943"
    },
    {
      "type": "Feature",
      "properties": {
        "@id": "way/29298125",
        "natural": "water",
        "source": "DOP_LVA_BY_01",
        "water": "lake",
        "@geometry": "center"
      },
      "geometry": {
        "type": "Point",
        "coordinates": [
          12.0178559,
          49.6509733
        ]
      },
      "id": "way/29298125"
    },
    {
      "type": "Feature",
      "properties": {
        "@id": "way/29373431",
        "natural": "water",
        "water": "lake",
        "@geometry": "center"
      },
      "geometry": {
        "type": "Point",
        "coordinates": [
          11.6774838,
          49.6011817
        ]
      },
      "id": "way/29373431"
    },
    {
      "type": "Feature",
      "properties": {
        "@id": "way/29376093",
        "alt_name": "Zwinkweiher",
        "name": "Riederner Weiher",
        "natural": "water",
        "water": "lake",
        "@geometry": "center"
      },
      "geometry": {
        "type": "Point",
        "coordinates": [
          11.3594681,
          47.7381608
        ]
      },
      "id": "way/29376093"
    },
    {
      "type": "Feature",
      "properties": {
        "@id": "way/29376200",
        "name": "Bodenmühlweiher",
        "natural": "water",
        "water": "lake",
        "@geometry": "center"
      },
      "geometry": {
        "type": "Point",
        "coordinates": [
          12.284705,
          49.7964598
        ]
      },
      "id": "way/29376200"
    },
    {
      "type": "Feature",
      "properties": {
        "@id": "way/30152236",
        "name": "Viehweidsee",
        "natural": "water",
        "source": "Landsat",
        "water": "lake",
        "@geometry": "center"
      },
      "geometry": {
        "type": "Point",
        "coordinates": [
          10.7059144,
          47.7634012
        ]
      },
      "id": "way/30152236"
    },
    {
      "type": "Feature",
      "properties": {
        "@id": "way/30179211",
        "ele": "861",
        "intermittent": "no",
        "name": "Schwarzenberger Weiher",
        "natural": "water",
        "salt": "no",
        "tidal": "no",
        "water": "lake",
        "wikidata": "Q32291772",
        "@geometry": "center"
      },
      "geometry": {
        "type": "Point",
        "coordinates": [
          10.4508476,
          47.6584632
        ]
      },
      "id": "way/30179211"
    },
    {
      "type": "Feature",
      "properties": {
        "@id": "way/30197130",
        "artificial": "yes",
        "fishing": "private",
        "intermittent": "no",
        "name": "Seeschneider Weiher",
        "natural": "water",
        "salt": "no",
        "source": "Bayerische Vermessungsverwaltung",
        "tidal": "no",
        "water": "lake",
        "@geometry": "center"
      },
      "geometry": {
        "type": "Point",
        "coordinates": [
          11.9564955,
          48.054713
        ]
      },
      "id": "way/30197130"
    },
    {
      "type": "Feature",
      "properties": {
        "@id": "way/30252569",
        "ele": "707",
        "name": "Falkensee",
        "natural": "water",
        "water": "lake",
        "wikidata": "Q21041914",
        "@geometry": "center"
      },
      "geometry": {
        "type": "Point",
        "coordinates": [
          12.7660738,
          47.7481206
        ]
      },
      "id": "way/30252569"
    },
    {
      "type": "Feature",
      "properties": {
        "@id": "way/30253975",
        "natural": "water",
        "source": "DOP_LVA_BY_01",
        "water": "lake",
        "@geometry": "center"
      },
      "geometry": {
        "type": "Point",
        "coordinates": [
          12.1867615,
          49.3505971
        ]
      },
      "id": "way/30253975"
    },
    {
      "type": "Feature",
      "properties": {
        "@id": "way/30382041",
        "intermittent": "no",
        "name": "Birkensee",
        "natural": "water",
        "nudism": "customary",
        "source": "landsat",
        "sport": "swimming",
        "water": "lake",
        "wikipedia": "de:Langwieder Seenplatte",
        "@geometry": "center"
      },
      "geometry": {
        "type": "Point",
        "coordinates": [
          11.416828,
          48.2037572
        ]
      },
      "id": "way/30382041"
    },
    {
      "type": "Feature",
      "properties": {
        "@id": "way/30488321",
        "name": "Moosburger Baggersee",
        "natural": "water",
        "sport": "swimming",
        "water": "lake",
        "@geometry": "center"
      },
      "geometry": {
        "type": "Point",
        "coordinates": [
          11.9695044,
          48.4598674
        ]
      },
      "id": "way/30488321"
    },
    {
      "type": "Feature",
      "properties": {
        "@id": "way/30527696",
        "name": "Pfahlsee",
        "natural": "water",
        "source": "DOP_LVA_BY_01;local knowledge",
        "water": "lake",
        "@geometry": "center"
      },
      "geometry": {
        "type": "Point",
        "coordinates": [
          12.628473,
          49.1887199
        ]
      },
      "id": "way/30527696"
    },
    {
      "type": "Feature",
      "properties": {
        "@id": "way/30586356",
        "name": "Ruhstorfer See",
        "natural": "water",
        "source": "Landsat",
        "water": "lake",
        "@geometry": "center"
      },
      "geometry": {
        "type": "Point",
        "coordinates": [
          13.3608394,
          48.4364255
        ]
      },
      "id": "way/30586356"
    },
    {
      "type": "Feature",
      "properties": {
        "@id": "way/30713791",
        "name": "Rohrmühlweiher",
        "natural": "water",
        "water": "lake",
        "@geometry": "center"
      },
      "geometry": {
        "type": "Point",
        "coordinates": [
          11.9429792,
          50.0177796
        ]
      },
      "id": "way/30713791"
    },
    {
      "type": "Feature",
      "properties": {
        "@id": "way/30787816",
        "natural": "water",
        "source": "DOP_LVA_BY_01",
        "water": "lake",
        "@geometry": "center"
      },
      "geometry": {
        "type": "Point",
        "coordinates": [
          12.5610166,
          49.5175758
        ]
      },
      "id": "way/30787816"
    },
    {
      "type": "Feature",
      "properties": {
        "@id": "way/30803457",
        "name": "Latschensee",
        "name:cs": "Klečové jezírko",
        "natural": "water",
        "water": "lake",
        "wikidata": "Q1297505",
        "@geometry": "center"
      },
      "geometry": {
        "type": "Point",
        "coordinates": [
          13.3978403,
          49.025492
        ]
      },
      "id": "way/30803457"
    },
    {
      "type": "Feature",
      "properties": {
        "@id": "way/30828645",
        "natural": "water",
        "water": "lake",
        "@geometry": "center"
      },
      "geometry": {
        "type": "Point",
        "coordinates": [
          13.3932912,
          49.0389856
        ]
      },
      "id": "way/30828645"
    },
    {
      "type": "Feature",
      "properties": {
        "@id": "way/30828646",
        "natural": "water",
        "water": "lake",
        "@geometry": "center"
      },
      "geometry": {
        "type": "Point",
        "coordinates": [
          13.3930695,
          49.0387177
        ]
      },
      "id": "way/30828646"
    },
    {
      "type": "Feature",
      "properties": {
        "@id": "way/30828647",
        "natural": "water",
        "water": "lake",
        "@geometry": "center"
      },
      "geometry": {
        "type": "Point",
        "coordinates": [
          13.393,
          49.0386266
        ]
      },
      "id": "way/30828647"
    },
    {
      "type": "Feature",
      "properties": {
        "@id": "way/31006632",
        "natural": "water",
        "water": "lake",
        "@geometry": "center"
      },
      "geometry": {
        "type": "Point",
        "coordinates": [
          11.3260834,
          48.2241458
        ]
      },
      "id": "way/31006632"
    },
    {
      "type": "Feature",
      "properties": {
        "@id": "way/31019135",
        "natural": "water",
        "source": "DOP_LVA_BY_01",
        "water": "lake",
        "@geometry": "center"
      },
      "geometry": {
        "type": "Point",
        "coordinates": [
          12.4262053,
          49.5569419
        ]
      },
      "id": "way/31019135"
    },
    {
      "type": "Feature",
      "properties": {
        "@id": "way/31179422",
        "name": "Erba-Weiher",
        "natural": "water",
        "water": "lake",
        "@geometry": "center"
      },
      "geometry": {
        "type": "Point",
        "coordinates": [
          11.0005344,
          49.5903074
        ]
      },
      "id": "way/31179422"
    },
    {
      "type": "Feature",
      "properties": {
        "@id": "way/31528651",
        "ele": "620",
        "name": "Schönauer Weiher",
        "natural": "water",
        "sport": "swimming",
        "water": "lake",
        "wikidata": "Q18412984",
        "@geometry": "center"
      },
      "geometry": {
        "type": "Point",
        "coordinates": [
          11.4507839,
          47.7522454
        ]
      },
      "id": "way/31528651"
    },
    {
      "type": "Feature",
      "properties": {
        "@id": "way/31796083",
        "name": "Sauerhutweiher",
        "natural": "water",
        "water": "lake",
        "@geometry": "center"
      },
      "geometry": {
        "type": "Point",
        "coordinates": [
          10.2489507,
          49.2835996
        ]
      },
      "id": "way/31796083"
    },
    {
      "type": "Feature",
      "properties": {
        "@id": "way/32085931",
        "name": "Kettenhamer Weiher",
        "natural": "water",
        "water": "lake",
        "@geometry": "center"
      },
      "geometry": {
        "type": "Point",
        "coordinates": [
          12.1989556,
          47.9993297
        ]
      },
      "id": "way/32085931"
    },
    {
      "type": "Feature",
      "properties": {
        "@id": "way/32316978",
        "name": "Baggersee Hörblach",
        "natural": "water",
        "water": "lake",
        "@geometry": "center"
      },
      "geometry": {
        "type": "Point",
        "coordinates": [
          10.2220521,
          49.7884803
        ]
      },
      "id": "way/32316978"
    },
    {
      "type": "Feature",
      "properties": {
        "@id": "way/32465845",
        "leisure": "swimming_area",
        "name": "Heinrichskirchener Badeweiher",
        "natural": "water",
        "source": "DOP_LVA_BY_01",
        "sport": "swimming",
        "water": "lake",
        "@geometry": "center"
      },
      "geometry": {
        "type": "Point",
        "coordinates": [
          12.5225621,
          49.4080731
        ]
      },
      "id": "way/32465845"
    },
    {
      "type": "Feature",
      "properties": {
        "@id": "way/32496995",
        "ele": "468",
        "name": "Hahnenkammsee",
        "natural": "water",
        "source": "bing",
        "water": "lake",
        "wikidata": "Q1532399",
        "wikipedia": "de:Hahnenkammsee",
        "@geometry": "center"
      },
      "geometry": {
        "type": "Point",
        "coordinates": [
          10.721866,
          48.9637462
        ]
      },
      "id": "way/32496995"
    },
    {
      "type": "Feature",
      "properties": {
        "@id": "way/32661957",
        "natural": "water",
        "source": "DOP_LVA_BY_01",
        "water": "lake",
        "@geometry": "center"
      },
      "geometry": {
        "type": "Point",
        "coordinates": [
          12.0258604,
          49.6611491
        ]
      },
      "id": "way/32661957"
    },
    {
      "type": "Feature",
      "properties": {
        "@id": "way/32661959",
        "natural": "water",
        "source": "DOP_LVA_BY_01",
        "water": "lake",
        "@geometry": "center"
      },
      "geometry": {
        "type": "Point",
        "coordinates": [
          12.026027,
          49.6568578
        ]
      },
      "id": "way/32661959"
    },
    {
      "type": "Feature",
      "properties": {
        "@id": "way/32661961",
        "natural": "water",
        "source": "DOP_LVA_BY_01",
        "water": "lake",
        "@geometry": "center"
      },
      "geometry": {
        "type": "Point",
        "coordinates": [
          12.0276311,
          49.6567007
        ]
      },
      "id": "way/32661961"
    },
    {
      "type": "Feature",
      "properties": {
        "@id": "way/32662075",
        "natural": "water",
        "source": "DOP_LVA_BY_01",
        "water": "lake",
        "@geometry": "center"
      },
      "geometry": {
        "type": "Point",
        "coordinates": [
          12.0156115,
          49.6575568
        ]
      },
      "id": "way/32662075"
    },
    {
      "type": "Feature",
      "properties": {
        "@id": "way/32662077",
        "natural": "water",
        "source": "DOP_LVA_BY_01",
        "water": "lake",
        "@geometry": "center"
      },
      "geometry": {
        "type": "Point",
        "coordinates": [
          12.0148806,
          49.6580065
        ]
      },
      "id": "way/32662077"
    },
    {
      "type": "Feature",
      "properties": {
        "@id": "way/32662078",
        "natural": "water",
        "source": "DOP_LVA_BY_01",
        "water": "lake",
        "@geometry": "center"
      },
      "geometry": {
        "type": "Point",
        "coordinates": [
          12.0143707,
          49.6588603
        ]
      },
      "id": "way/32662078"
    },
    {
      "type": "Feature",
      "properties": {
        "@id": "way/32662629",
        "natural": "water",
        "source": "DOP_LVA_BY_01",
        "water": "lake",
        "@geometry": "center"
      },
      "geometry": {
        "type": "Point",
        "coordinates": [
          12.0298001,
          49.6493309
        ]
      },
      "id": "way/32662629"
    },
    {
      "type": "Feature",
      "properties": {
        "@id": "way/32662630",
        "natural": "water",
        "source": "DOP_LVA_BY_01",
        "water": "lake",
        "@geometry": "center"
      },
      "geometry": {
        "type": "Point",
        "coordinates": [
          12.0294731,
          49.6476335
        ]
      },
      "id": "way/32662630"
    },
    {
      "type": "Feature",
      "properties": {
        "@id": "way/32804027",
        "natural": "water",
        "water": "lake",
        "@geometry": "center"
      },
      "geometry": {
        "type": "Point",
        "coordinates": [
          10.8740598,
          48.2320935
        ]
      },
      "id": "way/32804027"
    },
    {
      "type": "Feature",
      "properties": {
        "@id": "way/32816448",
        "intermittent": "no",
        "natural": "water",
        "water": "lake",
        "@geometry": "center"
      },
      "geometry": {
        "type": "Point",
        "coordinates": [
          11.3813354,
          48.8062324
        ]
      },
      "id": "way/32816448"
    },
    {
      "type": "Feature",
      "properties": {
        "@id": "way/32929626",
        "name": "Schergenweiher",
        "natural": "water",
        "water": "lake",
        "wikidata": "Q22693759",
        "wikipedia": "de:Schergenweiher",
        "@geometry": "center"
      },
      "geometry": {
        "type": "Point",
        "coordinates": [
          11.2589502,
          47.8644743
        ]
      },
      "id": "way/32929626"
    },
    {
      "type": "Feature",
      "properties": {
        "@id": "way/32954998",
        "name": "Waldsee",
        "natural": "water",
        "salt": "no",
        "source": "Bing",
        "water": "lake",
        "@geometry": "center"
      },
      "geometry": {
        "type": "Point",
        "coordinates": [
          12.152973,
          47.9461701
        ]
      },
      "id": "way/32954998"
    },
    {
      "type": "Feature",
      "properties": {
        "@id": "way/32993388",
        "fishing": "licence",
        "intermittent": "no",
        "loc_name": "Märzen",
        "name": "Märzensee",
        "natural": "water",
        "salt": "no",
        "tidal": "no",
        "water": "lake",
        "@geometry": "center"
      },
      "geometry": {
        "type": "Point",
        "coordinates": [
          10.8954833,
          48.7073541
        ]
      },
      "id": "way/32993388"
    },
    {
      "type": "Feature",
      "properties": {
        "@id": "way/32993452",
        "natural": "water",
        "water": "lake",
        "@geometry": "center"
      },
      "geometry": {
        "type": "Point",
        "coordinates": [
          10.8931503,
          48.7107462
        ]
      },
      "id": "way/32993452"
    },
    {
      "type": "Feature",
      "properties": {
        "@id": "way/33048561",
        "intermittent": "no",
        "natural": "water",
        "salt": "no",
        "tidal": "no",
        "water": "lake",
        "@geometry": "center"
      },
      "geometry": {
        "type": "Point",
        "coordinates": [
          10.149288,
          48.4429339
        ]
      },
      "id": "way/33048561"
    },
    {
      "type": "Feature",
      "properties": {
        "@id": "way/33177642",
        "alt_name": "Neuhofsee",
        "name": "Neuhofsee",
        "natural": "water",
        "water": "lake",
        "@geometry": "center"
      },
      "geometry": {
        "type": "Point",
        "coordinates": [
          10.3362877,
          48.5224271
        ]
      },
      "id": "way/33177642"
    },
    {
      "type": "Feature",
      "properties": {
        "@id": "way/33178146",
        "access": "private",
        "natural": "water",
        "operator": "Angelfreunde Giengen",
        "water": "lake",
        "@geometry": "center"
      },
      "geometry": {
        "type": "Point",
        "coordinates": [
          10.3314967,
          48.5204676
        ]
      },
      "id": "way/33178146"
    },
    {
      "type": "Feature",
      "properties": {
        "@id": "way/33178149",
        "natural": "water",
        "water": "lake",
        "@geometry": "center"
      },
      "geometry": {
        "type": "Point",
        "coordinates": [
          10.332626,
          48.5222566
        ]
      },
      "id": "way/33178149"
    },
    {
      "type": "Feature",
      "properties": {
        "@id": "way/33187159",
        "name": "Buchsee",
        "natural": "water",
        "source": "Bing",
        "sport": "swimming",
        "water": "lake",
        "wikidata": "Q15793027",
        "wikipedia": "de:Buchsee (Münsing, See)",
        "@geometry": "center"
      },
      "geometry": {
        "type": "Point",
        "coordinates": [
          11.3751252,
          47.9220354
        ]
      },
      "id": "way/33187159"
    },
    {
      "type": "Feature",
      "properties": {
        "@id": "way/33529545",
        "name": "Kadeltshofer Baggerse",
        "natural": "water",
        "water": "lake",
        "@geometry": "center"
      },
      "geometry": {
        "type": "Point",
        "coordinates": [
          10.1486838,
          48.391607
        ]
      },
      "id": "way/33529545"
    },
    {
      "type": "Feature",
      "properties": {
        "@id": "way/33597622",
        "name": "Schnerzhofer Weiher",
        "natural": "water",
        "salt": "no",
        "water": "lake",
        "@geometry": "center"
      },
      "geometry": {
        "type": "Point",
        "coordinates": [
          10.6070485,
          48.1292646
        ]
      },
      "id": "way/33597622"
    },
    {
      "type": "Feature",
      "properties": {
        "@id": "way/33606150",
        "name": "Lugenauer See",
        "natural": "water",
        "water": "lake",
        "@geometry": "center"
      },
      "geometry": {
        "type": "Point",
        "coordinates": [
          10.9960865,
          47.7647913
        ]
      },
      "id": "way/33606150"
    },
    {
      "type": "Feature",
      "properties": {
        "@id": "way/33643666",
        "ele": "603.0",
        "name": "Karpfsee",
        "natural": "water",
        "water": "lake",
        "wikidata": "Q32063970",
        "@geometry": "center"
      },
      "geometry": {
        "type": "Point",
        "coordinates": [
          11.3065527,
          47.6650494
        ]
      },
      "id": "way/33643666"
    },
    {
      "type": "Feature",
      "properties": {
        "@id": "way/33679827",
        "fishing": "licence",
        "name": "Erlingshofer See",
        "natural": "water",
        "salt": "no",
        "tidal": "no",
        "water": "lake",
        "@geometry": "center"
      },
      "geometry": {
        "type": "Point",
        "coordinates": [
          10.7392788,
          48.6918834
        ]
      },
      "id": "way/33679827"
    },
    {
      "type": "Feature",
      "properties": {
        "@id": "way/33680096",
        "natural": "water",
        "water": "lake",
        "@geometry": "center"
      },
      "geometry": {
        "type": "Point",
        "coordinates": [
          10.8966699,
          48.7117048
        ]
      },
      "id": "way/33680096"
    },
    {
      "type": "Feature",
      "properties": {
        "@id": "way/33703062",
        "fishing": "licence",
        "intermittent": "no",
        "name": "Auchsesheimer See",
        "natural": "water",
        "salt": "no",
        "tidal": "no",
        "water": "lake",
        "@geometry": "center"
      },
      "geometry": {
        "type": "Point",
        "coordinates": [
          10.7817272,
          48.7049022
        ]
      },
      "id": "way/33703062"
    },
    {
      "type": "Feature",
      "properties": {
        "@id": "way/33872795",
        "access": "private",
        "alt_name": "Grube",
        "name": "Baggersee Kiesgrube Geiselbullach",
        "natural": "water",
        "note": "Am Ufer des Sees finden sich einige Christrosen",
        "water": "lake",
        "@geometry": "center"
      },
      "geometry": {
        "type": "Point",
        "coordinates": [
          11.3607966,
          48.2292668
        ]
      },
      "id": "way/33872795"
    },
    {
      "type": "Feature",
      "properties": {
        "@id": "way/33904292",
        "name": "Listsee",
        "natural": "water",
        "water": "lake",
        "wikidata": "Q1820696",
        "@geometry": "center"
      },
      "geometry": {
        "type": "Point",
        "coordinates": [
          12.8344687,
          47.7357571
        ]
      },
      "id": "way/33904292"
    },
    {
      "type": "Feature",
      "properties": {
        "@id": "way/33909118",
        "fishing": "licence",
        "intermittent": "no",
        "name": "Fohlenweidensee",
        "natural": "water",
        "salt": "no",
        "tidal": "no",
        "water": "lake",
        "@geometry": "center"
      },
      "geometry": {
        "type": "Point",
        "coordinates": [
          10.8993388,
          48.6832365
        ]
      },
      "id": "way/33909118"
    },
    {
      "type": "Feature",
      "properties": {
        "@id": "way/33910074",
        "boat": "no",
        "name": "Derchinger Baggersee",
        "natural": "water",
        "water": "lake",
        "wikidata": "Q1199973",
        "wikipedia": "de:Derchinger Baggersee",
        "@geometry": "center"
      },
      "geometry": {
        "type": "Point",
        "coordinates": [
          10.9582213,
          48.4149471
        ]
      },
      "id": "way/33910074"
    },
    {
      "type": "Feature",
      "properties": {
        "@id": "way/33912544",
        "name": "Anhauser Weiher",
        "natural": "water",
        "water": "lake",
        "@geometry": "center"
      },
      "geometry": {
        "type": "Point",
        "coordinates": [
          10.6578195,
          48.8456999
        ]
      },
      "id": "way/33912544"
    },
    {
      "type": "Feature",
      "properties": {
        "@id": "way/34247714",
        "name": "Waldsee (Lohweiher)",
        "natural": "water",
        "salt": "no",
        "water": "lake",
        "wikidata": "Q64374568",
        "wikipedia": "de:Lohweiher (Wemding)",
        "@geometry": "center"
      },
      "geometry": {
        "type": "Point",
        "coordinates": [
          10.7391778,
          48.8830253
        ]
      },
      "id": "way/34247714"
    },
    {
      "type": "Feature",
      "properties": {
        "@id": "way/34285267",
        "natural": "water",
        "water": "lake",
        "@geometry": "center"
      },
      "geometry": {
        "type": "Point",
        "coordinates": [
          10.3335659,
          48.5162775
        ]
      },
      "id": "way/34285267"
    },
    {
      "type": "Feature",
      "properties": {
        "@id": "way/34285269",
        "access": "private",
        "natural": "water",
        "operator": "Fischerei-Verein Giengen/Brenz e.V.",
        "water": "lake",
        "@geometry": "center"
      },
      "geometry": {
        "type": "Point",
        "coordinates": [
          10.313215,
          48.5144164
        ]
      },
      "id": "way/34285269"
    },
    {
      "type": "Feature",
      "properties": {
        "@id": "way/34285272",
        "natural": "water",
        "source": "Landsat",
        "water": "lake",
        "@geometry": "center"
      },
      "geometry": {
        "type": "Point",
        "coordinates": [
          10.3204439,
          48.5135982
        ]
      },
      "id": "way/34285272"
    },
    {
      "type": "Feature",
      "properties": {
        "@id": "way/34285273",
        "natural": "water",
        "source": "Landsat",
        "water": "lake",
        "@geometry": "center"
      },
      "geometry": {
        "type": "Point",
        "coordinates": [
          10.3199551,
          48.5144002
        ]
      },
      "id": "way/34285273"
    },
    {
      "type": "Feature",
      "properties": {
        "@id": "way/34285274",
        "natural": "water",
        "source": "Landsat",
        "water": "lake",
        "@geometry": "center"
      },
      "geometry": {
        "type": "Point",
        "coordinates": [
          10.3209414,
          48.5151982
        ]
      },
      "id": "way/34285274"
    },
    {
      "type": "Feature",
      "properties": {
        "@id": "way/34285275",
        "access": "private",
        "natural": "water",
        "source": "Landsat",
        "water": "lake",
        "@geometry": "center"
      },
      "geometry": {
        "type": "Point",
        "coordinates": [
          10.3216858,
          48.5158015
        ]
      },
      "id": "way/34285275"
    },
    {
      "type": "Feature",
      "properties": {
        "@id": "way/34285276",
        "natural": "water",
        "source": "Landsat",
        "water": "lake",
        "@geometry": "center"
      },
      "geometry": {
        "type": "Point",
        "coordinates": [
          10.326268,
          48.5163833
        ]
      },
      "id": "way/34285276"
    },
    {
      "type": "Feature",
      "properties": {
        "@id": "way/34285281",
        "name": "Fetzersee",
        "natural": "water",
        "source": "Landsat",
        "water": "lake",
        "@geometry": "center"
      },
      "geometry": {
        "type": "Point",
        "coordinates": [
          10.3130617,
          48.5183359
        ]
      },
      "id": "way/34285281"
    },
    {
      "type": "Feature",
      "properties": {
        "@id": "way/34285282",
        "natural": "water",
        "source": "Landsat",
        "water": "lake",
        "@geometry": "center"
      },
      "geometry": {
        "type": "Point",
        "coordinates": [
          10.3139574,
          48.5166571
        ]
      },
      "id": "way/34285282"
    },
    {
      "type": "Feature",
      "properties": {
        "@id": "way/34285283",
        "natural": "water",
        "source": "Landsat",
        "water": "lake",
        "@geometry": "center"
      },
      "geometry": {
        "type": "Point",
        "coordinates": [
          10.3181835,
          48.5178175
        ]
      },
      "id": "way/34285283"
    },
    {
      "type": "Feature",
      "properties": {
        "@id": "way/34299092",
        "name": "Stocker Weiher",
        "natural": "water",
        "water": "lake",
        "@geometry": "center"
      },
      "geometry": {
        "type": "Point",
        "coordinates": [
          11.4348502,
          47.9655845
        ]
      },
      "id": "way/34299092"
    },
    {
      "type": "Feature",
      "properties": {
        "@id": "way/34374687",
        "alt_name": "Badeweiher Sattling",
        "leisure": "swimming_area",
        "name": "Sattlinger Weiher",
        "natural": "water",
        "sport": "swimming",
        "supervised": "no",
        "water": "lake",
        "website": "https://www.landkreis-deggendorf.de/tourismus-kultur/freizeit-aktiv/wasserwelt/badeseen/badeweiher-sattling/",
        "@geometry": "center"
      },
      "geometry": {
        "type": "Point",
        "coordinates": [
          13.1082643,
          48.699299
        ]
      },
      "id": "way/34374687"
    },
    {
      "type": "Feature",
      "properties": {
        "@id": "way/34562401",
        "natural": "water",
        "source": "Landsat",
        "water": "lake",
        "@geometry": "center"
      },
      "geometry": {
        "type": "Point",
        "coordinates": [
          12.8810971,
          48.8264117
        ]
      },
      "id": "way/34562401"
    },
    {
      "type": "Feature",
      "properties": {
        "@id": "way/34562404",
        "access": "yes",
        "name": "Hackerweiher",
        "natural": "water",
        "source": "Landsat",
        "sport": "swimming",
        "water": "lake",
        "wikidata": "Q32049986",
        "@geometry": "center"
      },
      "geometry": {
        "type": "Point",
        "coordinates": [
          12.8890935,
          48.8248605
        ]
      },
      "id": "way/34562404"
    },
    {
      "type": "Feature",
      "properties": {
        "@id": "way/34562406",
        "name": "Burgsee",
        "natural": "water",
        "sport": "swimming",
        "water": "lake",
        "@geometry": "center"
      },
      "geometry": {
        "type": "Point",
        "coordinates": [
          12.9138636,
          48.8135212
        ]
      },
      "id": "way/34562406"
    },
    {
      "type": "Feature",
      "properties": {
        "@id": "way/34606924",
        "name": "Grundwassersee",
        "natural": "water",
        "water": "lake",
        "@geometry": "center"
      },
      "geometry": {
        "type": "Point",
        "coordinates": [
          11.2868559,
          47.8176291
        ]
      },
      "id": "way/34606924"
    },
    {
      "type": "Feature",
      "properties": {
        "@id": "way/34995281",
        "natural": "water",
        "water": "lake",
        "@geometry": "center"
      },
      "geometry": {
        "type": "Point",
        "coordinates": [
          10.3304056,
          48.5227885
        ]
      },
      "id": "way/34995281"
    },
    {
      "type": "Feature",
      "properties": {
        "@id": "way/34995282",
        "natural": "water",
        "water": "lake",
        "@geometry": "center"
      },
      "geometry": {
        "type": "Point",
        "coordinates": [
          10.331106,
          48.5230732
        ]
      },
      "id": "way/34995282"
    },
    {
      "type": "Feature",
      "properties": {
        "@id": "way/35038289",
        "name": "Steinbachklause",
        "natural": "water",
        "water": "lake",
        "@geometry": "center"
      },
      "geometry": {
        "type": "Point",
        "coordinates": [
          13.5461077,
          48.8985123
        ]
      },
      "id": "way/35038289"
    },
    {
      "type": "Feature",
      "properties": {
        "@id": "way/35147654",
        "name": "Pflegersee",
        "natural": "water",
        "water": "lake",
        "wikidata": "Q2084210",
        "@geometry": "center"
      },
      "geometry": {
        "type": "Point",
        "coordinates": [
          11.0804041,
          47.5196716
        ]
      },
      "id": "way/35147654"
    },
    {
      "type": "Feature",
      "properties": {
        "@id": "way/35285366",
        "intermittent": "no",
        "name": "Wildsee",
        "natural": "water",
        "salt": "no",
        "tidal": "no",
        "water": "lake",
        "@geometry": "center"
      },
      "geometry": {
        "type": "Point",
        "coordinates": [
          10.9566716,
          47.6668036
        ]
      },
      "id": "way/35285366"
    },
    {
      "type": "Feature",
      "properties": {
        "@id": "way/35809509",
        "ele": "725",
        "name": "Teufelssee",
        "natural": "water",
        "water": "lake",
        "wikidata": "Q130387975",
        "@geometry": "center"
      },
      "geometry": {
        "type": "Point",
        "coordinates": [
          10.1506988,
          47.5658444
        ]
      },
      "id": "way/35809509"
    },
    {
      "type": "Feature",
      "properties": {
        "@id": "way/36131890",
        "name": "Ostsee",
        "natural": "water",
        "water": "lake",
        "@geometry": "center"
      },
      "geometry": {
        "type": "Point",
        "coordinates": [
          10.9831514,
          50.1148074
        ]
      },
      "id": "way/36131890"
    },
    {
      "type": "Feature",
      "properties": {
        "@id": "way/36333509",
        "natural": "water",
        "water": "lake",
        "@geometry": "center"
      },
      "geometry": {
        "type": "Point",
        "coordinates": [
          9.0459468,
          50.0334021
        ]
      },
      "id": "way/36333509"
    },
    {
      "type": "Feature",
      "properties": {
        "@id": "way/36376569",
        "name": "Hofweiher der Fischerei Oberle",
        "natural": "water",
        "water": "lake",
        "@geometry": "center"
      },
      "geometry": {
        "type": "Point",
        "coordinates": [
          10.9356085,
          49.6002366
        ]
      },
      "id": "way/36376569"
    },
    {
      "type": "Feature",
      "properties": {
        "@id": "way/36908251",
        "ele": "927",
        "name": "Geroldsee (Wagenbrüchsee)",
        "natural": "water",
        "water": "lake",
        "wikidata": "Q64482059",
        "@geometry": "center"
      },
      "geometry": {
        "type": "Point",
        "coordinates": [
          11.2202663,
          47.49277
        ]
      },
      "id": "way/36908251"
    },
    {
      "type": "Feature",
      "properties": {
        "@id": "way/36934210",
        "name": "Suttensee",
        "natural": "water",
        "water": "lake",
        "wikidata": "Q2369945",
        "wikipedia": "de:Suttensee",
        "@geometry": "center"
      },
      "geometry": {
        "type": "Point",
        "coordinates": [
          11.8386215,
          47.6467942
        ]
      },
      "id": "way/36934210"
    },
    {
      "type": "Feature",
      "properties": {
        "@id": "way/37101010",
        "geological": "geotope",
        "name": "Basaltsee Tintenfass",
        "natural": "water",
        "water": "lake",
        "wikidata": "Q58460041",
        "wikimedia_commons": "Category:Tintenfass (Rhön)",
        "@geometry": "center"
      },
      "geometry": {
        "type": "Point",
        "coordinates": [
          9.8873346,
          50.3165465
        ]
      },
      "id": "way/37101010"
    },
    {
      "type": "Feature",
      "properties": {
        "@id": "way/37585648",
        "ele": "411",
        "name": "Kleiner Brombachsee",
        "natural": "water",
        "source": "Yahoo",
        "water": "lake",
        "wikidata": "Q49409",
        "wikipedia": "de:Kleiner Brombachsee",
        "@geometry": "center"
      },
      "geometry": {
        "type": "Point",
        "coordinates": [
          10.8742212,
          49.1334751
        ]
      },
      "id": "way/37585648"
    },
    {
      "type": "Feature",
      "properties": {
        "@id": "way/37835265",
        "name": "Isenstausee",
        "natural": "water",
        "water": "lake",
        "@geometry": "center"
      },
      "geometry": {
        "type": "Point",
        "coordinates": [
          12.6348763,
          48.2640907
        ]
      },
      "id": "way/37835265"
    },
    {
      "type": "Feature",
      "properties": {
        "@id": "way/37858275",
        "name": "Badesee Sulzfeld",
        "natural": "water",
        "salt": "no",
        "sport": "swimming",
        "tidal": "no",
        "water": "lake",
        "@geometry": "center"
      },
      "geometry": {
        "type": "Point",
        "coordinates": [
          10.4084687,
          50.2539558
        ]
      },
      "id": "way/37858275"
    },
    {
      "type": "Feature",
      "properties": {
        "@id": "way/37929209",
        "name": "Penzinger Baggersee",
        "natural": "water",
        "water": "lake",
        "@geometry": "center"
      },
      "geometry": {
        "type": "Point",
        "coordinates": [
          10.939799,
          48.0682238
        ]
      },
      "id": "way/37929209"
    },
    {
      "type": "Feature",
      "properties": {
        "@id": "way/38045108",
        "name": "Jakobssee",
        "natural": "water",
        "water": "lake",
        "@geometry": "center"
      },
      "geometry": {
        "type": "Point",
        "coordinates": [
          11.1487269,
          47.8071317
        ]
      },
      "id": "way/38045108"
    },
    {
      "type": "Feature",
      "properties": {
        "@id": "way/38077042",
        "alt_name": "Buchner Weiher",
        "name": "Unterbuchener Weiher",
        "natural": "water",
        "water": "lake",
        "wikipedia": "de:Buchner_Weiher",
        "@geometry": "center"
      },
      "geometry": {
        "type": "Point",
        "coordinates": [
          11.4838618,
          47.776725
        ]
      },
      "id": "way/38077042"
    },
    {
      "type": "Feature",
      "properties": {
        "@id": "way/38482725",
        "depth": "12 m",
        "description": "maximale Tiefe am Westufer 12 Meter",
        "intermittent": "no",
        "name": "Steinbruchsee Büchlberg",
        "natural": "water",
        "swimming": "no",
        "tourism": "attraction",
        "water": "lake",
        "wikimedia_commons": "File:Steinbruchsee Büchlberg.jpg",
        "@geometry": "center"
      },
      "geometry": {
        "type": "Point",
        "coordinates": [
          13.5120124,
          48.6710057
        ]
      },
      "id": "way/38482725"
    },
    {
      "type": "Feature",
      "properties": {
        "@id": "way/38485318",
        "natural": "water",
        "water": "lake",
        "@geometry": "center"
      },
      "geometry": {
        "type": "Point",
        "coordinates": [
          12.8126134,
          48.5583734
        ]
      },
      "id": "way/38485318"
    },
    {
      "type": "Feature",
      "properties": {
        "@id": "way/38730419",
        "fishing": "yes",
        "name": "Kühmoossee",
        "natural": "water",
        "water": "lake",
        "wikidata": "Q32596597",
        "@geometry": "center"
      },
      "geometry": {
        "type": "Point",
        "coordinates": [
          10.7880411,
          47.6352027
        ]
      },
      "id": "way/38730419"
    },
    {
      "type": "Feature",
      "properties": {
        "@id": "way/38963214",
        "name": "Beatweiher",
        "natural": "water",
        "water": "lake",
        "wikidata": "Q30133927",
        "@geometry": "center"
      },
      "geometry": {
        "type": "Point",
        "coordinates": [
          11.2269156,
          47.8255681
        ]
      },
      "id": "way/38963214"
    },
    {
      "type": "Feature",
      "properties": {
        "@id": "way/39198311",
        "name": "Plattner Weiher",
        "natural": "water",
        "note": "FIXME: check/rework required",
        "salt": "no",
        "source": "extrapolation;local knowledge",
        "tidal": "no",
        "water": "lake",
        "@geometry": "center"
      },
      "geometry": {
        "type": "Point",
        "coordinates": [
          11.7455784,
          48.7968793
        ]
      },
      "id": "way/39198311"
    },
    {
      "type": "Feature",
      "properties": {
        "@id": "way/39198313",
        "description": "Ein ehemaliger Löschweiher der Neustädter Bayernoil Raffinerie. Durch einen Unfall gelangten bei einem Brand Chemikalien ins Wasser, wesewegen das Fischen dort untersagt wurde.",
        "fishing": "no",
        "intermittent": "no",
        "name": "Bruckmaier Weiher Mauern",
        "natural": "water",
        "note": "FIXME: check/rework required",
        "salt": "no",
        "source": "extrapolation",
        "tidal": "no",
        "water": "lake",
        "@geometry": "center"
      },
      "geometry": {
        "type": "Point",
        "coordinates": [
          11.7398172,
          48.7922504
        ]
      },
      "id": "way/39198313"
    },
    {
      "type": "Feature",
      "properties": {
        "@id": "way/39484248",
        "natural": "water",
        "water": "lake",
        "@geometry": "center"
      },
      "geometry": {
        "type": "Point",
        "coordinates": [
          10.7011014,
          49.5351519
        ]
      },
      "id": "way/39484248"
    },
    {
      "type": "Feature",
      "properties": {
        "@id": "way/39607003",
        "boat": "no",
        "description": "Vereinsgewässer Fischerfreunde Eitting e.V.",
        "email": "info@fischerfreunde-eitting.de",
        "name": "Gutbrod-Weiher",
        "natural": "water",
        "sport": "swimming",
        "water": "lake",
        "@geometry": "center"
      },
      "geometry": {
        "type": "Point",
        "coordinates": [
          11.9065616,
          48.3950032
        ]
      },
      "id": "way/39607003"
    },
    {
      "type": "Feature",
      "properties": {
        "@id": "way/39648572",
        "name": "Blaue Lache",
        "natural": "water",
        "water": "lake",
        "wikidata": "Q252927",
        "@geometry": "center"
      },
      "geometry": {
        "type": "Point",
        "coordinates": [
          13.0039434,
          47.482685
        ]
      },
      "id": "way/39648572"
    },
    {
      "type": "Feature",
      "properties": {
        "@id": "way/40791339",
        "name": "Krottensee",
        "natural": "water",
        "source": "Yahoo",
        "water": "lake",
        "wikidata": "Q86835676",
        "@geometry": "center"
      },
      "geometry": {
        "type": "Point",
        "coordinates": [
          12.7656371,
          47.7549201
        ]
      },
      "id": "way/40791339"
    },
    {
      "type": "Feature",
      "properties": {
        "@id": "way/41792801",
        "ele": "1552",
        "name": "Soiernsee",
        "natural": "water",
        "sport": "swimming",
        "water": "lake",
        "@geometry": "center"
      },
      "geometry": {
        "type": "Point",
        "coordinates": [
          11.3456308,
          47.4922382
        ]
      },
      "id": "way/41792801"
    },
    {
      "type": "Feature",
      "properties": {
        "@id": "way/41792802",
        "ele": "1552",
        "name": "Soiernsee",
        "natural": "water",
        "water": "lake",
        "@geometry": "center"
      },
      "geometry": {
        "type": "Point",
        "coordinates": [
          11.3497879,
          47.4908417
        ]
      },
      "id": "way/41792802"
    },
    {
      "type": "Feature",
      "properties": {
        "@id": "way/42083727",
        "name": "Silbersee",
        "natural": "water",
        "water": "lake",
        "@geometry": "center"
      },
      "geometry": {
        "type": "Point",
        "coordinates": [
          10.1152478,
          50.4830684
        ]
      },
      "id": "way/42083727"
    },
    {
      "type": "Feature",
      "properties": {
        "@id": "way/42445770",
        "fishing": "permit",
        "intermittent": "no",
        "name": "Hollweiher",
        "natural": "water",
        "salt": "no",
        "water": "lake",
        "@geometry": "center"
      },
      "geometry": {
        "type": "Point",
        "coordinates": [
          10.4587647,
          48.1693563
        ]
      },
      "id": "way/42445770"
    },
    {
      "type": "Feature",
      "properties": {
        "@id": "way/42744444",
        "ele": "710",
        "fishing": "licence",
        "intermittent": "no",
        "name": "Stallauer Weiher",
        "natural": "water",
        "salt": "no",
        "tidal": "no",
        "water": "lake",
        "wikidata": "Q15867838",
        "@geometry": "center"
      },
      "geometry": {
        "type": "Point",
        "coordinates": [
          11.4977329,
          47.7499845
        ]
      },
      "id": "way/42744444"
    },
    {
      "type": "Feature",
      "properties": {
        "@id": "way/42770719",
        "name": "Christnersee",
        "natural": "water",
        "water": "lake",
        "wikidata": "Q19277397",
        "wikimedia_commons": "Category:Christnersee",
        "wikipedia": "de:Christnersee",
        "@geometry": "center"
      },
      "geometry": {
        "type": "Point",
        "coordinates": [
          9.0071156,
          50.0769647
        ]
      },
      "id": "way/42770719"
    },
    {
      "type": "Feature",
      "properties": {
        "@id": "way/42896858",
        "alt_name": "Großer Rappensee",
        "ele": "2047",
        "name": "Rappensee",
        "natural": "water",
        "water": "lake",
        "wikidata": "Q1641142",
        "wikipedia": "de:Rappensee",
        "@geometry": "center"
      },
      "geometry": {
        "type": "Point",
        "coordinates": [
          10.2525583,
          47.2859565
        ]
      },
      "id": "way/42896858"
    },
    {
      "type": "Feature",
      "properties": {
        "@id": "way/43898855",
        "natural": "water",
        "water": "lake",
        "@geometry": "center"
      },
      "geometry": {
        "type": "Point",
        "coordinates": [
          11.322172,
          47.7611114
        ]
      },
      "id": "way/43898855"
    },
    {
      "type": "Feature",
      "properties": {
        "@id": "way/44060427",
        "name": "Betzenweiher",
        "natural": "water",
        "source": "Yahoo / YWMS",
        "water": "lake",
        "@geometry": "center"
      },
      "geometry": {
        "type": "Point",
        "coordinates": [
          11.6083431,
          48.4419776
        ]
      },
      "id": "way/44060427"
    },
    {
      "type": "Feature",
      "properties": {
        "@id": "way/44355407",
        "description": "Vereinsgewässer Fischerfreunde Eitting e.V. E-mail: info@fischerfreunde-eitting.de",
        "name": "Eitting II",
        "natural": "water",
        "water": "lake",
        "@geometry": "center"
      },
      "geometry": {
        "type": "Point",
        "coordinates": [
          11.8863467,
          48.3742122
        ]
      },
      "id": "way/44355407"
    },
    {
      "type": "Feature",
      "properties": {
        "@id": "way/45123124",
        "name": "Silbersee",
        "natural": "water",
        "water": "lake",
        "@geometry": "center"
      },
      "geometry": {
        "type": "Point",
        "coordinates": [
          11.3332818,
          47.6523008
        ]
      },
      "id": "way/45123124"
    },
    {
      "type": "Feature",
      "properties": {
        "@id": "way/45205421",
        "ele": "867",
        "layer": "-1",
        "name": "Sachensee",
        "natural": "water",
        "salt": "no",
        "tidal": "no",
        "water": "lake",
        "wikidata": "Q32273888",
        "@geometry": "center"
      },
      "geometry": {
        "type": "Point",
        "coordinates": [
          11.2839648,
          47.5365071
        ]
      },
      "id": "way/45205421"
    },
    {
      "type": "Feature",
      "properties": {
        "@id": "way/45902347",
        "natural": "water",
        "water": "lake",
        "@geometry": "center"
      },
      "geometry": {
        "type": "Point",
        "coordinates": [
          9.0299609,
          50.0850642
        ]
      },
      "id": "way/45902347"
    },
    {
      "type": "Feature",
      "properties": {
        "@id": "way/46836166",
        "name": "Anglersee Wenighösbach",
        "natural": "water",
        "water": "lake",
        "@geometry": "center"
      },
      "geometry": {
        "type": "Point",
        "coordinates": [
          9.2021115,
          50.0226153
        ]
      },
      "id": "way/46836166"
    },
    {
      "type": "Feature",
      "properties": {
        "@id": "way/46914477",
        "name": "Koppenbergweiher",
        "natural": "water",
        "sport": "swimming",
        "water": "lake",
        "@geometry": "center"
      },
      "geometry": {
        "type": "Point",
        "coordinates": [
          11.2812095,
          47.7355409
        ]
      },
      "id": "way/46914477"
    },
    {
      "type": "Feature",
      "properties": {
        "@id": "way/46965175",
        "natural": "water",
        "water": "lake",
        "@geometry": "center"
      },
      "geometry": {
        "type": "Point",
        "coordinates": [
          9.0114255,
          50.0562329
        ]
      },
      "id": "way/46965175"
    },
    {
      "type": "Feature",
      "properties": {
        "@id": "way/47450195",
        "name": "Taubensee",
        "natural": "water",
        "water": "lake",
        "wikidata": "Q102046587",
        "@geometry": "center"
      },
      "geometry": {
        "type": "Point",
        "coordinates": [
          12.6679487,
          47.7372751
        ]
      },
      "id": "way/47450195"
    },
    {
      "type": "Feature",
      "properties": {
        "@id": "way/47713175",
        "natural": "water",
        "water": "lake",
        "@geometry": "center"
      },
      "geometry": {
        "type": "Point",
        "coordinates": [
          13.241176,
          48.9672834
        ]
      },
      "id": "way/47713175"
    },
    {
      "type": "Feature",
      "properties": {
        "@id": "way/47764003",
        "name": "Kapfinger Weiher",
        "natural": "water",
        "water": "lake",
        "@geometry": "center"
      },
      "geometry": {
        "type": "Point",
        "coordinates": [
          12.1017358,
          48.4565676
        ]
      },
      "id": "way/47764003"
    },
    {
      "type": "Feature",
      "properties": {
        "@id": "way/48769831",
        "name": "Schwaigsee",
        "natural": "water",
        "water": "lake",
        "@geometry": "center"
      },
      "geometry": {
        "type": "Point",
        "coordinates": [
          10.9564695,
          47.7071201
        ]
      },
      "id": "way/48769831"
    },
    {
      "type": "Feature",
      "properties": {
        "@id": "way/48908148",
        "intermittent": "no",
        "natural": "water",
        "salt": "no",
        "source": "landsat",
        "water": "lake",
        "@geometry": "center"
      },
      "geometry": {
        "type": "Point",
        "coordinates": [
          11.6976833,
          50.3194172
        ]
      },
      "id": "way/48908148"
    },
    {
      "type": "Feature",
      "properties": {
        "@id": "way/49039750",
        "name": "Fronreitener See",
        "natural": "water",
        "water": "lake",
        "wikidata": "Q110584572",
        "wikipedia": "de:Fronreitener See",
        "@geometry": "center"
      },
      "geometry": {
        "type": "Point",
        "coordinates": [
          10.8728361,
          47.6667465
        ]
      },
      "id": "way/49039750"
    },
    {
      "type": "Feature",
      "properties": {
        "@id": "way/49940844",
        "name": "Oberer Lindegger See",
        "natural": "water",
        "water": "lake",
        "@geometry": "center"
      },
      "geometry": {
        "type": "Point",
        "coordinates": [
          10.8856117,
          47.671821
        ]
      },
      "id": "way/49940844"
    },
    {
      "type": "Feature",
      "properties": {
        "@id": "way/50903008",
        "description": "Himmelsteich, Tagebau Restloch",
        "fishing": "no",
        "intermittent": "no",
        "name": "Langer Köchel See",
        "natural": "water",
        "salt": "no",
        "tidal": "no",
        "water": "lake",
        "wikidata": "Q29015411",
        "@geometry": "center"
      },
      "geometry": {
        "type": "Point",
        "coordinates": [
          11.1506744,
          47.6307647
        ]
      },
      "id": "way/50903008"
    },
    {
      "type": "Feature",
      "properties": {
        "@id": "way/55947319",
        "intermittent": "no",
        "natural": "water",
        "salt": "no",
        "tidal": "no",
        "water": "lake",
        "@geometry": "center"
      },
      "geometry": {
        "type": "Point",
        "coordinates": [
          11.7739068,
          49.4794688
        ]
      },
      "id": "way/55947319"
    },
    {
      "type": "Feature",
      "properties": {
        "@id": "way/56214107",
        "name": "Krebssee",
        "natural": "water",
        "salt": "no",
        "water": "lake",
        "@geometry": "center"
      },
      "geometry": {
        "type": "Point",
        "coordinates": [
          11.1633206,
          47.6194681
        ]
      },
      "id": "way/56214107"
    },
    {
      "type": "Feature",
      "properties": {
        "@id": "way/56672660",
        "name": "Grubsee",
        "natural": "water",
        "water": "lake",
        "wikidata": "Q51746070",
        "@geometry": "center"
      },
      "geometry": {
        "type": "Point",
        "coordinates": [
          11.2451763,
          47.4924118
        ]
      },
      "id": "way/56672660"
    },
    {
      "type": "Feature",
      "properties": {
        "@id": "way/60962208",
        "intermittent": "no",
        "natural": "water",
        "salt": "no",
        "tidal": "no",
        "water": "lake",
        "@geometry": "center"
      },
      "geometry": {
        "type": "Point",
        "coordinates": [
          10.7761884,
          48.3518806
        ]
      },
      "id": "way/60962208"
    },
    {
      "type": "Feature",
      "properties": {
        "@id": "way/60962209",
        "intermittent": "no",
        "natural": "water",
        "salt": "no",
        "tidal": "no",
        "water": "lake",
        "@geometry": "center"
      },
      "geometry": {
        "type": "Point",
        "coordinates": [
          10.7765525,
          48.3520158
        ]
      },
      "id": "way/60962209"
    },
    {
      "type": "Feature",
      "properties": {
        "@id": "way/61313412",
        "name": "Gurrensee",
        "natural": "water",
        "scuba_diving:divespot": "yes",
        "source": "http://www.dive-links.com/tauchplatz.php?lang=de&landid=31&regionid=155&stadtid=886&id=1999",
        "sport": "scuba_diving",
        "water": "lake",
        "website": "http://www.dive-links.com/tauchplatz.php?lang=de&landid=31&regionid=155&stadtid=886&id=1999",
        "@geometry": "center"
      },
      "geometry": {
        "type": "Point",
        "coordinates": [
          10.0176048,
          48.3495646
        ]
      },
      "id": "way/61313412"
    },
    {
      "type": "Feature",
      "properties": {
        "@id": "way/61691783",
        "name": "Pichler See",
        "natural": "water",
        "water": "lake",
        "@geometry": "center"
      },
      "geometry": {
        "type": "Point",
        "coordinates": [
          11.4834643,
          48.7040558
        ]
      },
      "id": "way/61691783"
    },
    {
      "type": "Feature",
      "properties": {
        "@id": "way/67195649",
        "name": "Badesee Wildpoldsried",
        "natural": "water",
        "sport": "swimming",
        "water": "lake",
        "@geometry": "center"
      },
      "geometry": {
        "type": "Point",
        "coordinates": [
          10.3975189,
          47.7663465
        ]
      },
      "id": "way/67195649"
    },
    {
      "type": "Feature",
      "properties": {
        "@id": "way/67388166",
        "name": "Hörmoos-See",
        "natural": "water",
        "water": "lake",
        "@geometry": "center"
      },
      "geometry": {
        "type": "Point",
        "coordinates": [
          10.0058862,
          47.4892586
        ]
      },
      "id": "way/67388166"
    },
    {
      "type": "Feature",
      "properties": {
        "@id": "way/71390247",
        "description": "Grundwassersee, friert nicht zu.",
        "ele": "745",
        "name": "Förchensee",
        "natural": "water",
        "water": "lake",
        "wikidata": "Q1479866",
        "wikimedia_commons": "File:Foerchensee Ruhpolding.jpg",
        "wikipedia": "de:Förchensee (Ruhpolding)",
        "@geometry": "center"
      },
      "geometry": {
        "type": "Point",
        "coordinates": [
          12.6203414,
          47.7083007
        ]
      },
      "id": "way/71390247"
    },
    {
      "type": "Feature",
      "properties": {
        "@id": "way/74152592",
        "name": "Moorsee",
        "natural": "water",
        "water": "lake",
        "@geometry": "center"
      },
      "geometry": {
        "type": "Point",
        "coordinates": [
          10.1935481,
          47.4474274
        ]
      },
      "id": "way/74152592"
    },
    {
      "type": "Feature",
      "properties": {
        "@id": "way/75507370",
        "description": "künstlich geschaffener Badesee",
        "fish": "yes",
        "name": "Maximiliansee",
        "natural": "water",
        "sport": "swimming",
        "water": "lake",
        "@geometry": "center"
      },
      "geometry": {
        "type": "Point",
        "coordinates": [
          12.0405575,
          48.0929412
        ]
      },
      "id": "way/75507370"
    },
    {
      "type": "Feature",
      "properties": {
        "@id": "way/75663197",
        "ele": "1707",
        "name": "Guggersee",
        "natural": "water",
        "water": "lake",
        "wikidata": "Q1553351",
        "@geometry": "center"
      },
      "geometry": {
        "type": "Point",
        "coordinates": [
          10.2491014,
          47.3169134
        ]
      },
      "id": "way/75663197"
    },
    {
      "type": "Feature",
      "properties": {
        "@id": "way/76465502",
        "name": "Waldbad Bad Alexandersbad",
        "natural": "water",
        "sport": "swimming",
        "water": "lake",
        "@geometry": "center"
      },
      "geometry": {
        "type": "Point",
        "coordinates": [
          12.0103241,
          50.0187132
        ]
      },
      "id": "way/76465502"
    },
    {
      "type": "Feature",
      "properties": {
        "@id": "way/80797828",
        "natural": "water",
        "water": "lake",
        "@geometry": "center"
      },
      "geometry": {
        "type": "Point",
        "coordinates": [
          13.3927486,
          49.0386553
        ]
      },
      "id": "way/80797828"
    },
    {
      "type": "Feature",
      "properties": {
        "@id": "way/80797832",
        "natural": "water",
        "water": "lake",
        "@geometry": "center"
      },
      "geometry": {
        "type": "Point",
        "coordinates": [
          13.3934575,
          49.0382889
        ]
      },
      "id": "way/80797832"
    },
    {
      "type": "Feature",
      "properties": {
        "@id": "way/80797840",
        "natural": "water",
        "water": "lake",
        "@geometry": "center"
      },
      "geometry": {
        "type": "Point",
        "coordinates": [
          13.3935005,
          49.0384116
        ]
      },
      "id": "way/80797840"
    },
    {
      "type": "Feature",
      "properties": {
        "@id": "way/83521157",
        "name": "Biberschwöller See",
        "natural": "water",
        "water": "lake",
        "@geometry": "center"
      },
      "geometry": {
        "type": "Point",
        "coordinates": [
          10.8634939,
          47.684595
        ]
      },
      "id": "way/83521157"
    },
    {
      "type": "Feature",
      "properties": {
        "@id": "way/83521160",
        "name": "Grabensee",
        "natural": "water",
        "water": "lake",
        "wikidata": "Q32039676",
        "@geometry": "center"
      },
      "geometry": {
        "type": "Point",
        "coordinates": [
          10.8617412,
          47.6904303
        ]
      },
      "id": "way/83521160"
    },
    {
      "type": "Feature",
      "properties": {
        "@id": "way/87355990",
        "description:de": "Fischteich",
        "natural": "water",
        "water": "lake",
        "@geometry": "center"
      },
      "geometry": {
        "type": "Point",
        "coordinates": [
          9.7713944,
          50.0257616
        ]
      },
      "id": "way/87355990"
    },
    {
      "type": "Feature",
      "properties": {
        "@id": "way/87355992",
        "description:de": "Fischteich",
        "natural": "water",
        "water": "lake",
        "@geometry": "center"
      },
      "geometry": {
        "type": "Point",
        "coordinates": [
          9.7735369,
          50.0256562
        ]
      },
      "id": "way/87355992"
    },
    {
      "type": "Feature",
      "properties": {
        "@id": "way/87355993",
        "description:de": "Fischteich",
        "natural": "water",
        "water": "lake",
        "@geometry": "center"
      },
      "geometry": {
        "type": "Point",
        "coordinates": [
          9.769804,
          50.0261462
        ]
      },
      "id": "way/87355993"
    },
    {
      "type": "Feature",
      "properties": {
        "@id": "way/88113706",
        "natural": "water",
        "water": "lake",
        "@geometry": "center"
      },
      "geometry": {
        "type": "Point",
        "coordinates": [
          12.4936146,
          48.9141152
        ]
      },
      "id": "way/88113706"
    },
    {
      "type": "Feature",
      "properties": {
        "@id": "way/88427409",
        "natural": "water",
        "water": "lake",
        "@geometry": "center"
      },
      "geometry": {
        "type": "Point",
        "coordinates": [
          11.11084,
          48.638995
        ]
      },
      "id": "way/88427409"
    },
    {
      "type": "Feature",
      "properties": {
        "@id": "way/89017313",
        "name": "Nützelbachsee",
        "natural": "water",
        "water": "lake",
        "@geometry": "center"
      },
      "geometry": {
        "type": "Point",
        "coordinates": [
          10.3480967,
          49.8911481
        ]
      },
      "id": "way/89017313"
    },
    {
      "type": "Feature",
      "properties": {
        "@id": "way/89479571",
        "natural": "water",
        "water": "lake",
        "@geometry": "center"
      },
      "geometry": {
        "type": "Point",
        "coordinates": [
          11.4419852,
          48.7092476
        ]
      },
      "id": "way/89479571"
    },
    {
      "type": "Feature",
      "properties": {
        "@id": "way/89479575",
        "natural": "water",
        "water": "lake",
        "@geometry": "center"
      },
      "geometry": {
        "type": "Point",
        "coordinates": [
          11.440947,
          48.7072091
        ]
      },
      "id": "way/89479575"
    },
    {
      "type": "Feature",
      "properties": {
        "@id": "way/89479583",
        "name": "Zauner Weiher",
        "natural": "water",
        "water": "lake",
        "@geometry": "center"
      },
      "geometry": {
        "type": "Point",
        "coordinates": [
          11.4372178,
          48.7087891
        ]
      },
      "id": "way/89479583"
    },
    {
      "type": "Feature",
      "properties": {
        "@id": "way/89689482",
        "natural": "water",
        "water": "lake",
        "@geometry": "center"
      },
      "geometry": {
        "type": "Point",
        "coordinates": [
          9.0484731,
          50.0251646
        ]
      },
      "id": "way/89689482"
    },
    {
      "type": "Feature",
      "properties": {
        "@id": "way/89689484",
        "natural": "water",
        "water": "lake",
        "@geometry": "center"
      },
      "geometry": {
        "type": "Point",
        "coordinates": [
          9.0514882,
          50.0217341
        ]
      },
      "id": "way/89689484"
    },
    {
      "type": "Feature",
      "properties": {
        "@id": "way/91761117",
        "name": "Mittersee",
        "natural": "water",
        "water": "lake",
        "@geometry": "center"
      },
      "geometry": {
        "type": "Point",
        "coordinates": [
          12.9778495,
          47.5210422
        ]
      },
      "id": "way/91761117"
    },
    {
      "type": "Feature",
      "properties": {
        "@id": "way/91865781",
        "name": "Asura-Weiher",
        "natural": "water",
        "salt": "no",
        "water": "lake",
        "@geometry": "center"
      },
      "geometry": {
        "type": "Point",
        "coordinates": [
          12.3571357,
          47.9263389
        ]
      },
      "id": "way/91865781"
    },
    {
      "type": "Feature",
      "properties": {
        "@id": "way/92086432",
        "name": "Berger See",
        "natural": "water",
        "water": "lake",
        "@geometry": "center"
      },
      "geometry": {
        "type": "Point",
        "coordinates": [
          12.3362215,
          48.0817162
        ]
      },
      "id": "way/92086432"
    },
    {
      "type": "Feature",
      "properties": {
        "@id": "way/92242828",
        "natural": "water",
        "water": "lake",
        "@geometry": "center"
      },
      "geometry": {
        "type": "Point",
        "coordinates": [
          11.1395668,
          48.2017989
        ]
      },
      "id": "way/92242828"
    },
    {
      "type": "Feature",
      "properties": {
        "@id": "way/92419796",
        "natural": "water",
        "water": "lake",
        "@geometry": "center"
      },
      "geometry": {
        "type": "Point",
        "coordinates": [
          10.0475674,
          48.354548
        ]
      },
      "id": "way/92419796"
    },
    {
      "type": "Feature",
      "properties": {
        "@id": "way/92419798",
        "natural": "water",
        "water": "lake",
        "@geometry": "center"
      },
      "geometry": {
        "type": "Point",
        "coordinates": [
          10.0471288,
          48.3537405
        ]
      },
      "id": "way/92419798"
    },
    {
      "type": "Feature",
      "properties": {
        "@id": "way/92419800",
        "name": "Werzler Weiher",
        "natural": "water",
        "water": "lake",
        "@geometry": "center"
      },
      "geometry": {
        "type": "Point",
        "coordinates": [
          10.0454846,
          48.3527816
        ]
      },
      "id": "way/92419800"
    },
    {
      "type": "Feature",
      "properties": {
        "@id": "way/93102000",
        "name": "Sonnensee",
        "natural": "water",
        "water": "lake",
        "@geometry": "center"
      },
      "geometry": {
        "type": "Point",
        "coordinates": [
          10.2005343,
          48.4639628
        ]
      },
      "id": "way/93102000"
    },
    {
      "type": "Feature",
      "properties": {
        "@id": "way/93251673",
        "natural": "water",
        "water": "lake",
        "@geometry": "center"
      },
      "geometry": {
        "type": "Point",
        "coordinates": [
          9.8805015,
          49.8529197
        ]
      },
      "id": "way/93251673"
    },
    {
      "type": "Feature",
      "properties": {
        "@id": "way/93587862",
        "name": "Fessler-Weiher",
        "natural": "water",
        "water": "lake",
        "@geometry": "center"
      },
      "geometry": {
        "type": "Point",
        "coordinates": [
          12.3610108,
          47.8581533
        ]
      },
      "id": "way/93587862"
    },
    {
      "type": "Feature",
      "properties": {
        "@id": "way/93604615",
        "natural": "water",
        "water": "lake",
        "@geometry": "center"
      },
      "geometry": {
        "type": "Point",
        "coordinates": [
          10.8759934,
          48.2340249
        ]
      },
      "id": "way/93604615"
    },
    {
      "type": "Feature",
      "properties": {
        "@id": "way/93604616",
        "natural": "water",
        "source": "Datenquelle: Bayerische Vermessungsverwaltung – www.geodaten.bayern.de",
        "source:url": "http://vermessung.bayern.de/opendata",
        "water": "lake",
        "@geometry": "center"
      },
      "geometry": {
        "type": "Point",
        "coordinates": [
          10.8713232,
          48.2258698
        ]
      },
      "id": "way/93604616"
    },
    {
      "type": "Feature",
      "properties": {
        "@id": "way/93814761",
        "ele": "588",
        "name": "Forchensee",
        "natural": "water",
        "water": "lake",
        "@geometry": "center"
      },
      "geometry": {
        "type": "Point",
        "coordinates": [
          11.3188109,
          47.7810568
        ]
      },
      "id": "way/93814761"
    },
    {
      "type": "Feature",
      "properties": {
        "@id": "way/93814775",
        "natural": "water",
        "water": "lake",
        "@geometry": "center"
      },
      "geometry": {
        "type": "Point",
        "coordinates": [
          11.318308,
          47.8180635
        ]
      },
      "id": "way/93814775"
    },
    {
      "type": "Feature",
      "properties": {
        "@id": "way/94088024",
        "description": "Badesee Moorbad",
        "name": "Aschauerweiher",
        "natural": "water",
        "salt": "no",
        "tidal": "no",
        "water": "lake",
        "@geometry": "center"
      },
      "geometry": {
        "type": "Point",
        "coordinates": [
          12.9853998,
          47.6443659
        ]
      },
      "id": "way/94088024"
    },
    {
      "type": "Feature",
      "properties": {
        "@id": "way/94329688",
        "natural": "water",
        "water": "lake",
        "@geometry": "center"
      },
      "geometry": {
        "type": "Point",
        "coordinates": [
          10.2885675,
          50.2778376
        ]
      },
      "id": "way/94329688"
    },
    {
      "type": "Feature",
      "properties": {
        "@id": "way/94480889",
        "ele": "2078",
        "name": "Kleiner Rappensee",
        "natural": "water",
        "water": "lake",
        "wikidata": "Q124629505",
        "@geometry": "center"
      },
      "geometry": {
        "type": "Point",
        "coordinates": [
          10.2554027,
          47.2883959
        ]
      },
      "id": "way/94480889"
    },
    {
      "type": "Feature",
      "properties": {
        "@id": "way/94514530",
        "natural": "water",
        "water": "lake",
        "@geometry": "center"
      },
      "geometry": {
        "type": "Point",
        "coordinates": [
          10.2873622,
          50.2766708
        ]
      },
      "id": "way/94514530"
    },
    {
      "type": "Feature",
      "properties": {
        "@id": "way/94579739",
        "ele": "1601",
        "name": "Hörnlesee",
        "natural": "water",
        "water": "lake",
        "wikidata": "Q32546585",
        "@geometry": "center"
      },
      "geometry": {
        "type": "Point",
        "coordinates": [
          10.3915742,
          47.5479648
        ]
      },
      "id": "way/94579739"
    },
    {
      "type": "Feature",
      "properties": {
        "@id": "way/94692810",
        "name": "Bergersee",
        "natural": "water",
        "source": "bing",
        "water": "lake",
        "@geometry": "center"
      },
      "geometry": {
        "type": "Point",
        "coordinates": [
          10.2117978,
          49.2592036
        ]
      },
      "id": "way/94692810"
    },
    {
      "type": "Feature",
      "properties": {
        "@id": "way/95797818",
        "name": "Weiher am Säckergraben",
        "natural": "water",
        "water": "lake",
        "@geometry": "center"
      },
      "geometry": {
        "type": "Point",
        "coordinates": [
          13.0608373,
          48.7635012
        ]
      },
      "id": "way/95797818"
    },
    {
      "type": "Feature",
      "properties": {
        "@id": "way/95797822",
        "name": "Socol Weiher",
        "natural": "water",
        "water": "lake",
        "@geometry": "center"
      },
      "geometry": {
        "type": "Point",
        "coordinates": [
          13.0615926,
          48.7652784
        ]
      },
      "id": "way/95797822"
    },
    {
      "type": "Feature",
      "properties": {
        "@id": "way/95943254",
        "name": "Burkarder See",
        "natural": "water",
        "water": "lake",
        "@geometry": "center"
      },
      "geometry": {
        "type": "Point",
        "coordinates": [
          9.924425,
          49.78876
        ]
      },
      "id": "way/95943254"
    },
    {
      "type": "Feature",
      "properties": {
        "@id": "way/96092605",
        "name": "Baggersee",
        "natural": "water",
        "source": "Bing",
        "water": "lake",
        "@geometry": "center"
      },
      "geometry": {
        "type": "Point",
        "coordinates": [
          13.2565935,
          48.3394215
        ]
      },
      "id": "way/96092605"
    },
    {
      "type": "Feature",
      "properties": {
        "@id": "way/96806804",
        "boat": "no",
        "canoe": "no",
        "motorboat": "no",
        "name": "Garitzer See",
        "natural": "water",
        "ship": "no",
        "source": "Bing",
        "water": "lake",
        "@geometry": "center"
      },
      "geometry": {
        "type": "Point",
        "coordinates": [
          10.0554631,
          50.190393
        ]
      },
      "id": "way/96806804"
    },
    {
      "type": "Feature",
      "properties": {
        "@id": "way/96820192",
        "natural": "water",
        "source": "bing",
        "water": "lake",
        "@geometry": "center"
      },
      "geometry": {
        "type": "Point",
        "coordinates": [
          10.4215494,
          48.2285373
        ]
      },
      "id": "way/96820192"
    },
    {
      "type": "Feature",
      "properties": {
        "@id": "way/96820214",
        "natural": "water",
        "source": "bing",
        "water": "lake",
        "@geometry": "center"
      },
      "geometry": {
        "type": "Point",
        "coordinates": [
          10.4215543,
          48.2288844
        ]
      },
      "id": "way/96820214"
    },
    {
      "type": "Feature",
      "properties": {
        "@id": "way/97084244",
        "name": "Badeweiher",
        "natural": "water",
        "source": "Bing",
        "water": "lake",
        "@geometry": "center"
      },
      "geometry": {
        "type": "Point",
        "coordinates": [
          10.4047413,
          49.0262464
        ]
      },
      "id": "way/97084244"
    },
    {
      "type": "Feature",
      "properties": {
        "@id": "way/98387437",
        "name": "Südsee",
        "natural": "water",
        "water": "lake",
        "@geometry": "center"
      },
      "geometry": {
        "type": "Point",
        "coordinates": [
          10.2359053,
          48.4778159
        ]
      },
      "id": "way/98387437"
    },
    {
      "type": "Feature",
      "properties": {
        "@id": "way/98514238",
        "intermittent": "no",
        "name": "Seelein",
        "natural": "water",
        "salt": "no",
        "tidal": "no",
        "water": "lake",
        "@geometry": "center"
      },
      "geometry": {
        "type": "Point",
        "coordinates": [
          9.9569697,
          49.740709
        ]
      },
      "id": "way/98514238"
    },
    {
      "type": "Feature",
      "properties": {
        "@id": "way/98874303",
        "name": "Rettensee",
        "natural": "water",
        "source": "bing",
        "water": "lake",
        "wikidata": "Q15708628",
        "@geometry": "center"
      },
      "geometry": {
        "type": "Point",
        "coordinates": [
          11.3692378,
          47.6889433
        ]
      },
      "id": "way/98874303"
    },
    {
      "type": "Feature",
      "properties": {
        "@id": "way/99482954",
        "boat": "no",
        "leisure": "swimming_area",
        "name": "Badeweiher",
        "natural": "water",
        "source": "Bing",
        "sport": "swimming",
        "water": "lake",
        "@geometry": "center"
      },
      "geometry": {
        "type": "Point",
        "coordinates": [
          12.0424113,
          48.3659343
        ]
      },
      "id": "way/99482954"
    },
    {
      "type": "Feature",
      "properties": {
        "@id": "way/99571554",
        "alt_name": "Staltacher See",
        "ele": "588",
        "name": "Eishaussee",
        "natural": "water",
        "water": "lake",
        "@geometry": "center"
      },
      "geometry": {
        "type": "Point",
        "coordinates": [
          11.3170856,
          47.7842998
        ]
      },
      "id": "way/99571554"
    },
    {
      "type": "Feature",
      "properties": {
        "@id": "way/99571559",
        "ele": "588",
        "name": "Bräuhaussee",
        "natural": "water",
        "water": "lake",
        "@geometry": "center"
      },
      "geometry": {
        "type": "Point",
        "coordinates": [
          11.3187281,
          47.7823023
        ]
      },
      "id": "way/99571559"
    },
    {
      "type": "Feature",
      "properties": {
        "@id": "way/99902210",
        "natural": "water",
        "water": "lake",
        "@geometry": "center"
      },
      "geometry": {
        "type": "Point",
        "coordinates": [
          10.6689979,
          48.8763187
        ]
      },
      "id": "way/99902210"
    },
    {
      "type": "Feature",
      "properties": {
        "@id": "way/99902321",
        "natural": "water",
        "water": "lake",
        "@geometry": "center"
      },
      "geometry": {
        "type": "Point",
        "coordinates": [
          10.6713455,
          48.8760203
        ]
      },
      "id": "way/99902321"
    },
    {
      "type": "Feature",
      "properties": {
        "@id": "way/99902427",
        "natural": "water",
        "water": "lake",
        "@geometry": "center"
      },
      "geometry": {
        "type": "Point",
        "coordinates": [
          10.6689171,
          48.8774679
        ]
      },
      "id": "way/99902427"
    },
    {
      "type": "Feature",
      "properties": {
        "@id": "way/99902623",
        "natural": "water",
        "water": "lake",
        "@geometry": "center"
      },
      "geometry": {
        "type": "Point",
        "coordinates": [
          10.670606,
          48.8761028
        ]
      },
      "id": "way/99902623"
    },
    {
      "type": "Feature",
      "properties": {
        "@id": "way/99902673",
        "natural": "water",
        "water": "lake",
        "@geometry": "center"
      },
      "geometry": {
        "type": "Point",
        "coordinates": [
          10.6686362,
          48.8756164
        ]
      },
      "id": "way/99902673"
    },
    {
      "type": "Feature",
      "properties": {
        "@id": "way/99902755",
        "natural": "water",
        "water": "lake",
        "@geometry": "center"
      },
      "geometry": {
        "type": "Point",
        "coordinates": [
          10.6673867,
          48.8764668
        ]
      },
      "id": "way/99902755"
    },
    {
      "type": "Feature",
      "properties": {
        "@id": "way/99902786",
        "natural": "water",
        "water": "lake",
        "@geometry": "center"
      },
      "geometry": {
        "type": "Point",
        "coordinates": [
          10.6671551,
          48.8754823
        ]
      },
      "id": "way/99902786"
    },
    {
      "type": "Feature",
      "properties": {
        "@id": "way/100089700",
        "name": "Zwingsee",
        "natural": "water",
        "water": "lake",
        "@geometry": "center"
      },
      "geometry": {
        "type": "Point",
        "coordinates": [
          12.7510621,
          47.7503514
        ]
      },
      "id": "way/100089700"
    },
    {
      "type": "Feature",
      "properties": {
        "@id": "way/100165469",
        "name": "Autobahnsee",
        "natural": "water",
        "water": "lake",
        "@geometry": "center"
      },
      "geometry": {
        "type": "Point",
        "coordinates": [
          10.1201327,
          48.4478103
        ]
      },
      "id": "way/100165469"
    },
    {
      "type": "Feature",
      "properties": {
        "@id": "way/100654534",
        "access": "private",
        "natural": "water",
        "source:aerial": "Bing Imagery",
        "source:tracer": "scanaerial",
        "water": "lake",
        "@geometry": "center"
      },
      "geometry": {
        "type": "Point",
        "coordinates": [
          12.8772055,
          48.8266267
        ]
      },
      "id": "way/100654534"
    },
    {
      "type": "Feature",
      "properties": {
        "@id": "way/100952907",
        "name": "Mühlenweiher",
        "natural": "water",
        "water": "lake",
        "@geometry": "center"
      },
      "geometry": {
        "type": "Point",
        "coordinates": [
          10.2160088,
          48.2403793
        ]
      },
      "id": "way/100952907"
    },
    {
      "type": "Feature",
      "properties": {
        "@id": "way/101563170",
        "natural": "water",
        "water": "lake",
        "@geometry": "center"
      },
      "geometry": {
        "type": "Point",
        "coordinates": [
          10.6708147,
          48.8770646
        ]
      },
      "id": "way/101563170"
    },
    {
      "type": "Feature",
      "properties": {
        "@id": "way/102432871",
        "natural": "water",
        "water": "lake",
        "@geometry": "center"
      },
      "geometry": {
        "type": "Point",
        "coordinates": [
          9.9115362,
          50.3512815
        ]
      },
      "id": "way/102432871"
    },
    {
      "type": "Feature",
      "properties": {
        "@id": "way/104027787",
        "natural": "water",
        "water": "lake",
        "@geometry": "center"
      },
      "geometry": {
        "type": "Point",
        "coordinates": [
          9.0529085,
          50.017795
        ]
      },
      "id": "way/104027787"
    },
    {
      "type": "Feature",
      "properties": {
        "@id": "way/104677814",
        "fishing": "private",
        "name": "Haubachsee",
        "natural": "water",
        "water": "lake",
        "@geometry": "center"
      },
      "geometry": {
        "type": "Point",
        "coordinates": [
          10.4537639,
          50.3195239
        ]
      },
      "id": "way/104677814"
    },
    {
      "type": "Feature",
      "properties": {
        "@id": "way/106108373",
        "loc_name": "Baggersee Langweid",
        "natural": "water",
        "noname": "yes",
        "water": "lake",
        "@geometry": "center"
      },
      "geometry": {
        "type": "Point",
        "coordinates": [
          10.8587948,
          48.4810891
        ]
      },
      "id": "way/106108373"
    },
    {
      "type": "Feature",
      "properties": {
        "@id": "way/107094130",
        "alt_name": "Seerosensee",
        "name": "Seemösl",
        "natural": "water",
        "water": "lake",
        "@geometry": "center"
      },
      "geometry": {
        "type": "Point",
        "coordinates": [
          12.8339089,
          47.7181147
        ]
      },
      "id": "way/107094130"
    },
    {
      "type": "Feature",
      "properties": {
        "@id": "way/107119701",
        "natural": "water",
        "water": "lake",
        "@geometry": "center"
      },
      "geometry": {
        "type": "Point",
        "coordinates": [
          10.0937906,
          48.1881597
        ]
      },
      "id": "way/107119701"
    },
    {
      "type": "Feature",
      "properties": {
        "@id": "way/107706695",
        "natural": "water",
        "water": "lake",
        "@geometry": "center"
      },
      "geometry": {
        "type": "Point",
        "coordinates": [
          10.329672,
          48.5217141
        ]
      },
      "id": "way/107706695"
    },
    {
      "type": "Feature",
      "properties": {
        "@id": "way/109298438",
        "name": "Silbersee",
        "natural": "water",
        "water": "lake",
        "@geometry": "center"
      },
      "geometry": {
        "type": "Point",
        "coordinates": [
          12.6444013,
          48.2500754
        ]
      },
      "id": "way/109298438"
    },
    {
      "type": "Feature",
      "properties": {
        "@id": "way/109303171",
        "natural": "water",
        "water": "lake",
        "@geometry": "center"
      },
      "geometry": {
        "type": "Point",
        "coordinates": [
          10.5897722,
          50.2423336
        ]
      },
      "id": "way/109303171"
    },
    {
      "type": "Feature",
      "properties": {
        "@id": "way/110551929",
        "name": "Froschsee",
        "natural": "water",
        "source": "Bing",
        "water": "lake",
        "wikidata": "Q32019345",
        "@geometry": "center"
      },
      "geometry": {
        "type": "Point",
        "coordinates": [
          12.711553,
          47.7571738
        ]
      },
      "id": "way/110551929"
    },
    {
      "type": "Feature",
      "properties": {
        "@id": "way/110955279",
        "description": "Naturbadesee im Winter für Wintersport geöffnet",
        "fishing": "no",
        "name": "Schleifweiher",
        "natural": "water",
        "salt": "no",
        "source": "local knowledge",
        "tidal": "no",
        "water": "lake",
        "@geometry": "center"
      },
      "geometry": {
        "type": "Point",
        "coordinates": [
          10.3266737,
          49.1604117
        ]
      },
      "id": "way/110955279"
    },
    {
      "type": "Feature",
      "properties": {
        "@id": "way/111540235",
        "natural": "water",
        "water": "lake",
        "@geometry": "center"
      },
      "geometry": {
        "type": "Point",
        "coordinates": [
          13.3985821,
          49.0266463
        ]
      },
      "id": "way/111540235"
    },
    {
      "type": "Feature",
      "properties": {
        "@id": "way/111540236",
        "natural": "water",
        "water": "lake",
        "@geometry": "center"
      },
      "geometry": {
        "type": "Point",
        "coordinates": [
          13.3964352,
          49.0267317
        ]
      },
      "id": "way/111540236"
    },
    {
      "type": "Feature",
      "properties": {
        "@id": "way/113414699",
        "intermittent": "no",
        "name": "Seil-Weiher",
        "natural": "water",
        "salt": "no",
        "source": "Bing",
        "water": "lake",
        "@geometry": "center"
      },
      "geometry": {
        "type": "Point",
        "coordinates": [
          13.3622772,
          48.7281561
        ]
      },
      "id": "way/113414699"
    },
    {
      "type": "Feature",
      "properties": {
        "@id": "way/113437168",
        "intermittent": "no",
        "name": "Natursee Graben",
        "natural": "water",
        "salt": "no",
        "tidal": "no",
        "water": "lake",
        "@geometry": "center"
      },
      "geometry": {
        "type": "Point",
        "coordinates": [
          10.8297461,
          48.1950772
        ]
      },
      "id": "way/113437168"
    },
    {
      "type": "Feature",
      "properties": {
        "@id": "way/113850715",
        "natural": "water",
        "water": "lake",
        "@geometry": "center"
      },
      "geometry": {
        "type": "Point",
        "coordinates": [
          13.3968064,
          49.0265614
        ]
      },
      "id": "way/113850715"
    },
    {
      "type": "Feature",
      "properties": {
        "@id": "way/115303518",
        "name": "Fridolfinger See",
        "natural": "water",
        "water": "lake",
        "wikidata": "Q1456203",
        "@geometry": "center"
      },
      "geometry": {
        "type": "Point",
        "coordinates": [
          12.8421802,
          47.9946976
        ]
      },
      "id": "way/115303518"
    },
    {
      "type": "Feature",
      "properties": {
        "@id": "way/117144337",
        "name": "Weilbergweiher",
        "natural": "water",
        "water": "lake",
        "website": "https://www.weilheim-schongau.de/landkreis/gesundheit-im-landkreis/gesundheitsamt/gesunder-badespass/eu-badegewaesser/eu-badegewaesser-im-landkreis/",
        "@geometry": "center"
      },
      "geometry": {
        "type": "Point",
        "coordinates": [
          11.3238183,
          47.722529
        ]
      },
      "id": "way/117144337"
    },
    {
      "type": "Feature",
      "properties": {
        "@id": "way/118939991",
        "name": "Großer Anglersee",
        "natural": "water",
        "water": "lake",
        "@geometry": "center"
      },
      "geometry": {
        "type": "Point",
        "coordinates": [
          10.3226261,
          49.8797917
        ]
      },
      "id": "way/118939991"
    },
    {
      "type": "Feature",
      "properties": {
        "@id": "way/119665800",
        "name": "Badesee \"Tegelgrube\"",
        "natural": "water",
        "water": "lake",
        "@geometry": "center"
      },
      "geometry": {
        "type": "Point",
        "coordinates": [
          11.965803,
          48.8371664
        ]
      },
      "id": "way/119665800"
    },
    {
      "type": "Feature",
      "properties": {
        "@id": "way/120202813",
        "intermittent": "yes",
        "name": "kleiner Schenkensee",
        "natural": "water",
        "water": "lake",
        "website": "https://wuerzburgwiki.de/wiki/Gro%C3%9Fer_und_kleiner_Schenkensee",
        "@geometry": "center"
      },
      "geometry": {
        "type": "Point",
        "coordinates": [
          9.86792,
          49.741545
        ]
      },
      "id": "way/120202813"
    },
    {
      "type": "Feature",
      "properties": {
        "@id": "way/120581151",
        "natural": "water",
        "water": "lake",
        "@geometry": "center"
      },
      "geometry": {
        "type": "Point",
        "coordinates": [
          11.8964945,
          48.9105885
        ]
      },
      "id": "way/120581151"
    },
    {
      "type": "Feature",
      "properties": {
        "@id": "way/121313182",
        "natural": "water",
        "water": "lake",
        "@geometry": "center"
      },
      "geometry": {
        "type": "Point",
        "coordinates": [
          12.0408855,
          47.7929166
        ]
      },
      "id": "way/121313182"
    },
    {
      "type": "Feature",
      "properties": {
        "@id": "way/121313184",
        "natural": "water",
        "water": "lake",
        "@geometry": "center"
      },
      "geometry": {
        "type": "Point",
        "coordinates": [
          12.0396034,
          47.7930504
        ]
      },
      "id": "way/121313184"
    },
    {
      "type": "Feature",
      "properties": {
        "@id": "way/121313186",
        "natural": "water",
        "water": "lake",
        "@geometry": "center"
      },
      "geometry": {
        "type": "Point",
        "coordinates": [
          12.0393809,
          47.7926493
        ]
      },
      "id": "way/121313186"
    },
    {
      "type": "Feature",
      "properties": {
        "@id": "way/121465725",
        "name": "Leilachsee",
        "natural": "water",
        "water": "lake",
        "@geometry": "center"
      },
      "geometry": {
        "type": "Point",
        "coordinates": [
          11.4346828,
          48.7070531
        ]
      },
      "id": "way/121465725"
    },
    {
      "type": "Feature",
      "properties": {
        "@id": "way/122137866",
        "natural": "water",
        "source": "DOP 200",
        "water": "lake",
        "@geometry": "center"
      },
      "geometry": {
        "type": "Point",
        "coordinates": [
          12.0818252,
          50.0665155
        ]
      },
      "id": "way/122137866"
    },
    {
      "type": "Feature",
      "properties": {
        "@id": "way/123564207",
        "name": "Braunecksee",
        "natural": "water",
        "water": "lake",
        "@geometry": "center"
      },
      "geometry": {
        "type": "Point",
        "coordinates": [
          10.8483912,
          47.7189436
        ]
      },
      "id": "way/123564207"
    },
    {
      "type": "Feature",
      "properties": {
        "@id": "way/123564231",
        "name": "Hofsee",
        "natural": "water",
        "water": "lake",
        "@geometry": "center"
      },
      "geometry": {
        "type": "Point",
        "coordinates": [
          10.8498051,
          47.7232693
        ]
      },
      "id": "way/123564231"
    },
    {
      "type": "Feature",
      "properties": {
        "@id": "way/125453431",
        "name": "Grundsee",
        "natural": "water",
        "water": "lake",
        "@geometry": "center"
      },
      "geometry": {
        "type": "Point",
        "coordinates": [
          10.4006049,
          49.8539362
        ]
      },
      "id": "way/125453431"
    },
    {
      "type": "Feature",
      "properties": {
        "@id": "way/125584567",
        "natural": "water",
        "water": "lake",
        "@geometry": "center"
      },
      "geometry": {
        "type": "Point",
        "coordinates": [
          10.4173316,
          49.835548
        ]
      },
      "id": "way/125584567"
    },
    {
      "type": "Feature",
      "properties": {
        "@id": "way/125584568",
        "natural": "water",
        "water": "lake",
        "@geometry": "center"
      },
      "geometry": {
        "type": "Point",
        "coordinates": [
          10.4181899,
          49.8354674
        ]
      },
      "id": "way/125584568"
    },
    {
      "type": "Feature",
      "properties": {
        "@id": "way/125611750",
        "natural": "water",
        "water": "lake",
        "@geometry": "center"
      },
      "geometry": {
        "type": "Point",
        "coordinates": [
          9.0456835,
          50.029776
        ]
      },
      "id": "way/125611750"
    },
    {
      "type": "Feature",
      "properties": {
        "@id": "way/125611752",
        "natural": "water",
        "water": "lake",
        "@geometry": "center"
      },
      "geometry": {
        "type": "Point",
        "coordinates": [
          9.0440485,
          50.0301882
        ]
      },
      "id": "way/125611752"
    },
    {
      "type": "Feature",
      "properties": {
        "@id": "way/125906004",
        "natural": "water",
        "water": "lake",
        "@geometry": "center"
      },
      "geometry": {
        "type": "Point",
        "coordinates": [
          9.0910252,
          49.9131019
        ]
      },
      "id": "way/125906004"
    },
    {
      "type": "Feature",
      "properties": {
        "@id": "way/125906013",
        "natural": "water",
        "water": "lake",
        "@geometry": "center"
      },
      "geometry": {
        "type": "Point",
        "coordinates": [
          9.0932014,
          49.9125629
        ]
      },
      "id": "way/125906013"
    },
    {
      "type": "Feature",
      "properties": {
        "@id": "way/125906014",
        "natural": "water",
        "water": "lake",
        "@geometry": "center"
      },
      "geometry": {
        "type": "Point",
        "coordinates": [
          9.0930317,
          49.9118959
        ]
      },
      "id": "way/125906014"
    },
    {
      "type": "Feature",
      "properties": {
        "@id": "way/126145280",
        "natural": "water",
        "water": "lake",
        "@geometry": "center"
      },
      "geometry": {
        "type": "Point",
        "coordinates": [
          12.2958766,
          49.070698
        ]
      },
      "id": "way/126145280"
    },
    {
      "type": "Feature",
      "properties": {
        "@id": "way/126198163",
        "intermittent": "no",
        "name": "Rothenbachsee",
        "natural": "water",
        "salt": "no",
        "tidal": "no",
        "water": "lake",
        "@geometry": "center"
      },
      "geometry": {
        "type": "Point",
        "coordinates": [
          10.2609141,
          49.8552044
        ]
      },
      "id": "way/126198163"
    },
    {
      "type": "Feature",
      "properties": {
        "@id": "way/126641526",
        "intermittent": "no",
        "natural": "water",
        "water": "lake",
        "@geometry": "center"
      },
      "geometry": {
        "type": "Point",
        "coordinates": [
          10.5967042,
          48.620454
        ]
      },
      "id": "way/126641526"
    },
    {
      "type": "Feature",
      "properties": {
        "@id": "way/126773736",
        "natural": "water",
        "water": "lake",
        "@geometry": "center"
      },
      "geometry": {
        "type": "Point",
        "coordinates": [
          12.8750946,
          48.8248798
        ]
      },
      "id": "way/126773736"
    },
    {
      "type": "Feature",
      "properties": {
        "@id": "way/126815520",
        "natural": "water",
        "water": "lake",
        "@geometry": "center"
      },
      "geometry": {
        "type": "Point",
        "coordinates": [
          10.3415867,
          49.7962112
        ]
      },
      "id": "way/126815520"
    },
    {
      "type": "Feature",
      "properties": {
        "@id": "way/127208824",
        "name": "Wöhrsee",
        "natural": "water",
        "water": "lake",
        "wikidata": "Q15650595",
        "@geometry": "center"
      },
      "geometry": {
        "type": "Point",
        "coordinates": [
          12.828304,
          48.1606943
        ]
      },
      "id": "way/127208824"
    },
    {
      "type": "Feature",
      "properties": {
        "@id": "way/128349039",
        "intermittent": "no",
        "name": "Ebenreuther See",
        "natural": "water",
        "source": "Bing",
        "water": "lake",
        "@geometry": "center"
      },
      "geometry": {
        "type": "Point",
        "coordinates": [
          13.2793279,
          48.7980302
        ]
      },
      "id": "way/128349039"
    },
    {
      "type": "Feature",
      "properties": {
        "@id": "way/130331497",
        "natural": "water",
        "water": "lake",
        "@geometry": "center"
      },
      "geometry": {
        "type": "Point",
        "coordinates": [
          12.4959559,
          48.9150034
        ]
      },
      "id": "way/130331497"
    },
    {
      "type": "Feature",
      "properties": {
        "@id": "way/131564898",
        "name": "Oberer Stadtteich",
        "natural": "water",
        "water": "lake",
        "@geometry": "center"
      },
      "geometry": {
        "type": "Point",
        "coordinates": [
          12.3441003,
          49.8803843
        ]
      },
      "id": "way/131564898"
    },
    {
      "type": "Feature",
      "properties": {
        "@id": "way/135398376",
        "natural": "water",
        "water": "lake",
        "@geometry": "center"
      },
      "geometry": {
        "type": "Point",
        "coordinates": [
          10.4744993,
          49.8564042
        ]
      },
      "id": "way/135398376"
    },
    {
      "type": "Feature",
      "properties": {
        "@id": "way/135423083",
        "natural": "water",
        "water": "lake",
        "@geometry": "center"
      },
      "geometry": {
        "type": "Point",
        "coordinates": [
          10.7192847,
          48.2142228
        ]
      },
      "id": "way/135423083"
    },
    {
      "type": "Feature",
      "properties": {
        "@id": "way/135643915",
        "intermittent": "no",
        "name": "Naturbad",
        "natural": "water",
        "swimming": "yes",
        "water": "lake",
        "@geometry": "center"
      },
      "geometry": {
        "type": "Point",
        "coordinates": [
          12.8238899,
          48.999291
        ]
      },
      "id": "way/135643915"
    },
    {
      "type": "Feature",
      "properties": {
        "@id": "way/136053145",
        "name": "Sammerner Kiesweiher",
        "natural": "water",
        "water": "lake",
        "@geometry": "center"
      },
      "geometry": {
        "type": "Point",
        "coordinates": [
          12.95189,
          48.7715807
        ]
      },
      "id": "way/136053145"
    },
    {
      "type": "Feature",
      "properties": {
        "@id": "way/140102122",
        "natural": "water",
        "water": "lake",
        "@geometry": "center"
      },
      "geometry": {
        "type": "Point",
        "coordinates": [
          10.4725589,
          49.8384627
        ]
      },
      "id": "way/140102122"
    },
    {
      "type": "Feature",
      "properties": {
        "@id": "way/140255323",
        "leisure": "swimming_area",
        "name": "Badweiher",
        "natural": "water",
        "sport": "swimming",
        "water": "lake",
        "@geometry": "center"
      },
      "geometry": {
        "type": "Point",
        "coordinates": [
          10.4516106,
          49.0322415
        ]
      },
      "id": "way/140255323"
    },
    {
      "type": "Feature",
      "properties": {
        "@id": "way/140308297",
        "leisure": "swimming_area",
        "name": "Badweiher",
        "natural": "water",
        "sport": "swimming",
        "water": "lake",
        "@geometry": "center"
      },
      "geometry": {
        "type": "Point",
        "coordinates": [
          10.4816621,
          49.0510805
        ]
      },
      "id": "way/140308297"
    },
    {
      "type": "Feature",
      "properties": {
        "@id": "way/140683528",
        "ele": "656",
        "name": "Froschhauser See",
        "natural": "water",
        "water": "lake",
        "wikidata": "Q50388845",
        "@geometry": "center"
      },
      "geometry": {
        "type": "Point",
        "coordinates": [
          11.2260798,
          47.6860038
        ]
      },
      "id": "way/140683528"
    },
    {
      "type": "Feature",
      "properties": {
        "@id": "way/141194357",
        "depth": "62",
        "ele": "814",
        "intermittent": "no",
        "name": "Alpsee",
        "natural": "water",
        "salt": "no",
        "tidal": "no",
        "water": "lake",
        "wikidata": "Q175404",
        "wikipedia": "de:Alpsee",
        "@geometry": "center"
      },
      "geometry": {
        "type": "Point",
        "coordinates": [
          10.724013,
          47.5489543
        ]
      },
      "id": "way/141194357"
    },
    {
      "type": "Feature",
      "properties": {
        "@id": "way/143184791",
        "ele": "333.7",
        "intermittent": "no",
        "name": "Großer Birkensee",
        "natural": "water",
        "note": "um den gesamten Birkensee kein WC vorhanden",
        "sport": "swimming",
        "water": "lake",
        "wikidata": "Q63533152",
        "wikipedia": "de:Birkensee (Nürnberger Land)",
        "@geometry": "center"
      },
      "geometry": {
        "type": "Point",
        "coordinates": [
          11.2579565,
          49.4563435
        ]
      },
      "id": "way/143184791"
    },
    {
      "type": "Feature",
      "properties": {
        "@id": "way/144161513",
        "TMC:cid_58:tabcd_1:Class": "Area",
        "TMC:cid_58:tabcd_1:LCLversion": "9.00",
        "TMC:cid_58:tabcd_1:LocationCode": "42333",
        "name": "Großer Dutzendteich",
        "natural": "water",
        "water": "lake",
        "wikidata": "Q19962259",
        "wikipedia": "de:Dutzendteich (Weiherlandschaft)",
        "@geometry": "center"
      },
      "geometry": {
        "type": "Point",
        "coordinates": [
          11.1165313,
          49.4308015
        ]
      },
      "id": "way/144161513"
    },
    {
      "type": "Feature",
      "properties": {
        "@id": "way/144161515",
        "TMC:cid_58:tabcd_1:Class": "Area",
        "TMC:cid_58:tabcd_1:LCLversion": "9.00",
        "TMC:cid_58:tabcd_1:LocationCode": "42305",
        "name": "Kleiner Dutzendteich",
        "natural": "water",
        "water": "lake",
        "wikidata": "Q19962259",
        "wikipedia": "de:Dutzendteich (Weiherlandschaft)",
        "@geometry": "center"
      },
      "geometry": {
        "type": "Point",
        "coordinates": [
          11.1111068,
          49.4264699
        ]
      },
      "id": "way/144161515"
    },
    {
      "type": "Feature",
      "properties": {
        "@id": "way/144194165",
        "name": "Westsee",
        "natural": "water",
        "water": "lake",
        "wikimedia_commons": "Category:Westsee (Munich)",
        "@geometry": "center"
      },
      "geometry": {
        "type": "Point",
        "coordinates": [
          11.5115177,
          48.12259
        ]
      },
      "id": "way/144194165"
    },
    {
      "type": "Feature",
      "properties": {
        "@id": "way/144434285",
        "natural": "water",
        "water": "lake",
        "@geometry": "center"
      },
      "geometry": {
        "type": "Point",
        "coordinates": [
          10.4215173,
          48.2293349
        ]
      },
      "id": "way/144434285"
    },
    {
      "type": "Feature",
      "properties": {
        "@id": "way/145465831",
        "ele": "448",
        "name": "Craimoosweiher",
        "natural": "water",
        "water": "lake",
        "wikidata": "Q261026",
        "wikipedia": "de:Craimoosweiher",
        "@geometry": "center"
      },
      "geometry": {
        "type": "Point",
        "coordinates": [
          11.5953806,
          49.8220475
        ]
      },
      "id": "way/145465831"
    },
    {
      "type": "Feature",
      "properties": {
        "@id": "way/145564704",
        "intermittent": "no",
        "name": "Riedlinger Seen",
        "natural": "water",
        "salt": "no",
        "tidal": "no",
        "water": "lake",
        "@geometry": "center"
      },
      "geometry": {
        "type": "Point",
        "coordinates": [
          10.7593543,
          48.7010806
        ]
      },
      "id": "way/145564704"
    },
    {
      "type": "Feature",
      "properties": {
        "@id": "way/145565736",
        "intermittent": "no",
        "name": "Riedlinger Seen",
        "natural": "water",
        "salt": "no",
        "sport": "swimming",
        "tidal": "no",
        "water": "lake",
        "@geometry": "center"
      },
      "geometry": {
        "type": "Point",
        "coordinates": [
          10.7578337,
          48.7002097
        ]
      },
      "id": "way/145565736"
    },
    {
      "type": "Feature",
      "properties": {
        "@id": "way/145565737",
        "fishing": "licence",
        "intermittent": "no",
        "name": "Riedlinger Seen",
        "natural": "water",
        "salt": "no",
        "sport": "swimming",
        "tidal": "no",
        "water": "lake",
        "@geometry": "center"
      },
      "geometry": {
        "type": "Point",
        "coordinates": [
          10.7626467,
          48.701787
        ]
      },
      "id": "way/145565737"
    },
    {
      "type": "Feature",
      "properties": {
        "@id": "way/146982685",
        "alt_name": "Mitterschüttsee",
        "ele": "368",
        "name": "Baggersee",
        "natural": "water",
        "water": "lake",
        "wikidata": "Q799890",
        "wikipedia": "de:Baggersee (Ingolstadt)",
        "@geometry": "center"
      },
      "geometry": {
        "type": "Point",
        "coordinates": [
          11.3936389,
          48.7494292
        ]
      },
      "id": "way/146982685"
    },
    {
      "type": "Feature",
      "properties": {
        "@id": "way/147603707",
        "name": "Manteler Weiher",
        "natural": "water",
        "source": "DOP_LVA_BY_01",
        "water": "lake",
        "@geometry": "center"
      },
      "geometry": {
        "type": "Point",
        "coordinates": [
          12.0222231,
          49.6542195
        ]
      },
      "id": "way/147603707"
    },
    {
      "type": "Feature",
      "properties": {
        "@id": "way/147603725",
        "name": "Schwarzer Weiher",
        "natural": "water",
        "source": "DOP_LVA_BY_01",
        "water": "lake",
        "@geometry": "center"
      },
      "geometry": {
        "type": "Point",
        "coordinates": [
          12.0170966,
          49.6560255
        ]
      },
      "id": "way/147603725"
    },
    {
      "type": "Feature",
      "properties": {
        "@id": "way/147603754",
        "natural": "water",
        "source": "DOP_LVA_BY_01",
        "water": "lake",
        "@geometry": "center"
      },
      "geometry": {
        "type": "Point",
        "coordinates": [
          12.0101136,
          49.6571494
        ]
      },
      "id": "way/147603754"
    },
    {
      "type": "Feature",
      "properties": {
        "@id": "way/147603762",
        "natural": "water",
        "source": "DOP_LVA_BY_01",
        "water": "lake",
        "@geometry": "center"
      },
      "geometry": {
        "type": "Point",
        "coordinates": [
          12.0105877,
          49.661364
        ]
      },
      "id": "way/147603762"
    },
    {
      "type": "Feature",
      "properties": {
        "@id": "way/148003728",
        "name": "Badeweiher",
        "natural": "water",
        "source": "DOP_LVA_BY_01",
        "water": "lake",
        "@geometry": "center"
      },
      "geometry": {
        "type": "Point",
        "coordinates": [
          12.14684,
          49.7079544
        ]
      },
      "id": "way/148003728"
    },
    {
      "type": "Feature",
      "properties": {
        "@id": "way/148009124",
        "name": "Bootsweiher",
        "natural": "water",
        "source": "DOP_LVA_BY_01",
        "water": "lake",
        "@geometry": "center"
      },
      "geometry": {
        "type": "Point",
        "coordinates": [
          12.1455531,
          49.7098572
        ]
      },
      "id": "way/148009124"
    },
    {
      "type": "Feature",
      "properties": {
        "@id": "way/148389083",
        "leisure": "swimming_area",
        "name": "Isarkiessee",
        "natural": "water",
        "sport": "swimming",
        "water": "lake",
        "@geometry": "center"
      },
      "geometry": {
        "type": "Point",
        "coordinates": [
          11.9942127,
          48.4774358
        ]
      },
      "id": "way/148389083"
    },
    {
      "type": "Feature",
      "properties": {
        "@id": "way/148785096",
        "intermittent": "no",
        "name": "Lechwaldsee",
        "natural": "water",
        "salt": "no",
        "tidal": "no",
        "water": "lake",
        "@geometry": "center"
      },
      "geometry": {
        "type": "Point",
        "coordinates": [
          10.9698272,
          48.3160739
        ]
      },
      "id": "way/148785096"
    },
    {
      "type": "Feature",
      "properties": {
        "@id": "way/148807318",
        "intermittent": "no",
        "name": "Koboldweiher",
        "natural": "water",
        "water": "lake",
        "@geometry": "center"
      },
      "geometry": {
        "type": "Point",
        "coordinates": [
          11.3564327,
          48.8045282
        ]
      },
      "id": "way/148807318"
    },
    {
      "type": "Feature",
      "properties": {
        "@id": "way/149818804",
        "name": "Schießlweiher",
        "natural": "water",
        "water": "lake",
        "@geometry": "center"
      },
      "geometry": {
        "type": "Point",
        "coordinates": [
          12.0206948,
          49.7141174
        ]
      },
      "id": "way/149818804"
    },
    {
      "type": "Feature",
      "properties": {
        "@id": "way/151257369",
        "natural": "water",
        "source": "LVA Bayern 2m",
        "water": "lake",
        "@geometry": "center"
      },
      "geometry": {
        "type": "Point",
        "coordinates": [
          10.2965801,
          48.4769318
        ]
      },
      "id": "way/151257369"
    },
    {
      "type": "Feature",
      "properties": {
        "@id": "way/151257372",
        "name": "Butzenworth",
        "natural": "water",
        "source": "LVA Bayern 2m",
        "water": "lake",
        "@geometry": "center"
      },
      "geometry": {
        "type": "Point",
        "coordinates": [
          10.3034949,
          48.4796406
        ]
      },
      "id": "way/151257372"
    },
    {
      "type": "Feature",
      "properties": {
        "@id": "way/151257375",
        "natural": "water",
        "water": "lake",
        "@geometry": "center"
      },
      "geometry": {
        "type": "Point",
        "coordinates": [
          10.3159709,
          48.475462
        ]
      },
      "id": "way/151257375"
    },
    {
      "type": "Feature",
      "properties": {
        "@id": "way/151257380",
        "name": "Großer Griesle",
        "natural": "water",
        "water": "lake",
        "@geometry": "center"
      },
      "geometry": {
        "type": "Point",
        "coordinates": [
          10.3108576,
          48.4734266
        ]
      },
      "id": "way/151257380"
    },
    {
      "type": "Feature",
      "properties": {
        "@id": "way/151257382",
        "natural": "water",
        "water": "lake",
        "@geometry": "center"
      },
      "geometry": {
        "type": "Point",
        "coordinates": [
          10.319403,
          48.4798302
        ]
      },
      "id": "way/151257382"
    },
    {
      "type": "Feature",
      "properties": {
        "@id": "way/151257385",
        "natural": "water",
        "water": "lake",
        "@geometry": "center"
      },
      "geometry": {
        "type": "Point",
        "coordinates": [
          10.3138952,
          48.4732428
        ]
      },
      "id": "way/151257385"
    },
    {
      "type": "Feature",
      "properties": {
        "@id": "way/151426494",
        "natural": "water",
        "source": "LVA Bayern 2m",
        "water": "lake",
        "@geometry": "center"
      },
      "geometry": {
        "type": "Point",
        "coordinates": [
          10.2949986,
          48.497365
        ]
      },
      "id": "way/151426494"
    },
    {
      "type": "Feature",
      "properties": {
        "@id": "way/151426500",
        "natural": "water",
        "source": "LVA Bayern 2m",
        "water": "lake",
        "@geometry": "center"
      },
      "geometry": {
        "type": "Point",
        "coordinates": [
          10.2952033,
          48.4939354
        ]
      },
      "id": "way/151426500"
    },
    {
      "type": "Feature",
      "properties": {
        "@id": "way/151426501",
        "natural": "water",
        "source": "LVA Bayern 2m",
        "water": "lake",
        "@geometry": "center"
      },
      "geometry": {
        "type": "Point",
        "coordinates": [
          10.334537,
          48.5243407
        ]
      },
      "id": "way/151426501"
    },
    {
      "type": "Feature",
      "properties": {
        "@id": "way/151426507",
        "natural": "water",
        "source": "LVA Bayern 2m",
        "water": "lake",
        "@geometry": "center"
      },
      "geometry": {
        "type": "Point",
        "coordinates": [
          10.3337034,
          48.5148775
        ]
      },
      "id": "way/151426507"
    },
    {
      "type": "Feature",
      "properties": {
        "@id": "way/151443080",
        "name": "Atzmannsee",
        "natural": "water",
        "source": "DOP_LVA_BY_01",
        "water": "lake",
        "@geometry": "center"
      },
      "geometry": {
        "type": "Point",
        "coordinates": [
          12.5077183,
          49.5771283
        ]
      },
      "id": "way/151443080"
    },
    {
      "type": "Feature",
      "properties": {
        "@id": "way/151558877",
        "natural": "water",
        "water": "lake",
        "@geometry": "center"
      },
      "geometry": {
        "type": "Point",
        "coordinates": [
          11.4574274,
          48.1633107
        ]
      },
      "id": "way/151558877"
    },
    {
      "type": "Feature",
      "properties": {
        "@id": "way/152022428",
        "name": "Steinheimer See",
        "natural": "water",
        "water": "lake",
        "@geometry": "center"
      },
      "geometry": {
        "type": "Point",
        "coordinates": [
          10.1309427,
          48.3918482
        ]
      },
      "id": "way/152022428"
    },
    {
      "type": "Feature",
      "properties": {
        "@id": "way/152711811",
        "natural": "water",
        "source": "Bing",
        "water": "lake",
        "@geometry": "center"
      },
      "geometry": {
        "type": "Point",
        "coordinates": [
          12.1453283,
          49.711313
        ]
      },
      "id": "way/152711811"
    },
    {
      "type": "Feature",
      "properties": {
        "@id": "way/154110421",
        "natural": "water",
        "source": "Datenquelle: Bayerische Vermessungsverwaltung – www.geodaten.bayern.de",
        "source:url": "http://vermessung.bayern.de/opendata",
        "water": "lake",
        "@geometry": "center"
      },
      "geometry": {
        "type": "Point",
        "coordinates": [
          10.8802916,
          48.2271442
        ]
      },
      "id": "way/154110421"
    },
    {
      "type": "Feature",
      "properties": {
        "@id": "way/154110422",
        "natural": "water",
        "source": "Datenquelle: Bayerische Vermessungsverwaltung – www.geodaten.bayern.de",
        "source:url": "http://vermessung.bayern.de/opendata",
        "water": "lake",
        "@geometry": "center"
      },
      "geometry": {
        "type": "Point",
        "coordinates": [
          10.8803294,
          48.2249956
        ]
      },
      "id": "way/154110422"
    },
    {
      "type": "Feature",
      "properties": {
        "@id": "way/154110424",
        "natural": "water",
        "source": "Datenquelle: Bayerische Vermessungsverwaltung – www.geodaten.bayern.de",
        "source:url": "http://vermessung.bayern.de/opendata",
        "water": "lake",
        "@geometry": "center"
      },
      "geometry": {
        "type": "Point",
        "coordinates": [
          10.8777098,
          48.2259869
        ]
      },
      "id": "way/154110424"
    },
    {
      "type": "Feature",
      "properties": {
        "@id": "way/154560840",
        "name": "Muther Weiher",
        "natural": "water",
        "water": "lake",
        "@geometry": "center"
      },
      "geometry": {
        "type": "Point",
        "coordinates": [
          13.3957575,
          48.7372234
        ]
      },
      "id": "way/154560840"
    },
    {
      "type": "Feature",
      "properties": {
        "@id": "way/155805967",
        "name": "Hintere Höhe",
        "natural": "water",
        "note": "landsat-Geometrie, ungenau!",
        "water": "lake",
        "@geometry": "center"
      },
      "geometry": {
        "type": "Point",
        "coordinates": [
          11.7753363,
          50.1788578
        ]
      },
      "id": "way/155805967"
    },
    {
      "type": "Feature",
      "properties": {
        "@id": "way/156232433",
        "name": "Weihertannensee",
        "natural": "water",
        "source": "Bing",
        "water": "lake",
        "wikidata": "Q19311425",
        "wikimedia_commons": "Category:Weihertannensee",
        "wikipedia": "de:Weihertannensee",
        "@geometry": "center"
      },
      "geometry": {
        "type": "Point",
        "coordinates": [
          9.0035852,
          50.0881981
        ]
      },
      "id": "way/156232433"
    },
    {
      "type": "Feature",
      "properties": {
        "@id": "way/156233588",
        "alt_name": "Großkrotzenburger See",
        "name": "See Freigericht West - Großkrotzenburger See",
        "natural": "water",
        "official_name": "See Freigericht West",
        "source": "geodaten.bayern.de",
        "water": "lake",
        "wikidata": "Q66643497",
        "wikimedia_commons": "Category:Freigericht-West",
        "wikipedia": "de:Freigericht-West",
        "@geometry": "center"
      },
      "geometry": {
        "type": "Point",
        "coordinates": [
          8.9965992,
          50.0836142
        ]
      },
      "id": "way/156233588"
    },
    {
      "type": "Feature",
      "properties": {
        "@id": "way/156709646",
        "natural": "water",
        "source": "bing",
        "water": "lake",
        "@geometry": "center"
      },
      "geometry": {
        "type": "Point",
        "coordinates": [
          11.2975538,
          47.7823091
        ]
      },
      "id": "way/156709646"
    },
    {
      "type": "Feature",
      "properties": {
        "@id": "way/156856460",
        "natural": "water",
        "water": "lake",
        "@geometry": "center"
      },
      "geometry": {
        "type": "Point",
        "coordinates": [
          10.4068415,
          49.1771771
        ]
      },
      "id": "way/156856460"
    },
    {
      "type": "Feature",
      "properties": {
        "@id": "way/156856468",
        "natural": "water",
        "water": "lake",
        "@geometry": "center"
      },
      "geometry": {
        "type": "Point",
        "coordinates": [
          10.4072453,
          49.1762992
        ]
      },
      "id": "way/156856468"
    },
    {
      "type": "Feature",
      "properties": {
        "@id": "way/156856493",
        "natural": "water",
        "water": "lake",
        "@geometry": "center"
      },
      "geometry": {
        "type": "Point",
        "coordinates": [
          10.4070653,
          49.1767635
        ]
      },
      "id": "way/156856493"
    },
    {
      "type": "Feature",
      "properties": {
        "@id": "way/156910664",
        "intermittent": "no",
        "name": "Mergenthauersee",
        "natural": "water",
        "salt": "no",
        "source": "Bing",
        "tidal": "no",
        "water": "lake",
        "@geometry": "center"
      },
      "geometry": {
        "type": "Point",
        "coordinates": [
          10.9706082,
          48.318925
        ]
      },
      "id": "way/156910664"
    },
    {
      "type": "Feature",
      "properties": {
        "@id": "way/156910665",
        "intermittent": "no",
        "name": "Hopfenangersee",
        "natural": "water",
        "salt": "no",
        "tidal": "no",
        "water": "lake",
        "@geometry": "center"
      },
      "geometry": {
        "type": "Point",
        "coordinates": [
          10.9718864,
          48.3160921
        ]
      },
      "id": "way/156910665"
    },
    {
      "type": "Feature",
      "properties": {
        "@id": "way/157170279",
        "ele": "588",
        "name": "Fischkaltersee",
        "natural": "water",
        "water": "lake",
        "@geometry": "center"
      },
      "geometry": {
        "type": "Point",
        "coordinates": [
          11.3225431,
          47.7814132
        ]
      },
      "id": "way/157170279"
    },
    {
      "type": "Feature",
      "properties": {
        "@id": "way/157170283",
        "ele": "588",
        "name": "Herrensee",
        "natural": "water",
        "water": "lake",
        "@geometry": "center"
      },
      "geometry": {
        "type": "Point",
        "coordinates": [
          11.3229568,
          47.7830832
        ]
      },
      "id": "way/157170283"
    },
    {
      "type": "Feature",
      "properties": {
        "@id": "way/157170288",
        "name": "Schiffhüttensee",
        "natural": "water",
        "water": "lake",
        "@geometry": "center"
      },
      "geometry": {
        "type": "Point",
        "coordinates": [
          11.3176181,
          47.7737721
        ]
      },
      "id": "way/157170288"
    },
    {
      "type": "Feature",
      "properties": {
        "@id": "way/157170295",
        "name": "Waschsee",
        "natural": "water",
        "water": "lake",
        "@geometry": "center"
      },
      "geometry": {
        "type": "Point",
        "coordinates": [
          11.3189451,
          47.7724129
        ]
      },
      "id": "way/157170295"
    },
    {
      "type": "Feature",
      "properties": {
        "@id": "way/157180171",
        "natural": "water",
        "water": "lake",
        "@geometry": "center"
      },
      "geometry": {
        "type": "Point",
        "coordinates": [
          11.2765718,
          47.48679
        ]
      },
      "id": "way/157180171"
    },
    {
      "type": "Feature",
      "properties": {
        "@id": "way/158449618",
        "dog": "no",
        "name": "Erdbeersee",
        "natural": "water",
        "water": "lake",
        "@geometry": "center"
      },
      "geometry": {
        "type": "Point",
        "coordinates": [
          10.3077411,
          48.4817084
        ]
      },
      "id": "way/158449618"
    },
    {
      "type": "Feature",
      "properties": {
        "@id": "way/158449636",
        "alt_name": "Peterswörther See",
        "name": "Wünschsee",
        "natural": "water",
        "water": "lake",
        "@geometry": "center"
      },
      "geometry": {
        "type": "Point",
        "coordinates": [
          10.3635877,
          48.5201014
        ]
      },
      "id": "way/158449636"
    },
    {
      "type": "Feature",
      "properties": {
        "@id": "way/158449644",
        "natural": "water",
        "water": "lake",
        "@geometry": "center"
      },
      "geometry": {
        "type": "Point",
        "coordinates": [
          10.3035224,
          48.4823694
        ]
      },
      "id": "way/158449644"
    },
    {
      "type": "Feature",
      "properties": {
        "@id": "way/158453655",
        "name": "Mehrlesee",
        "natural": "water",
        "water": "lake",
        "@geometry": "center"
      },
      "geometry": {
        "type": "Point",
        "coordinates": [
          10.2503875,
          48.4861192
        ]
      },
      "id": "way/158453655"
    },
    {
      "type": "Feature",
      "properties": {
        "@id": "way/158453708",
        "dog": "yes",
        "name": "Nördlicher Mooswaldsee (Ost)",
        "natural": "water",
        "water": "lake",
        "@geometry": "center"
      },
      "geometry": {
        "type": "Point",
        "coordinates": [
          10.2497049,
          48.4900387
        ]
      },
      "id": "way/158453708"
    },
    {
      "type": "Feature",
      "properties": {
        "@id": "way/158453711",
        "dog": "no",
        "name": "Nördlicher Mooswaldsee (West)",
        "natural": "water",
        "water": "lake",
        "@geometry": "center"
      },
      "geometry": {
        "type": "Point",
        "coordinates": [
          10.2415707,
          48.4891443
        ]
      },
      "id": "way/158453711"
    },
    {
      "type": "Feature",
      "properties": {
        "@id": "way/158453713",
        "dog": "no",
        "name": "Südlicher Mooswaldsee (Ost)",
        "natural": "water",
        "water": "lake",
        "@geometry": "center"
      },
      "geometry": {
        "type": "Point",
        "coordinates": [
          10.2519561,
          48.4885255
        ]
      },
      "id": "way/158453713"
    },
    {
      "type": "Feature",
      "properties": {
        "@id": "way/158453714",
        "dog": "no",
        "name": "Südlicher Mooswaldsee (West)",
        "natural": "water",
        "water": "lake",
        "@geometry": "center"
      },
      "geometry": {
        "type": "Point",
        "coordinates": [
          10.2471277,
          48.4869226
        ]
      },
      "id": "way/158453714"
    },
    {
      "type": "Feature",
      "properties": {
        "@id": "way/158881075",
        "name": "Stark-See",
        "natural": "water",
        "water": "lake",
        "@geometry": "center"
      },
      "geometry": {
        "type": "Point",
        "coordinates": [
          10.3046532,
          48.4838808
        ]
      },
      "id": "way/158881075"
    },
    {
      "type": "Feature",
      "properties": {
        "@id": "way/158881161",
        "natural": "water",
        "water": "lake",
        "@geometry": "center"
      },
      "geometry": {
        "type": "Point",
        "coordinates": [
          10.3159421,
          48.4792652
        ]
      },
      "id": "way/158881161"
    },
    {
      "type": "Feature",
      "properties": {
        "@id": "way/158881162",
        "natural": "water",
        "water": "lake",
        "@geometry": "center"
      },
      "geometry": {
        "type": "Point",
        "coordinates": [
          10.3167964,
          48.479939
        ]
      },
      "id": "way/158881162"
    },
    {
      "type": "Feature",
      "properties": {
        "@id": "way/158881174",
        "natural": "water",
        "water": "lake",
        "@geometry": "center"
      },
      "geometry": {
        "type": "Point",
        "coordinates": [
          10.2913573,
          48.4975359
        ]
      },
      "id": "way/158881174"
    },
    {
      "type": "Feature",
      "properties": {
        "@id": "way/158884823",
        "name": "Alter See",
        "natural": "water",
        "salt": "no",
        "tidal": "no",
        "water": "lake",
        "@geometry": "center"
      },
      "geometry": {
        "type": "Point",
        "coordinates": [
          10.4419298,
          48.5232123
        ]
      },
      "id": "way/158884823"
    },
    {
      "type": "Feature",
      "properties": {
        "@id": "way/158884837",
        "name": "Harald Prost See",
        "natural": "water",
        "salt": "no",
        "tidal": "no",
        "water": "lake",
        "@geometry": "center"
      },
      "geometry": {
        "type": "Point",
        "coordinates": [
          10.4412903,
          48.5208135
        ]
      },
      "id": "way/158884837"
    },
    {
      "type": "Feature",
      "properties": {
        "@id": "way/158891123",
        "natural": "water",
        "water": "lake",
        "@geometry": "center"
      },
      "geometry": {
        "type": "Point",
        "coordinates": [
          9.2293469,
          50.0296974
        ]
      },
      "id": "way/158891123"
    },
    {
      "type": "Feature",
      "properties": {
        "@id": "way/159029265",
        "name": "Ameissee",
        "natural": "water",
        "water": "lake",
        "@geometry": "center"
      },
      "geometry": {
        "type": "Point",
        "coordinates": [
          11.2989677,
          47.7982122
        ]
      },
      "id": "way/159029265"
    },
    {
      "type": "Feature",
      "properties": {
        "@id": "way/159088629",
        "name": "Karlsfelder See",
        "natural": "water",
        "salt": "no",
        "sport": "swimming",
        "tidal": "no",
        "water": "lake",
        "wikidata": "Q22949160",
        "wikipedia": "de:Karlsfelder See",
        "@geometry": "center"
      },
      "geometry": {
        "type": "Point",
        "coordinates": [
          11.4686693,
          48.2370123
        ]
      },
      "id": "way/159088629"
    },
    {
      "type": "Feature",
      "properties": {
        "@id": "way/159569339",
        "description": "A small lake that is also called \"Hannewackeldudelsee\"",
        "image": "https://upload.wikimedia.org/wikipedia/commons/a/aa/Hannewackersee1.JPG",
        "intermittent": "no",
        "name": "Hannewackersee",
        "natural": "water",
        "water": "lake",
        "wikidata": "Q1576125",
        "wikipedia": "de:Hannewackersee",
        "@geometry": "center"
      },
      "geometry": {
        "type": "Point",
        "coordinates": [
          9.1584302,
          49.9773544
        ]
      },
      "id": "way/159569339"
    },
    {
      "type": "Feature",
      "properties": {
        "@id": "way/160476638",
        "natural": "water",
        "water": "lake",
        "@geometry": "center"
      },
      "geometry": {
        "type": "Point",
        "coordinates": [
          12.2414961,
          48.9983164
        ]
      },
      "id": "way/160476638"
    },
    {
      "type": "Feature",
      "properties": {
        "@id": "way/160630877",
        "name": "Schafsee",
        "natural": "water",
        "water": "lake",
        "@geometry": "center"
      },
      "geometry": {
        "type": "Point",
        "coordinates": [
          10.3019181,
          49.6272171
        ]
      },
      "id": "way/160630877"
    },
    {
      "type": "Feature",
      "properties": {
        "@id": "way/160805057",
        "natural": "water",
        "water": "lake",
        "@geometry": "center"
      },
      "geometry": {
        "type": "Point",
        "coordinates": [
          12.076917,
          50.0666904
        ]
      },
      "id": "way/160805057"
    },
    {
      "type": "Feature",
      "properties": {
        "@id": "way/165306678",
        "name": "Doline, wassergefüllt",
        "natural": "water",
        "source": "GPS",
        "water": "lake",
        "@geometry": "center"
      },
      "geometry": {
        "type": "Point",
        "coordinates": [
          11.8756915,
          49.0799724
        ]
      },
      "id": "way/165306678"
    },
    {
      "type": "Feature",
      "properties": {
        "@id": "way/166745389",
        "name": "Sammerner Kiesweiher",
        "natural": "water",
        "water": "lake",
        "@geometry": "center"
      },
      "geometry": {
        "type": "Point",
        "coordinates": [
          12.9499427,
          48.7718388
        ]
      },
      "id": "way/166745389"
    },
    {
      "type": "Feature",
      "properties": {
        "@id": "way/168830561",
        "natural": "water",
        "water": "lake",
        "@geometry": "center"
      },
      "geometry": {
        "type": "Point",
        "coordinates": [
          13.2358842,
          49.1081393
        ]
      },
      "id": "way/168830561"
    },
    {
      "type": "Feature",
      "properties": {
        "@id": "way/170610422",
        "name": "unterer Hängelholzer Weiher",
        "natural": "water",
        "water": "lake",
        "@geometry": "center"
      },
      "geometry": {
        "type": "Point",
        "coordinates": [
          10.2216504,
          48.2545549
        ]
      },
      "id": "way/170610422"
    },
    {
      "type": "Feature",
      "properties": {
        "@id": "way/170610423",
        "name": "oberer Hängelholzer Weiher",
        "natural": "water",
        "water": "lake",
        "@geometry": "center"
      },
      "geometry": {
        "type": "Point",
        "coordinates": [
          10.2219498,
          48.255416
        ]
      },
      "id": "way/170610423"
    },
    {
      "type": "Feature",
      "properties": {
        "@id": "way/170930772",
        "boat": "private",
        "name": "Elbsee",
        "natural": "water",
        "water": "lake",
        "wikidata": "Q1325444",
        "@geometry": "center"
      },
      "geometry": {
        "type": "Point",
        "coordinates": [
          10.5526524,
          47.7996936
        ]
      },
      "id": "way/170930772"
    },
    {
      "type": "Feature",
      "properties": {
        "@id": "way/171220362",
        "name": "Weidensee",
        "natural": "water",
        "water": "lake",
        "@geometry": "center"
      },
      "geometry": {
        "type": "Point",
        "coordinates": [
          10.7088933,
          47.756944
        ]
      },
      "id": "way/171220362"
    },
    {
      "type": "Feature",
      "properties": {
        "@id": "way/171367769",
        "alt_name": "Eisweiher",
        "loc_name": "Eisweiher",
        "name": "Ickinger Stausee",
        "natural": "water",
        "sport": "swimming",
        "water": "lake",
        "wikidata": "Q33123512",
        "wikimedia_commons": "Category:Ickinger Weiher",
        "wikipedia": "de:Ickinger Weiher",
        "@geometry": "center"
      },
      "geometry": {
        "type": "Point",
        "coordinates": [
          11.4526642,
          47.9489013
        ]
      },
      "id": "way/171367769"
    },
    {
      "type": "Feature",
      "properties": {
        "@id": "way/172619998",
        "natural": "water",
        "protect_class": "7",
        "water": "lake",
        "@geometry": "center"
      },
      "geometry": {
        "type": "Point",
        "coordinates": [
          10.3173446,
          48.5480886
        ]
      },
      "id": "way/172619998"
    },
    {
      "type": "Feature",
      "properties": {
        "@id": "way/172752647",
        "intermittent": "no",
        "loc_name": "Häfelesee",
        "name": "Herrentratsee",
        "natural": "water",
        "salt": "no",
        "tidal": "no",
        "water": "lake",
        "@geometry": "center"
      },
      "geometry": {
        "type": "Point",
        "coordinates": [
          10.9748728,
          48.3196396
        ]
      },
      "id": "way/172752647"
    },
    {
      "type": "Feature",
      "properties": {
        "@id": "way/173228132",
        "access": "customers",
        "name": "Gufisee",
        "natural": "water",
        "sport": "water_ski",
        "water": "lake",
        "@geometry": "center"
      },
      "geometry": {
        "type": "Point",
        "coordinates": [
          10.3266805,
          48.5197053
        ]
      },
      "id": "way/173228132"
    },
    {
      "type": "Feature",
      "properties": {
        "@id": "way/173228160",
        "natural": "water",
        "water": "lake",
        "@geometry": "center"
      },
      "geometry": {
        "type": "Point",
        "coordinates": [
          10.3265568,
          48.5215778
        ]
      },
      "id": "way/173228160"
    },
    {
      "type": "Feature",
      "properties": {
        "@id": "way/173228161",
        "natural": "water",
        "water": "lake",
        "@geometry": "center"
      },
      "geometry": {
        "type": "Point",
        "coordinates": [
          10.3199822,
          48.5212042
        ]
      },
      "id": "way/173228161"
    },
    {
      "type": "Feature",
      "properties": {
        "@id": "way/173228165",
        "natural": "water",
        "water": "lake",
        "@geometry": "center"
      },
      "geometry": {
        "type": "Point",
        "coordinates": [
          10.3251462,
          48.5164166
        ]
      },
      "id": "way/173228165"
    },
    {
      "type": "Feature",
      "properties": {
        "@id": "way/173228166",
        "access": "private",
        "name": "Haldensee",
        "natural": "water",
        "operator": "Fischereiverein Gundelfingen (Donau) e.V.",
        "water": "lake",
        "@geometry": "center"
      },
      "geometry": {
        "type": "Point",
        "coordinates": [
          10.3284222,
          48.5217428
        ]
      },
      "id": "way/173228166"
    },
    {
      "type": "Feature",
      "properties": {
        "@id": "way/173228168",
        "access": "private",
        "name": "Josefsee",
        "natural": "water",
        "operator": "Angelverein Kirchheim unter Teck e.V.",
        "water": "lake",
        "@geometry": "center"
      },
      "geometry": {
        "type": "Point",
        "coordinates": [
          10.33143,
          48.5215551
        ]
      },
      "id": "way/173228168"
    },
    {
      "type": "Feature",
      "properties": {
        "@id": "way/173228169",
        "access": "private",
        "natural": "water",
        "operator": "Fischerei-Verein Giengen/Brenz e.V.",
        "water": "lake",
        "@geometry": "center"
      },
      "geometry": {
        "type": "Point",
        "coordinates": [
          10.3237583,
          48.5215079
        ]
      },
      "id": "way/173228169"
    },
    {
      "type": "Feature",
      "properties": {
        "@id": "way/173228170",
        "natural": "water",
        "water": "lake",
        "@geometry": "center"
      },
      "geometry": {
        "type": "Point",
        "coordinates": [
          10.3282964,
          48.5229598
        ]
      },
      "id": "way/173228170"
    },
    {
      "type": "Feature",
      "properties": {
        "@id": "way/173505329",
        "natural": "water",
        "water": "lake",
        "@geometry": "center"
      },
      "geometry": {
        "type": "Point",
        "coordinates": [
          10.2586718,
          48.1924876
        ]
      },
      "id": "way/173505329"
    },
    {
      "type": "Feature",
      "properties": {
        "@id": "way/173598142",
        "name": "Altarm der Brenz",
        "natural": "water",
        "water": "lake",
        "@geometry": "center"
      },
      "geometry": {
        "type": "Point",
        "coordinates": [
          10.3327918,
          48.5471718
        ]
      },
      "id": "way/173598142"
    },
    {
      "type": "Feature",
      "properties": {
        "@id": "way/173818730",
        "description": "Vereinsgewässer Fischerfreunde Eitting e.V. info@fischerfreunde-eitting.de",
        "intermittent": "no",
        "name": "Thenner Weiher",
        "natural": "water",
        "salt": "no",
        "tidal": "no",
        "water": "lake",
        "@geometry": "center"
      },
      "geometry": {
        "type": "Point",
        "coordinates": [
          11.9595932,
          48.3970877
        ]
      },
      "id": "way/173818730"
    },
    {
      "type": "Feature",
      "properties": {
        "@id": "way/175201483",
        "name": "Kadeltshofer Kiesgrube",
        "natural": "water",
        "water": "lake",
        "@geometry": "center"
      },
      "geometry": {
        "type": "Point",
        "coordinates": [
          10.1461944,
          48.386909
        ]
      },
      "id": "way/175201483"
    },
    {
      "type": "Feature",
      "properties": {
        "@id": "way/175201484",
        "name": "neue Kadeltshofer Kiesgrube",
        "natural": "water",
        "water": "lake",
        "@geometry": "center"
      },
      "geometry": {
        "type": "Point",
        "coordinates": [
          10.1472846,
          48.3879579
        ]
      },
      "id": "way/175201484"
    },
    {
      "type": "Feature",
      "properties": {
        "@id": "way/175277230",
        "natural": "water",
        "water": "lake",
        "@geometry": "center"
      },
      "geometry": {
        "type": "Point",
        "coordinates": [
          13.235831,
          49.107927
        ]
      },
      "id": "way/175277230"
    },
    {
      "type": "Feature",
      "properties": {
        "@id": "way/177036705",
        "intermittent": "no",
        "natural": "water",
        "salt": "no",
        "tidal": "no",
        "water": "lake",
        "@geometry": "center"
      },
      "geometry": {
        "type": "Point",
        "coordinates": [
          10.8567847,
          48.5212139
        ]
      },
      "id": "way/177036705"
    },
    {
      "type": "Feature",
      "properties": {
        "@id": "way/178362497",
        "loc_name": "Luberweiher",
        "name": "Griesweiher",
        "natural": "water",
        "sport": "swimming",
        "water": "lake",
        "@geometry": "center"
      },
      "geometry": {
        "type": "Point",
        "coordinates": [
          13.0118337,
          48.7832434
        ]
      },
      "id": "way/178362497"
    },
    {
      "type": "Feature",
      "properties": {
        "@id": "way/180460050",
        "description": "Kinderbecken",
        "natural": "water",
        "water": "lake",
        "@geometry": "center"
      },
      "geometry": {
        "type": "Point",
        "coordinates": [
          10.884806,
          48.5244414
        ]
      },
      "id": "way/180460050"
    },
    {
      "type": "Feature",
      "properties": {
        "@id": "way/180466932",
        "fishing": "private",
        "intermittent": "no",
        "name": "Ziegelweiher",
        "natural": "water",
        "salt": "no",
        "source": "Bayerische Vermessungsverwaltung",
        "tidal": "no",
        "water": "lake",
        "@geometry": "center"
      },
      "geometry": {
        "type": "Point",
        "coordinates": [
          11.9719216,
          48.0631242
        ]
      },
      "id": "way/180466932"
    },
    {
      "type": "Feature",
      "properties": {
        "@id": "way/181322416",
        "name": "Mannessee",
        "natural": "water",
        "water": "lake",
        "@geometry": "center"
      },
      "geometry": {
        "type": "Point",
        "coordinates": [
          10.2023592,
          48.4661719
        ]
      },
      "id": "way/181322416"
    },
    {
      "type": "Feature",
      "properties": {
        "@id": "way/183328131",
        "natural": "water",
        "water": "lake",
        "@geometry": "center"
      },
      "geometry": {
        "type": "Point",
        "coordinates": [
          12.1945557,
          49.3522314
        ]
      },
      "id": "way/183328131"
    },
    {
      "type": "Feature",
      "properties": {
        "@id": "way/183427484",
        "name": "Kiesgrube Leibi",
        "natural": "water",
        "water": "lake",
        "@geometry": "center"
      },
      "geometry": {
        "type": "Point",
        "coordinates": [
          10.1178952,
          48.4387702
        ]
      },
      "id": "way/183427484"
    },
    {
      "type": "Feature",
      "properties": {
        "@id": "way/185665032",
        "intermittent": "no",
        "leisure": "swimming_area",
        "name": "Burgwallbacher See",
        "natural": "water",
        "salt": "no",
        "sport": "swimming",
        "tidal": "no",
        "water": "lake",
        "website": "https://www.rhoentourist.de/burgwallbacher-see.html",
        "@geometry": "center"
      },
      "geometry": {
        "type": "Point",
        "coordinates": [
          10.124936,
          50.3519677
        ]
      },
      "id": "way/185665032"
    },
    {
      "type": "Feature",
      "properties": {
        "@id": "way/190726779",
        "natural": "water",
        "water": "lake",
        "@geometry": "center"
      },
      "geometry": {
        "type": "Point",
        "coordinates": [
          10.3197402,
          48.4779819
        ]
      },
      "id": "way/190726779"
    },
    {
      "type": "Feature",
      "properties": {
        "@id": "way/190794386",
        "ele": "482",
        "name": "Hofstätter See",
        "natural": "water",
        "water": "lake",
        "wikidata": "Q27883370",
        "wikipedia": "de:Hofstätter See",
        "@geometry": "center"
      },
      "geometry": {
        "type": "Point",
        "coordinates": [
          12.1759455,
          47.8997453
        ]
      },
      "id": "way/190794386"
    },
    {
      "type": "Feature",
      "properties": {
        "@id": "way/198057316",
        "natural": "water",
        "water": "lake",
        "@geometry": "center"
      },
      "geometry": {
        "type": "Point",
        "coordinates": [
          10.7977003,
          50.3309367
        ]
      },
      "id": "way/198057316"
    },
    {
      "type": "Feature",
      "properties": {
        "@id": "way/198304335",
        "natural": "water",
        "water": "lake",
        "@geometry": "center"
      },
      "geometry": {
        "type": "Point",
        "coordinates": [
          10.265144,
          49.8746516
        ]
      },
      "id": "way/198304335"
    },
    {
      "type": "Feature",
      "properties": {
        "@id": "way/198304340",
        "natural": "water",
        "water": "lake",
        "@geometry": "center"
      },
      "geometry": {
        "type": "Point",
        "coordinates": [
          10.2662793,
          49.8756455
        ]
      },
      "id": "way/198304340"
    },
    {
      "type": "Feature",
      "properties": {
        "@id": "way/199965815",
        "name": "Tannenwalder Weiher",
        "natural": "water",
        "water": "lake",
        "@geometry": "center"
      },
      "geometry": {
        "type": "Point",
        "coordinates": [
          10.2063114,
          48.2678316
        ]
      },
      "id": "way/199965815"
    },
    {
      "type": "Feature",
      "properties": {
        "@id": "way/201194763",
        "natural": "water",
        "water": "lake",
        "@geometry": "center"
      },
      "geometry": {
        "type": "Point",
        "coordinates": [
          9.0185906,
          50.0659984
        ]
      },
      "id": "way/201194763"
    },
    {
      "type": "Feature",
      "properties": {
        "@id": "way/201303399",
        "natural": "water",
        "water": "lake",
        "@geometry": "center"
      },
      "geometry": {
        "type": "Point",
        "coordinates": [
          9.8422595,
          50.2184596
        ]
      },
      "id": "way/201303399"
    },
    {
      "type": "Feature",
      "properties": {
        "@id": "way/201737668",
        "name": "Schulweiher",
        "natural": "water",
        "source": "OSM-Bug, bing",
        "water": "lake",
        "@geometry": "center"
      },
      "geometry": {
        "type": "Point",
        "coordinates": [
          10.855733,
          48.8443044
        ]
      },
      "id": "way/201737668"
    },
    {
      "type": "Feature",
      "properties": {
        "@id": "way/201850350",
        "natural": "water",
        "water": "lake",
        "@geometry": "center"
      },
      "geometry": {
        "type": "Point",
        "coordinates": [
          9.0522061,
          49.9955478
        ]
      },
      "id": "way/201850350"
    },
    {
      "type": "Feature",
      "properties": {
        "@id": "way/203776436",
        "natural": "water",
        "water": "lake",
        "@geometry": "center"
      },
      "geometry": {
        "type": "Point",
        "coordinates": [
          9.8378425,
          50.16529
        ]
      },
      "id": "way/203776436"
    },
    {
      "type": "Feature",
      "properties": {
        "@id": "way/204519773",
        "emergency": "fire_water_pond",
        "fee": "no",
        "leisure": "swimming_area",
        "name": "Badeplatz Jenkofen",
        "natural": "water",
        "opening_hours": "Mo-Su 08:00-21:00",
        "salt": "no",
        "sport": "swimming",
        "tidal": "no",
        "water": "lake",
        "website": "https://www.adlkofen.de/freizeit-und-tourismus/freizeitangebote/",
        "@geometry": "center"
      },
      "geometry": {
        "type": "Point",
        "coordinates": [
          12.2399092,
          48.5314805
        ]
      },
      "id": "way/204519773"
    },
    {
      "type": "Feature",
      "properties": {
        "@id": "way/206995687",
        "natural": "water",
        "salt": "no",
        "source": "Bing",
        "water": "lake",
        "@geometry": "center"
      },
      "geometry": {
        "type": "Point",
        "coordinates": [
          11.9721264,
          49.7178347
        ]
      },
      "id": "way/206995687"
    },
    {
      "type": "Feature",
      "properties": {
        "@id": "way/209893048",
        "natural": "water",
        "water": "lake",
        "@geometry": "center"
      },
      "geometry": {
        "type": "Point",
        "coordinates": [
          12.814379,
          48.5637663
        ]
      },
      "id": "way/209893048"
    },
    {
      "type": "Feature",
      "properties": {
        "@id": "way/210262196",
        "access": "yes",
        "check_date": "2024-07-09",
        "fee": "no",
        "leisure": "swimming_area",
        "lit": "yes",
        "name": "Naturfreibad Weißbachmühle",
        "natural": "water",
        "opening_hours": "06:00-sunset",
        "sport": "swimming",
        "water": "lake",
        "website": "https://www.merkendorf.de/Tourismus-Freizeit/Freizeitzentrum-Weissbachmuehle/Naturfreibad.html",
        "@geometry": "center"
      },
      "geometry": {
        "type": "Point",
        "coordinates": [
          10.6911804,
          49.2086249
        ]
      },
      "id": "way/210262196"
    },
    {
      "type": "Feature",
      "properties": {
        "@id": "way/210313860",
        "natural": "water",
        "source": "Bing",
        "water": "lake",
        "@geometry": "center"
      },
      "geometry": {
        "type": "Point",
        "coordinates": [
          11.0866111,
          49.502622
        ]
      },
      "id": "way/210313860"
    },
    {
      "type": "Feature",
      "properties": {
        "@id": "way/212459557",
        "natural": "water",
        "water": "lake",
        "@geometry": "center"
      },
      "geometry": {
        "type": "Point",
        "coordinates": [
          12.0964894,
          49.014304
        ]
      },
      "id": "way/212459557"
    },
    {
      "type": "Feature",
      "properties": {
        "@id": "way/213898818",
        "natural": "water",
        "water": "lake",
        "@geometry": "center"
      },
      "geometry": {
        "type": "Point",
        "coordinates": [
          9.0350594,
          50.0168858
        ]
      },
      "id": "way/213898818"
    },
    {
      "type": "Feature",
      "properties": {
        "@id": "way/215845460",
        "alt_name": "Kleiner See",
        "ele": "798",
        "name": "Wiedemannweiher",
        "natural": "water",
        "water": "lake",
        "wikidata": "Q130754633",
        "@geometry": "center"
      },
      "geometry": {
        "type": "Point",
        "coordinates": [
          10.691465,
          47.564855
        ]
      },
      "id": "way/215845460"
    },
    {
      "type": "Feature",
      "properties": {
        "@id": "way/218893313",
        "name": "Sälzer See",
        "natural": "water",
        "water": "lake",
        "@geometry": "center"
      },
      "geometry": {
        "type": "Point",
        "coordinates": [
          10.2058595,
          50.3092846
        ]
      },
      "id": "way/218893313"
    },
    {
      "type": "Feature",
      "properties": {
        "@id": "way/219815381",
        "natural": "water",
        "salt": "no",
        "tidal": "no",
        "water": "lake",
        "@geometry": "center"
      },
      "geometry": {
        "type": "Point",
        "coordinates": [
          10.4512436,
          49.863691
        ]
      },
      "id": "way/219815381"
    },
    {
      "type": "Feature",
      "properties": {
        "@id": "way/222962848",
        "natural": "water",
        "water": "lake",
        "@geometry": "center"
      },
      "geometry": {
        "type": "Point",
        "coordinates": [
          13.3810712,
          48.3853664
        ]
      },
      "id": "way/222962848"
    },
    {
      "type": "Feature",
      "properties": {
        "@id": "way/222962853",
        "natural": "water",
        "water": "lake",
        "@geometry": "center"
      },
      "geometry": {
        "type": "Point",
        "coordinates": [
          13.3810659,
          48.3857823
        ]
      },
      "id": "way/222962853"
    },
    {
      "type": "Feature",
      "properties": {
        "@id": "way/222962854",
        "natural": "water",
        "water": "lake",
        "@geometry": "center"
      },
      "geometry": {
        "type": "Point",
        "coordinates": [
          13.3816453,
          48.3863293
        ]
      },
      "id": "way/222962854"
    },
    {
      "type": "Feature",
      "properties": {
        "@id": "way/222962855",
        "natural": "water",
        "water": "lake",
        "@geometry": "center"
      },
      "geometry": {
        "type": "Point",
        "coordinates": [
          13.3820343,
          48.3862837
        ]
      },
      "id": "way/222962855"
    },
    {
      "type": "Feature",
      "properties": {
        "@id": "way/222962857",
        "natural": "water",
        "water": "lake",
        "@geometry": "center"
      },
      "geometry": {
        "type": "Point",
        "coordinates": [
          13.3816118,
          48.3857192
        ]
      },
      "id": "way/222962857"
    },
    {
      "type": "Feature",
      "properties": {
        "@id": "way/223481000",
        "disused:landuse": "quarry",
        "intermittent": "no",
        "name": "Aumeierweiher",
        "natural": "water",
        "old_name": "Aumeiersteinbruch",
        "salt": "no",
        "water": "lake",
        "@geometry": "center"
      },
      "geometry": {
        "type": "Point",
        "coordinates": [
          12.9638699,
          48.8400406
        ]
      },
      "id": "way/223481000"
    },
    {
      "type": "Feature",
      "properties": {
        "@id": "way/225888542",
        "name": "Röhrensee",
        "natural": "water",
        "water": "lake",
        "@geometry": "center"
      },
      "geometry": {
        "type": "Point",
        "coordinates": [
          10.0346828,
          48.4216652
        ]
      },
      "id": "way/225888542"
    },
    {
      "type": "Feature",
      "properties": {
        "@id": "way/225888565",
        "intermittent": "no",
        "name": "Pfuhler See",
        "natural": "water",
        "salt": "no",
        "tidal": "no",
        "water": "lake",
        "@geometry": "center"
      },
      "geometry": {
        "type": "Point",
        "coordinates": [
          10.0411648,
          48.4278465
        ]
      },
      "id": "way/225888565"
    },
    {
      "type": "Feature",
      "properties": {
        "@id": "way/225890076",
        "name": "Burlafinger Kiesgrube",
        "natural": "water",
        "water": "lake",
        "@geometry": "center"
      },
      "geometry": {
        "type": "Point",
        "coordinates": [
          10.0533929,
          48.4247651
        ]
      },
      "id": "way/225890076"
    },
    {
      "type": "Feature",
      "properties": {
        "@id": "way/225890077",
        "name": "Burlafinger Baggersee",
        "natural": "water",
        "water": "lake",
        "@geometry": "center"
      },
      "geometry": {
        "type": "Point",
        "coordinates": [
          10.0507574,
          48.4246938
        ]
      },
      "id": "way/225890077"
    },
    {
      "type": "Feature",
      "properties": {
        "@id": "way/225890078",
        "natural": "water",
        "water": "lake",
        "@geometry": "center"
      },
      "geometry": {
        "type": "Point",
        "coordinates": [
          10.0491775,
          48.4273956
        ]
      },
      "id": "way/225890078"
    },
    {
      "type": "Feature",
      "properties": {
        "@id": "way/225890083",
        "name": "südlicher Burlafinger Baggersee",
        "natural": "water",
        "water": "lake",
        "@geometry": "center"
      },
      "geometry": {
        "type": "Point",
        "coordinates": [
          10.0473671,
          48.4246155
        ]
      },
      "id": "way/225890083"
    },
    {
      "type": "Feature",
      "properties": {
        "@id": "way/225890085",
        "name": "Heidisee",
        "natural": "water",
        "water": "lake",
        "@geometry": "center"
      },
      "geometry": {
        "type": "Point",
        "coordinates": [
          10.0530292,
          48.4256924
        ]
      },
      "id": "way/225890085"
    },
    {
      "type": "Feature",
      "properties": {
        "@id": "way/225978961",
        "natural": "water",
        "source": "Bing",
        "water": "lake",
        "@geometry": "center"
      },
      "geometry": {
        "type": "Point",
        "coordinates": [
          12.871312,
          48.8251564
        ]
      },
      "id": "way/225978961"
    },
    {
      "type": "Feature",
      "properties": {
        "@id": "way/226754612",
        "intermittent": "no",
        "natural": "water",
        "note": "Biotopweiher Anhausen",
        "salt": "no",
        "source": "http://www.vsdiedorf.de/p-biotop.html",
        "start_date": "1975",
        "tidal": "no",
        "water": "lake",
        "wikipedia": "de:Anhausen (Diedorf)#Biotopweiher",
        "@geometry": "center"
      },
      "geometry": {
        "type": "Point",
        "coordinates": [
          10.7781612,
          48.3431382
        ]
      },
      "id": "way/226754612"
    },
    {
      "type": "Feature",
      "properties": {
        "@id": "way/228604582",
        "natural": "water",
        "sport": "swimming",
        "water": "lake",
        "@geometry": "center"
      },
      "geometry": {
        "type": "Point",
        "coordinates": [
          13.1282057,
          48.4164595
        ]
      },
      "id": "way/228604582"
    },
    {
      "type": "Feature",
      "properties": {
        "@id": "way/228604584",
        "natural": "water",
        "sport": "swimming",
        "water": "lake",
        "@geometry": "center"
      },
      "geometry": {
        "type": "Point",
        "coordinates": [
          13.1286331,
          48.4169462
        ]
      },
      "id": "way/228604584"
    },
    {
      "type": "Feature",
      "properties": {
        "@id": "way/228604585",
        "natural": "water",
        "sport": "swimming",
        "water": "lake",
        "@geometry": "center"
      },
      "geometry": {
        "type": "Point",
        "coordinates": [
          13.129156,
          48.4165254
        ]
      },
      "id": "way/228604585"
    },
    {
      "type": "Feature",
      "properties": {
        "@id": "way/229764500",
        "natural": "water",
        "source": "bing;survey",
        "water": "lake",
        "@geometry": "center"
      },
      "geometry": {
        "type": "Point",
        "coordinates": [
          11.6608188,
          48.2276691
        ]
      },
      "id": "way/229764500"
    },
    {
      "type": "Feature",
      "properties": {
        "@id": "way/231554734",
        "natural": "water",
        "source": "gps;survey",
        "water": "lake",
        "@geometry": "center"
      },
      "geometry": {
        "type": "Point",
        "coordinates": [
          11.6597,
          48.2223376
        ]
      },
      "id": "way/231554734"
    },
    {
      "type": "Feature",
      "properties": {
        "@id": "way/234193526",
        "name": "Eglsee",
        "natural": "water",
        "water": "lake",
        "@geometry": "center"
      },
      "geometry": {
        "type": "Point",
        "coordinates": [
          12.4709616,
          47.7166205
        ]
      },
      "id": "way/234193526"
    },
    {
      "type": "Feature",
      "properties": {
        "@id": "way/234325845",
        "natural": "water",
        "water": "lake",
        "@geometry": "center"
      },
      "geometry": {
        "type": "Point",
        "coordinates": [
          10.2401652,
          48.2667012
        ]
      },
      "id": "way/234325845"
    },
    {
      "type": "Feature",
      "properties": {
        "@id": "way/234325847",
        "natural": "water",
        "water": "lake",
        "@geometry": "center"
      },
      "geometry": {
        "type": "Point",
        "coordinates": [
          10.2407423,
          48.2672915
        ]
      },
      "id": "way/234325847"
    },
    {
      "type": "Feature",
      "properties": {
        "@id": "way/234325849",
        "natural": "water",
        "water": "lake",
        "@geometry": "center"
      },
      "geometry": {
        "type": "Point",
        "coordinates": [
          10.2394612,
          48.266155
        ]
      },
      "id": "way/234325849"
    },
    {
      "type": "Feature",
      "properties": {
        "@id": "way/235158650",
        "intermittent": "no",
        "name": "Stoasee",
        "natural": "water",
        "salt": "no",
        "tidal": "no",
        "water": "lake",
        "@geometry": "center"
      },
      "geometry": {
        "type": "Point",
        "coordinates": [
          11.7946132,
          49.1459545
        ]
      },
      "id": "way/235158650"
    },
    {
      "type": "Feature",
      "properties": {
        "@id": "way/235158744",
        "intermittent": "no",
        "name": "Wirtssee",
        "natural": "water",
        "salt": "no",
        "tidal": "no",
        "water": "lake",
        "@geometry": "center"
      },
      "geometry": {
        "type": "Point",
        "coordinates": [
          11.8009854,
          49.1453019
        ]
      },
      "id": "way/235158744"
    },
    {
      "type": "Feature",
      "properties": {
        "@id": "way/235251519",
        "emergency": "water_tank",
        "natural": "water",
        "water": "lake",
        "@geometry": "center"
      },
      "geometry": {
        "type": "Point",
        "coordinates": [
          10.629899,
          49.4894796
        ]
      },
      "id": "way/235251519"
    },
    {
      "type": "Feature",
      "properties": {
        "@id": "way/235251525",
        "emergency": "water_tank",
        "intermittent": "no",
        "natural": "water",
        "salt": "no",
        "tidal": "no",
        "water": "lake",
        "@geometry": "center"
      },
      "geometry": {
        "type": "Point",
        "coordinates": [
          10.6238632,
          49.4912131
        ]
      },
      "id": "way/235251525"
    },
    {
      "type": "Feature",
      "properties": {
        "@id": "way/235466203",
        "natural": "water",
        "water": "lake",
        "@geometry": "center"
      },
      "geometry": {
        "type": "Point",
        "coordinates": [
          9.1512537,
          49.818542
        ]
      },
      "id": "way/235466203"
    },
    {
      "type": "Feature",
      "properties": {
        "@id": "way/235466204",
        "natural": "water",
        "water": "lake",
        "@geometry": "center"
      },
      "geometry": {
        "type": "Point",
        "coordinates": [
          9.1504625,
          49.8176843
        ]
      },
      "id": "way/235466204"
    },
    {
      "type": "Feature",
      "properties": {
        "@id": "way/235466205",
        "natural": "water",
        "water": "lake",
        "@geometry": "center"
      },
      "geometry": {
        "type": "Point",
        "coordinates": [
          9.1503287,
          49.8172224
        ]
      },
      "id": "way/235466205"
    },
    {
      "type": "Feature",
      "properties": {
        "@id": "way/241046918",
        "ele": "935",
        "name": "Großer Arbersee",
        "natural": "water",
        "water": "lake",
        "website": "https://www.arbersee-bayerischerwald.de/grosser-arbersee/",
        "wikidata": "Q896960",
        "wikipedia": "de:Großer Arbersee",
        "@geometry": "center"
      },
      "geometry": {
        "type": "Point",
        "coordinates": [
          13.1547585,
          49.0984675
        ]
      },
      "id": "way/241046918"
    },
    {
      "type": "Feature",
      "properties": {
        "@id": "way/241929480",
        "natural": "water",
        "water": "lake",
        "@geometry": "center"
      },
      "geometry": {
        "type": "Point",
        "coordinates": [
          12.1340399,
          48.02615
        ]
      },
      "id": "way/241929480"
    },
    {
      "type": "Feature",
      "properties": {
        "@id": "way/254030817",
        "leisure": "swimming_area",
        "name": "Badweiher",
        "natural": "water",
        "sport": "swimming",
        "water": "lake",
        "@geometry": "center"
      },
      "geometry": {
        "type": "Point",
        "coordinates": [
          10.4788579,
          49.0244247
        ]
      },
      "id": "way/254030817"
    },
    {
      "type": "Feature",
      "properties": {
        "@id": "way/254428282",
        "name": "Wolfsee",
        "natural": "water",
        "water": "lake",
        "@geometry": "center"
      },
      "geometry": {
        "type": "Point",
        "coordinates": [
          11.7460974,
          48.9289926
        ]
      },
      "id": "way/254428282"
    },
    {
      "type": "Feature",
      "properties": {
        "@id": "way/255221391",
        "natural": "water",
        "source": "LVA Bayern 2m",
        "water": "lake",
        "@geometry": "center"
      },
      "geometry": {
        "type": "Point",
        "coordinates": [
          10.335469,
          48.5130307
        ]
      },
      "id": "way/255221391"
    },
    {
      "type": "Feature",
      "properties": {
        "@id": "way/255329119",
        "intermittent": "yes",
        "natural": "water",
        "water": "lake",
        "@geometry": "center"
      },
      "geometry": {
        "type": "Point",
        "coordinates": [
          10.1101625,
          49.7799955
        ]
      },
      "id": "way/255329119"
    },
    {
      "type": "Feature",
      "properties": {
        "@id": "way/256695394",
        "natural": "water",
        "water": "lake",
        "@geometry": "center"
      },
      "geometry": {
        "type": "Point",
        "coordinates": [
          12.473959,
          47.667184
        ]
      },
      "id": "way/256695394"
    },
    {
      "type": "Feature",
      "properties": {
        "@id": "way/256696377",
        "natural": "water",
        "water": "lake",
        "@geometry": "center"
      },
      "geometry": {
        "type": "Point",
        "coordinates": [
          12.4713863,
          47.6668097
        ]
      },
      "id": "way/256696377"
    },
    {
      "type": "Feature",
      "properties": {
        "@id": "way/257009736",
        "natural": "water",
        "water": "lake",
        "@geometry": "center"
      },
      "geometry": {
        "type": "Point",
        "coordinates": [
          13.3467627,
          48.3519305
        ]
      },
      "id": "way/257009736"
    },
    {
      "type": "Feature",
      "properties": {
        "@id": "way/258083795",
        "name": "Rennschmiedsee",
        "natural": "water",
        "water": "lake",
        "@geometry": "center"
      },
      "geometry": {
        "type": "Point",
        "coordinates": [
          11.1484246,
          47.802958
        ]
      },
      "id": "way/258083795"
    },
    {
      "type": "Feature",
      "properties": {
        "@id": "way/258462786",
        "natural": "water",
        "salt": "no",
        "tidal": "no",
        "water": "lake",
        "@geometry": "center"
      },
      "geometry": {
        "type": "Point",
        "coordinates": [
          10.4626566,
          49.7739215
        ]
      },
      "id": "way/258462786"
    },
    {
      "type": "Feature",
      "properties": {
        "@id": "way/258462789",
        "intermittent": "no",
        "natural": "water",
        "salt": "no",
        "tidal": "no",
        "water": "lake",
        "@geometry": "center"
      },
      "geometry": {
        "type": "Point",
        "coordinates": [
          10.4615962,
          49.7750455
        ]
      },
      "id": "way/258462789"
    },
    {
      "type": "Feature",
      "properties": {
        "@id": "way/259136229",
        "natural": "water",
        "water": "lake",
        "@geometry": "center"
      },
      "geometry": {
        "type": "Point",
        "coordinates": [
          13.4732971,
          48.8569853
        ]
      },
      "id": "way/259136229"
    },
    {
      "type": "Feature",
      "properties": {
        "@id": "way/259517567",
        "name": "Pollinger Weiher",
        "natural": "water",
        "water": "lake",
        "@geometry": "center"
      },
      "geometry": {
        "type": "Point",
        "coordinates": [
          11.1220816,
          47.8029822
        ]
      },
      "id": "way/259517567"
    },
    {
      "type": "Feature",
      "properties": {
        "@id": "way/259517568",
        "name": "Pollinger Weiher",
        "natural": "water",
        "water": "lake",
        "@geometry": "center"
      },
      "geometry": {
        "type": "Point",
        "coordinates": [
          11.1219518,
          47.8042358
        ]
      },
      "id": "way/259517568"
    },
    {
      "type": "Feature",
      "properties": {
        "@id": "way/259869983",
        "name": "See Emma Nord / Waldsee",
        "natural": "water",
        "source": "landsat",
        "water": "lake",
        "@geometry": "center"
      },
      "geometry": {
        "type": "Point",
        "coordinates": [
          8.9967954,
          50.074664
        ]
      },
      "id": "way/259869983"
    },
    {
      "type": "Feature",
      "properties": {
        "@id": "way/260981322",
        "natural": "water",
        "water": "lake",
        "@geometry": "center"
      },
      "geometry": {
        "type": "Point",
        "coordinates": [
          11.7855036,
          49.4637259
        ]
      },
      "id": "way/260981322"
    },
    {
      "type": "Feature",
      "properties": {
        "@id": "way/261090819",
        "natural": "water",
        "water": "lake",
        "@geometry": "center"
      },
      "geometry": {
        "type": "Point",
        "coordinates": [
          10.9023665,
          48.6429095
        ]
      },
      "id": "way/261090819"
    },
    {
      "type": "Feature",
      "properties": {
        "@id": "way/261217766",
        "natural": "water",
        "water": "lake",
        "@geometry": "center"
      },
      "geometry": {
        "type": "Point",
        "coordinates": [
          10.8966577,
          48.6114019
        ]
      },
      "id": "way/261217766"
    },
    {
      "type": "Feature",
      "properties": {
        "@id": "way/262758240",
        "natural": "water",
        "water": "lake",
        "@geometry": "center"
      },
      "geometry": {
        "type": "Point",
        "coordinates": [
          11.7545312,
          47.749569
        ]
      },
      "id": "way/262758240"
    },
    {
      "type": "Feature",
      "properties": {
        "@id": "way/263067866",
        "natural": "water",
        "water": "lake",
        "@geometry": "center"
      },
      "geometry": {
        "type": "Point",
        "coordinates": [
          11.409479,
          47.83603
        ]
      },
      "id": "way/263067866"
    },
    {
      "type": "Feature",
      "properties": {
        "@id": "way/265127958",
        "name": "Baggersee",
        "natural": "water",
        "water": "lake",
        "@geometry": "center"
      },
      "geometry": {
        "type": "Point",
        "coordinates": [
          9.6210297,
          50.0176475
        ]
      },
      "id": "way/265127958"
    },
    {
      "type": "Feature",
      "properties": {
        "@id": "way/265235060",
        "natural": "water",
        "water": "lake",
        "@geometry": "center"
      },
      "geometry": {
        "type": "Point",
        "coordinates": [
          12.0506307,
          47.7833081
        ]
      },
      "id": "way/265235060"
    },
    {
      "type": "Feature",
      "properties": {
        "@id": "way/265235061",
        "natural": "water",
        "water": "lake",
        "@geometry": "center"
      },
      "geometry": {
        "type": "Point",
        "coordinates": [
          12.0482674,
          47.7836272
        ]
      },
      "id": "way/265235061"
    },
    {
      "type": "Feature",
      "properties": {
        "@id": "way/265386439",
        "ele": "618",
        "name": "Neusee",
        "natural": "water",
        "water": "lake",
        "wikidata": "Q22693290",
        "@geometry": "center"
      },
      "geometry": {
        "type": "Point",
        "coordinates": [
          11.2668817,
          47.8578758
        ]
      },
      "id": "way/265386439"
    },
    {
      "type": "Feature",
      "properties": {
        "@id": "way/266220745",
        "canoe": "yes",
        "ele": "780",
        "name": "Hopfensee",
        "natural": "water",
        "source": "bing",
        "sport": "swimming",
        "water": "lake",
        "wikidata": "Q315880",
        "wikimedia_commons": "Category:Hopfensee",
        "@geometry": "center"
      },
      "geometry": {
        "type": "Point",
        "coordinates": [
          10.6715408,
          47.599791
        ]
      },
      "id": "way/266220745"
    },
    {
      "type": "Feature",
      "properties": {
        "@id": "way/267214762",
        "natural": "water",
        "water": "lake",
        "@geometry": "center"
      },
      "geometry": {
        "type": "Point",
        "coordinates": [
          10.4215238,
          50.3874985
        ]
      },
      "id": "way/267214762"
    },
    {
      "type": "Feature",
      "properties": {
        "@id": "way/267214763",
        "natural": "water",
        "water": "lake",
        "@geometry": "center"
      },
      "geometry": {
        "type": "Point",
        "coordinates": [
          10.4205849,
          50.3874931
        ]
      },
      "id": "way/267214763"
    },
    {
      "type": "Feature",
      "properties": {
        "@id": "way/267214764",
        "natural": "water",
        "water": "lake",
        "@geometry": "center"
      },
      "geometry": {
        "type": "Point",
        "coordinates": [
          10.418756,
          50.3872019
        ]
      },
      "id": "way/267214764"
    },
    {
      "type": "Feature",
      "properties": {
        "@id": "way/267214765",
        "natural": "water",
        "water": "lake",
        "@geometry": "center"
      },
      "geometry": {
        "type": "Point",
        "coordinates": [
          10.4225677,
          50.3875589
        ]
      },
      "id": "way/267214765"
    },
    {
      "type": "Feature",
      "properties": {
        "@id": "way/267214766",
        "natural": "water",
        "water": "lake",
        "@geometry": "center"
      },
      "geometry": {
        "type": "Point",
        "coordinates": [
          10.4196595,
          50.3873756
        ]
      },
      "id": "way/267214766"
    },
    {
      "type": "Feature",
      "properties": {
        "@id": "way/267750379",
        "natural": "water",
        "water": "lake",
        "@geometry": "center"
      },
      "geometry": {
        "type": "Point",
        "coordinates": [
          10.8431158,
          48.1031749
        ]
      },
      "id": "way/267750379"
    },
    {
      "type": "Feature",
      "properties": {
        "@id": "way/268983148",
        "natural": "water",
        "water": "lake",
        "@geometry": "center"
      },
      "geometry": {
        "type": "Point",
        "coordinates": [
          12.0611771,
          47.7954787
        ]
      },
      "id": "way/268983148"
    },
    {
      "type": "Feature",
      "properties": {
        "@id": "way/268983150",
        "natural": "water",
        "water": "lake",
        "@geometry": "center"
      },
      "geometry": {
        "type": "Point",
        "coordinates": [
          12.0604633,
          47.795761
        ]
      },
      "id": "way/268983150"
    },
    {
      "type": "Feature",
      "properties": {
        "@id": "way/269819553",
        "intermittent": "no",
        "name": "Großer Olympiasee",
        "natural": "water",
        "salt": "no",
        "tidal": "no",
        "water": "lake",
        "wikidata": "Q136128820",
        "wikimedia_commons": "Category:Olympiasee in Munich",
        "@geometry": "center"
      },
      "geometry": {
        "type": "Point",
        "coordinates": [
          11.5533007,
          48.1724263
        ]
      },
      "id": "way/269819553"
    },
    {
      "type": "Feature",
      "properties": {
        "@id": "way/269866363",
        "natural": "water",
        "water": "lake",
        "@geometry": "center"
      },
      "geometry": {
        "type": "Point",
        "coordinates": [
          9.9937891,
          49.8983118
        ]
      },
      "id": "way/269866363"
    },
    {
      "type": "Feature",
      "properties": {
        "@id": "way/270428142",
        "natural": "water",
        "water": "lake",
        "@geometry": "center"
      },
      "geometry": {
        "type": "Point",
        "coordinates": [
          12.0556841,
          47.7893686
        ]
      },
      "id": "way/270428142"
    },
    {
      "type": "Feature",
      "properties": {
        "@id": "way/270891844",
        "natural": "water",
        "water": "lake",
        "@geometry": "center"
      },
      "geometry": {
        "type": "Point",
        "coordinates": [
          12.0532701,
          47.7938635
        ]
      },
      "id": "way/270891844"
    },
    {
      "type": "Feature",
      "properties": {
        "@id": "way/270891845",
        "natural": "water",
        "water": "lake",
        "@geometry": "center"
      },
      "geometry": {
        "type": "Point",
        "coordinates": [
          12.0560412,
          47.7837715
        ]
      },
      "id": "way/270891845"
    },
    {
      "type": "Feature",
      "properties": {
        "@id": "way/270891851",
        "natural": "water",
        "water": "lake",
        "@geometry": "center"
      },
      "geometry": {
        "type": "Point",
        "coordinates": [
          12.0503072,
          47.7892127
        ]
      },
      "id": "way/270891851"
    },
    {
      "type": "Feature",
      "properties": {
        "@id": "way/270891855",
        "natural": "water",
        "water": "lake",
        "@geometry": "center"
      },
      "geometry": {
        "type": "Point",
        "coordinates": [
          12.0586045,
          47.7838459
        ]
      },
      "id": "way/270891855"
    },
    {
      "type": "Feature",
      "properties": {
        "@id": "way/270891857",
        "natural": "water",
        "water": "lake",
        "@geometry": "center"
      },
      "geometry": {
        "type": "Point",
        "coordinates": [
          12.0529298,
          47.7834283
        ]
      },
      "id": "way/270891857"
    },
    {
      "type": "Feature",
      "properties": {
        "@id": "way/270891859",
        "natural": "water",
        "water": "lake",
        "@geometry": "center"
      },
      "geometry": {
        "type": "Point",
        "coordinates": [
          12.0613446,
          47.7827933
        ]
      },
      "id": "way/270891859"
    },
    {
      "type": "Feature",
      "properties": {
        "@id": "way/270891861",
        "natural": "water",
        "water": "lake",
        "@geometry": "center"
      },
      "geometry": {
        "type": "Point",
        "coordinates": [
          12.0611396,
          47.7867537
        ]
      },
      "id": "way/270891861"
    },
    {
      "type": "Feature",
      "properties": {
        "@id": "way/270891862",
        "natural": "water",
        "water": "lake",
        "@geometry": "center"
      },
      "geometry": {
        "type": "Point",
        "coordinates": [
          12.0613273,
          47.7842951
        ]
      },
      "id": "way/270891862"
    },
    {
      "type": "Feature",
      "properties": {
        "@id": "way/271461749",
        "natural": "water",
        "water": "lake",
        "@geometry": "center"
      },
      "geometry": {
        "type": "Point",
        "coordinates": [
          10.6214367,
          49.5880262
        ]
      },
      "id": "way/271461749"
    },
    {
      "type": "Feature",
      "properties": {
        "@id": "way/273740227",
        "natural": "water",
        "water": "lake",
        "@geometry": "center"
      },
      "geometry": {
        "type": "Point",
        "coordinates": [
          11.901891,
          48.3859681
        ]
      },
      "id": "way/273740227"
    },
    {
      "type": "Feature",
      "properties": {
        "@id": "way/277000761",
        "natural": "water",
        "water": "lake",
        "@geometry": "center"
      },
      "geometry": {
        "type": "Point",
        "coordinates": [
          12.0719446,
          49.1814695
        ]
      },
      "id": "way/277000761"
    },
    {
      "type": "Feature",
      "properties": {
        "@id": "way/277000765",
        "natural": "water",
        "water": "lake",
        "@geometry": "center"
      },
      "geometry": {
        "type": "Point",
        "coordinates": [
          12.1210094,
          49.2035166
        ]
      },
      "id": "way/277000765"
    },
    {
      "type": "Feature",
      "properties": {
        "@id": "way/280442904",
        "alt_name": "Baggerweiher Wörth",
        "intermittent": "no",
        "loc_name": "Wiflinger Weiher",
        "name": "Wörther Weiher",
        "natural": "water",
        "salt": "no",
        "sport": "swimming",
        "swimming": "yes",
        "tidal": "no",
        "water": "lake",
        "website": "https://www.landkreis-erding.de/freizeit-tourismus/naturschoenheiten/badeweiher/eu-badegewaesser/woerther-weiher/",
        "@geometry": "center"
      },
      "geometry": {
        "type": "Point",
        "coordinates": [
          11.8925681,
          48.2387548
        ]
      },
      "id": "way/280442904"
    },
    {
      "type": "Feature",
      "properties": {
        "@id": "way/283835958",
        "natural": "water",
        "water": "lake",
        "@geometry": "center"
      },
      "geometry": {
        "type": "Point",
        "coordinates": [
          13.2364795,
          49.1096009
        ]
      },
      "id": "way/283835958"
    },
    {
      "type": "Feature",
      "properties": {
        "@id": "way/283836044",
        "natural": "water",
        "water": "lake",
        "@geometry": "center"
      },
      "geometry": {
        "type": "Point",
        "coordinates": [
          13.2362332,
          49.109966
        ]
      },
      "id": "way/283836044"
    },
    {
      "type": "Feature",
      "properties": {
        "@id": "way/284620755",
        "natural": "water",
        "water": "lake",
        "@geometry": "center"
      },
      "geometry": {
        "type": "Point",
        "coordinates": [
          10.3222337,
          49.160814
        ]
      },
      "id": "way/284620755"
    },
    {
      "type": "Feature",
      "properties": {
        "@id": "way/284791528",
        "name": "Dorfweiher Unterroth",
        "natural": "water",
        "water": "lake",
        "@geometry": "center"
      },
      "geometry": {
        "type": "Point",
        "coordinates": [
          10.1658225,
          48.1983216
        ]
      },
      "id": "way/284791528"
    },
    {
      "type": "Feature",
      "properties": {
        "@id": "way/284909764",
        "check_date": "2024-05-15",
        "name": "Bahnweiher",
        "natural": "water",
        "water": "lake",
        "@geometry": "center"
      },
      "geometry": {
        "type": "Point",
        "coordinates": [
          10.1183504,
          48.4308137
        ]
      },
      "id": "way/284909764"
    },
    {
      "type": "Feature",
      "properties": {
        "@id": "way/285130934",
        "natural": "water",
        "water": "lake",
        "@geometry": "center"
      },
      "geometry": {
        "type": "Point",
        "coordinates": [
          10.5805201,
          50.2763169
        ]
      },
      "id": "way/285130934"
    },
    {
      "type": "Feature",
      "properties": {
        "@id": "way/286485633",
        "natural": "water",
        "water": "lake",
        "@geometry": "center"
      },
      "geometry": {
        "type": "Point",
        "coordinates": [
          11.0650048,
          49.550589
        ]
      },
      "id": "way/286485633"
    },
    {
      "type": "Feature",
      "properties": {
        "@id": "way/286666205",
        "natural": "water",
        "water": "lake",
        "@geometry": "center"
      },
      "geometry": {
        "type": "Point",
        "coordinates": [
          11.9131008,
          48.3854379
        ]
      },
      "id": "way/286666205"
    },
    {
      "type": "Feature",
      "properties": {
        "@id": "way/286952313",
        "natural": "water",
        "water": "lake",
        "@geometry": "center"
      },
      "geometry": {
        "type": "Point",
        "coordinates": [
          12.042028,
          47.7944064
        ]
      },
      "id": "way/286952313"
    },
    {
      "type": "Feature",
      "properties": {
        "@id": "way/286952314",
        "natural": "water",
        "water": "lake",
        "@geometry": "center"
      },
      "geometry": {
        "type": "Point",
        "coordinates": [
          12.0447729,
          47.7943705
        ]
      },
      "id": "way/286952314"
    },
    {
      "type": "Feature",
      "properties": {
        "@id": "way/286952315",
        "natural": "water",
        "water": "lake",
        "@geometry": "center"
      },
      "geometry": {
        "type": "Point",
        "coordinates": [
          12.0435377,
          47.7944731
        ]
      },
      "id": "way/286952315"
    },
    {
      "type": "Feature",
      "properties": {
        "@id": "way/287498348",
        "name": "Steinbergsee",
        "natural": "water",
        "water": "lake",
        "wikidata": "Q2340025",
        "wikipedia": "de:Steinbergsee (Lattengebirge)",
        "@geometry": "center"
      },
      "geometry": {
        "type": "Point",
        "coordinates": [
          12.8986605,
          47.6824802
        ]
      },
      "id": "way/287498348"
    },
    {
      "type": "Feature",
      "properties": {
        "@id": "way/287526582",
        "natural": "water",
        "water": "lake",
        "@geometry": "center"
      },
      "geometry": {
        "type": "Point",
        "coordinates": [
          12.0678151,
          49.3973569
        ]
      },
      "id": "way/287526582"
    },
    {
      "type": "Feature",
      "properties": {
        "@id": "way/287526583",
        "natural": "water",
        "water": "lake",
        "@geometry": "center"
      },
      "geometry": {
        "type": "Point",
        "coordinates": [
          12.0798687,
          49.4050274
        ]
      },
      "id": "way/287526583"
    },
    {
      "type": "Feature",
      "properties": {
        "@id": "way/287526584",
        "natural": "water",
        "water": "lake",
        "@geometry": "center"
      },
      "geometry": {
        "type": "Point",
        "coordinates": [
          12.0790787,
          49.404962
        ]
      },
      "id": "way/287526584"
    },
    {
      "type": "Feature",
      "properties": {
        "@id": "way/287526585",
        "natural": "water",
        "water": "lake",
        "@geometry": "center"
      },
      "geometry": {
        "type": "Point",
        "coordinates": [
          12.0798832,
          49.4048292
        ]
      },
      "id": "way/287526585"
    },
    {
      "type": "Feature",
      "properties": {
        "@id": "way/287526586",
        "natural": "water",
        "water": "lake",
        "@geometry": "center"
      },
      "geometry": {
        "type": "Point",
        "coordinates": [
          12.0782765,
          49.4050919
        ]
      },
      "id": "way/287526586"
    },
    {
      "type": "Feature",
      "properties": {
        "@id": "way/287526587",
        "natural": "water",
        "water": "lake",
        "@geometry": "center"
      },
      "geometry": {
        "type": "Point",
        "coordinates": [
          12.0779685,
          49.4051661
        ]
      },
      "id": "way/287526587"
    },
    {
      "type": "Feature",
      "properties": {
        "@id": "way/289038735",
        "natural": "water",
        "water": "lake",
        "@geometry": "center"
      },
      "geometry": {
        "type": "Point",
        "coordinates": [
          10.6526085,
          49.5810407
        ]
      },
      "id": "way/289038735"
    },
    {
      "type": "Feature",
      "properties": {
        "@id": "way/291807786",
        "intermittent": "no",
        "name": "Steinsee",
        "natural": "water",
        "salt": "no",
        "sport": "swimming",
        "tidal": "no",
        "water": "lake",
        "wikidata": "Q1769275",
        "wikipedia": "de:Steinsee (Niederseeon)",
        "@geometry": "center"
      },
      "geometry": {
        "type": "Point",
        "coordinates": [
          11.8619833,
          48.0215326
        ]
      },
      "id": "way/291807786"
    },
    {
      "type": "Feature",
      "properties": {
        "@id": "way/292623209",
        "natural": "water",
        "water": "lake",
        "@geometry": "center"
      },
      "geometry": {
        "type": "Point",
        "coordinates": [
          10.2150544,
          47.8765192
        ]
      },
      "id": "way/292623209"
    },
    {
      "type": "Feature",
      "properties": {
        "@id": "way/292906373",
        "natural": "water",
        "water": "lake",
        "@geometry": "center"
      },
      "geometry": {
        "type": "Point",
        "coordinates": [
          10.4731289,
          49.8389562
        ]
      },
      "id": "way/292906373"
    },
    {
      "type": "Feature",
      "properties": {
        "@id": "way/292906374",
        "natural": "water",
        "water": "lake",
        "@geometry": "center"
      },
      "geometry": {
        "type": "Point",
        "coordinates": [
          10.4721499,
          49.8387183
        ]
      },
      "id": "way/292906374"
    },
    {
      "type": "Feature",
      "properties": {
        "@id": "way/295101081",
        "natural": "water",
        "water": "lake",
        "@geometry": "center"
      },
      "geometry": {
        "type": "Point",
        "coordinates": [
          9.302919,
          49.9677651
        ]
      },
      "id": "way/295101081"
    },
    {
      "type": "Feature",
      "properties": {
        "@id": "way/295636373",
        "natural": "water",
        "note": "Baggersee",
        "source": "Bing Luftbild, Microsoft",
        "water": "lake",
        "@geometry": "center"
      },
      "geometry": {
        "type": "Point",
        "coordinates": [
          11.0349609,
          49.7655935
        ]
      },
      "id": "way/295636373"
    },
    {
      "type": "Feature",
      "properties": {
        "@id": "way/298041717",
        "name": "Eichelmannsee",
        "natural": "water",
        "water": "lake",
        "@geometry": "center"
      },
      "geometry": {
        "type": "Point",
        "coordinates": [
          10.3808453,
          49.8850228
        ]
      },
      "id": "way/298041717"
    },
    {
      "type": "Feature",
      "properties": {
        "@id": "way/298213242",
        "intermittent": "yes",
        "natural": "water",
        "water": "lake",
        "@geometry": "center"
      },
      "geometry": {
        "type": "Point",
        "coordinates": [
          9.8550338,
          49.7770587
        ]
      },
      "id": "way/298213242"
    },
    {
      "type": "Feature",
      "properties": {
        "@id": "way/300450685",
        "natural": "water",
        "water": "lake",
        "@geometry": "center"
      },
      "geometry": {
        "type": "Point",
        "coordinates": [
          9.0548072,
          49.9973321
        ]
      },
      "id": "way/300450685"
    },
    {
      "type": "Feature",
      "properties": {
        "@id": "way/300732438",
        "depth": "4,5m",
        "name": "Aufhofener Weiher",
        "natural": "water",
        "sport": "swimming",
        "water": "lake",
        "wikidata": "Q29586478",
        "wikipedia": "de:Aufhofener Weiher",
        "@geometry": "center"
      },
      "geometry": {
        "type": "Point",
        "coordinates": [
          11.5250614,
          47.9391159
        ]
      },
      "id": "way/300732438"
    },
    {
      "type": "Feature",
      "properties": {
        "@id": "way/300902476",
        "name": "Freinhauser Weiher",
        "natural": "water",
        "water": "lake",
        "@geometry": "center"
      },
      "geometry": {
        "type": "Point",
        "coordinates": [
          11.4211495,
          48.6152728
        ]
      },
      "id": "way/300902476"
    },
    {
      "type": "Feature",
      "properties": {
        "@id": "way/303993630",
        "natural": "water",
        "water": "lake",
        "@geometry": "center"
      },
      "geometry": {
        "type": "Point",
        "coordinates": [
          10.9590356,
          47.7750999
        ]
      },
      "id": "way/303993630"
    },
    {
      "type": "Feature",
      "properties": {
        "@id": "way/303993632",
        "natural": "water",
        "water": "lake",
        "@geometry": "center"
      },
      "geometry": {
        "type": "Point",
        "coordinates": [
          10.9628274,
          47.7756252
        ]
      },
      "id": "way/303993632"
    },
    {
      "type": "Feature",
      "properties": {
        "@id": "way/303993634",
        "natural": "water",
        "water": "lake",
        "@geometry": "center"
      },
      "geometry": {
        "type": "Point",
        "coordinates": [
          10.9622931,
          47.7757763
        ]
      },
      "id": "way/303993634"
    },
    {
      "type": "Feature",
      "properties": {
        "@id": "way/303993636",
        "natural": "water",
        "water": "lake",
        "@geometry": "center"
      },
      "geometry": {
        "type": "Point",
        "coordinates": [
          10.9581271,
          47.7748653
        ]
      },
      "id": "way/303993636"
    },
    {
      "type": "Feature",
      "properties": {
        "@id": "way/303993638",
        "natural": "water",
        "water": "lake",
        "@geometry": "center"
      },
      "geometry": {
        "type": "Point",
        "coordinates": [
          10.9598527,
          47.7744879
        ]
      },
      "id": "way/303993638"
    },
    {
      "type": "Feature",
      "properties": {
        "@id": "way/304180445",
        "name": "Liebfrauensee",
        "natural": "water",
        "water": "lake",
        "@geometry": "center"
      },
      "geometry": {
        "type": "Point",
        "coordinates": [
          10.0824403,
          50.200976
        ]
      },
      "id": "way/304180445"
    },
    {
      "type": "Feature",
      "properties": {
        "@id": "way/304354222",
        "natural": "water",
        "water": "lake",
        "@geometry": "center"
      },
      "geometry": {
        "type": "Point",
        "coordinates": [
          10.419299,
          49.8355136
        ]
      },
      "id": "way/304354222"
    },
    {
      "type": "Feature",
      "properties": {
        "@id": "way/305149619",
        "natural": "water",
        "water": "lake",
        "@geometry": "center"
      },
      "geometry": {
        "type": "Point",
        "coordinates": [
          11.3884315,
          47.8580268
        ]
      },
      "id": "way/305149619"
    },
    {
      "type": "Feature",
      "properties": {
        "@id": "way/305422701",
        "name": "Bibisee",
        "natural": "water",
        "water": "lake",
        "wikidata": "Q856290",
        "@geometry": "center"
      },
      "geometry": {
        "type": "Point",
        "coordinates": [
          11.4723683,
          47.834996
        ]
      },
      "id": "way/305422701"
    },
    {
      "type": "Feature",
      "properties": {
        "@id": "way/305973280",
        "name": "Steinbruchsee",
        "natural": "water",
        "water": "lake",
        "@geometry": "center"
      },
      "geometry": {
        "type": "Point",
        "coordinates": [
          13.4411202,
          48.6504441
        ]
      },
      "id": "way/305973280"
    },
    {
      "type": "Feature",
      "properties": {
        "@id": "way/306414312",
        "natural": "water",
        "water": "lake",
        "@geometry": "center"
      },
      "geometry": {
        "type": "Point",
        "coordinates": [
          11.4691912,
          50.093419
        ]
      },
      "id": "way/306414312"
    },
    {
      "type": "Feature",
      "properties": {
        "@id": "way/306414313",
        "name": "Schwarzer See",
        "natural": "water",
        "water": "lake",
        "@geometry": "center"
      },
      "geometry": {
        "type": "Point",
        "coordinates": [
          11.4812356,
          50.0767699
        ]
      },
      "id": "way/306414313"
    },
    {
      "type": "Feature",
      "properties": {
        "@id": "way/306772151",
        "natural": "water",
        "water": "lake",
        "@geometry": "center"
      },
      "geometry": {
        "type": "Point",
        "coordinates": [
          11.0529564,
          49.5075397
        ]
      },
      "id": "way/306772151"
    },
    {
      "type": "Feature",
      "properties": {
        "@id": "way/308963397",
        "ele": "487",
        "name": "Tinninger See",
        "natural": "water",
        "source": "Bing",
        "water": "lake",
        "wikidata": "Q32751340",
        "wikipedia": "de:Tinninger See",
        "@geometry": "center"
      },
      "geometry": {
        "type": "Point",
        "coordinates": [
          12.2053056,
          47.8247075
        ]
      },
      "id": "way/308963397"
    },
    {
      "type": "Feature",
      "properties": {
        "@id": "way/311440655",
        "natural": "water",
        "water": "lake",
        "@geometry": "center"
      },
      "geometry": {
        "type": "Point",
        "coordinates": [
          10.407699,
          49.7999901
        ]
      },
      "id": "way/311440655"
    },
    {
      "type": "Feature",
      "properties": {
        "@id": "way/311864580",
        "natural": "water",
        "water": "lake",
        "@geometry": "center"
      },
      "geometry": {
        "type": "Point",
        "coordinates": [
          10.4092449,
          49.8032259
        ]
      },
      "id": "way/311864580"
    },
    {
      "type": "Feature",
      "properties": {
        "@id": "way/312876760",
        "natural": "water",
        "water": "lake",
        "@geometry": "center"
      },
      "geometry": {
        "type": "Point",
        "coordinates": [
          10.2665682,
          49.8747467
        ]
      },
      "id": "way/312876760"
    },
    {
      "type": "Feature",
      "properties": {
        "@id": "way/313127959",
        "natural": "water",
        "water": "lake",
        "@geometry": "center"
      },
      "geometry": {
        "type": "Point",
        "coordinates": [
          10.6770305,
          49.8054654
        ]
      },
      "id": "way/313127959"
    },
    {
      "type": "Feature",
      "properties": {
        "@id": "way/313127960",
        "natural": "water",
        "water": "lake",
        "@geometry": "center"
      },
      "geometry": {
        "type": "Point",
        "coordinates": [
          10.6776125,
          49.8052629
        ]
      },
      "id": "way/313127960"
    },
    {
      "type": "Feature",
      "properties": {
        "@id": "way/313127961",
        "natural": "water",
        "water": "lake",
        "@geometry": "center"
      },
      "geometry": {
        "type": "Point",
        "coordinates": [
          10.6780141,
          49.8050435
        ]
      },
      "id": "way/313127961"
    },
    {
      "type": "Feature",
      "properties": {
        "@id": "way/314495069",
        "natural": "water",
        "water": "lake",
        "@geometry": "center"
      },
      "geometry": {
        "type": "Point",
        "coordinates": [
          10.3032121,
          50.3238389
        ]
      },
      "id": "way/314495069"
    },
    {
      "type": "Feature",
      "properties": {
        "@id": "way/317101161",
        "natural": "water",
        "water": "lake",
        "@geometry": "center"
      },
      "geometry": {
        "type": "Point",
        "coordinates": [
          10.503902,
          49.460946
        ]
      },
      "id": "way/317101161"
    },
    {
      "type": "Feature",
      "properties": {
        "@id": "way/318549619",
        "ele": "588",
        "name": "Fohnsee",
        "natural": "water",
        "water": "lake",
        "@geometry": "center"
      },
      "geometry": {
        "type": "Point",
        "coordinates": [
          11.3128062,
          47.7801393
        ]
      },
      "id": "way/318549619"
    },
    {
      "type": "Feature",
      "properties": {
        "@id": "way/319186483",
        "natural": "water",
        "water": "lake",
        "@geometry": "center"
      },
      "geometry": {
        "type": "Point",
        "coordinates": [
          10.3239914,
          49.1642098
        ]
      },
      "id": "way/319186483"
    },
    {
      "type": "Feature",
      "properties": {
        "@id": "way/320552144",
        "name": "Schwemme",
        "natural": "water",
        "water": "lake",
        "@geometry": "center"
      },
      "geometry": {
        "type": "Point",
        "coordinates": [
          11.2773603,
          48.0014943
        ]
      },
      "id": "way/320552144"
    },
    {
      "type": "Feature",
      "properties": {
        "@id": "way/321249550",
        "name": "Staudigl",
        "natural": "water",
        "water": "lake",
        "@geometry": "center"
      },
      "geometry": {
        "type": "Point",
        "coordinates": [
          10.9802891,
          49.5874907
        ]
      },
      "id": "way/321249550"
    },
    {
      "type": "Feature",
      "properties": {
        "@id": "way/321633803",
        "natural": "water",
        "water": "lake",
        "@geometry": "center"
      },
      "geometry": {
        "type": "Point",
        "coordinates": [
          11.6467592,
          47.7917066
        ]
      },
      "id": "way/321633803"
    },
    {
      "type": "Feature",
      "properties": {
        "@id": "way/321986139",
        "name": "Hammerweiher",
        "natural": "water",
        "water": "lake",
        "@geometry": "center"
      },
      "geometry": {
        "type": "Point",
        "coordinates": [
          12.557063,
          49.5180854
        ]
      },
      "id": "way/321986139"
    },
    {
      "type": "Feature",
      "properties": {
        "@id": "way/322508340",
        "name": "Schirmsee",
        "natural": "water",
        "water": "lake",
        "@geometry": "center"
      },
      "geometry": {
        "type": "Point",
        "coordinates": [
          10.2954563,
          50.2632954
        ]
      },
      "id": "way/322508340"
    },
    {
      "type": "Feature",
      "properties": {
        "@id": "way/322674295",
        "natural": "water",
        "water": "lake",
        "@geometry": "center"
      },
      "geometry": {
        "type": "Point",
        "coordinates": [
          10.8504214,
          48.4783911
        ]
      },
      "id": "way/322674295"
    },
    {
      "type": "Feature",
      "properties": {
        "@id": "way/322766042",
        "natural": "water",
        "water": "lake",
        "@geometry": "center"
      },
      "geometry": {
        "type": "Point",
        "coordinates": [
          13.3716535,
          48.6851363
        ]
      },
      "id": "way/322766042"
    },
    {
      "type": "Feature",
      "properties": {
        "@id": "way/328535389",
        "natural": "water",
        "water": "lake",
        "@geometry": "center"
      },
      "geometry": {
        "type": "Point",
        "coordinates": [
          10.7876015,
          48.3663167
        ]
      },
      "id": "way/328535389"
    },
    {
      "type": "Feature",
      "properties": {
        "@id": "way/328535390",
        "natural": "water",
        "water": "lake",
        "@geometry": "center"
      },
      "geometry": {
        "type": "Point",
        "coordinates": [
          10.7873185,
          48.3665098
        ]
      },
      "id": "way/328535390"
    },
    {
      "type": "Feature",
      "properties": {
        "@id": "way/329422849",
        "natural": "water",
        "water": "lake",
        "@geometry": "center"
      },
      "geometry": {
        "type": "Point",
        "coordinates": [
          10.8730002,
          48.2275381
        ]
      },
      "id": "way/329422849"
    },
    {
      "type": "Feature",
      "properties": {
        "@id": "way/330470463",
        "name": "Badesee",
        "natural": "water",
        "water": "lake",
        "@geometry": "center"
      },
      "geometry": {
        "type": "Point",
        "coordinates": [
          13.1090003,
          48.4342957
        ]
      },
      "id": "way/330470463"
    },
    {
      "type": "Feature",
      "properties": {
        "@id": "way/333391079",
        "name": "Attachinger Weiher",
        "natural": "water",
        "water": "lake",
        "@geometry": "center"
      },
      "geometry": {
        "type": "Point",
        "coordinates": [
          11.7712262,
          48.3727986
        ]
      },
      "id": "way/333391079"
    },
    {
      "type": "Feature",
      "properties": {
        "@id": "way/334858595",
        "natural": "water",
        "water": "lake",
        "@geometry": "center"
      },
      "geometry": {
        "type": "Point",
        "coordinates": [
          12.087782,
          49.6501298
        ]
      },
      "id": "way/334858595"
    },
    {
      "type": "Feature",
      "properties": {
        "@id": "way/335315664",
        "natural": "water",
        "water": "lake",
        "@geometry": "center"
      },
      "geometry": {
        "type": "Point",
        "coordinates": [
          10.8194327,
          48.3300247
        ]
      },
      "id": "way/335315664"
    },
    {
      "type": "Feature",
      "properties": {
        "@id": "way/335829954",
        "natural": "water",
        "water": "lake",
        "@geometry": "center"
      },
      "geometry": {
        "type": "Point",
        "coordinates": [
          10.3091686,
          48.5511396
        ]
      },
      "id": "way/335829954"
    },
    {
      "type": "Feature",
      "properties": {
        "@id": "way/338045412",
        "name": "Hunde Badeweiher",
        "natural": "water",
        "water": "lake",
        "@geometry": "center"
      },
      "geometry": {
        "type": "Point",
        "coordinates": [
          10.3223416,
          49.3481629
        ]
      },
      "id": "way/338045412"
    },
    {
      "type": "Feature",
      "properties": {
        "@id": "way/340622778",
        "name": "Baggersee",
        "natural": "water",
        "water": "lake",
        "@geometry": "center"
      },
      "geometry": {
        "type": "Point",
        "coordinates": [
          10.3326589,
          48.0067378
        ]
      },
      "id": "way/340622778"
    },
    {
      "type": "Feature",
      "properties": {
        "@id": "way/340622786",
        "natural": "water",
        "water": "lake",
        "@geometry": "center"
      },
      "geometry": {
        "type": "Point",
        "coordinates": [
          10.3348788,
          48.0065512
        ]
      },
      "id": "way/340622786"
    },
    {
      "type": "Feature",
      "properties": {
        "@id": "way/340766755",
        "natural": "water",
        "water": "lake",
        "@geometry": "center"
      },
      "geometry": {
        "type": "Point",
        "coordinates": [
          11.7408091,
          50.2433797
        ]
      },
      "id": "way/340766755"
    },
    {
      "type": "Feature",
      "properties": {
        "@id": "way/345340793",
        "name": "Nasenloch",
        "natural": "water",
        "water": "lake",
        "@geometry": "center"
      },
      "geometry": {
        "type": "Point",
        "coordinates": [
          12.6615074,
          48.2508151
        ]
      },
      "id": "way/345340793"
    },
    {
      "type": "Feature",
      "properties": {
        "@id": "way/345342675",
        "name": "Betonwand",
        "natural": "water",
        "water": "lake",
        "@geometry": "center"
      },
      "geometry": {
        "type": "Point",
        "coordinates": [
          12.6534491,
          48.2514627
        ]
      },
      "id": "way/345342675"
    },
    {
      "type": "Feature",
      "properties": {
        "@id": "way/345678554",
        "leisure": "water_park",
        "name": "Aindlinger Badeseen",
        "natural": "water",
        "sport": "swimming",
        "water": "lake",
        "wikidata": "Q405956",
        "wikipedia": "de:Aindlinger Baggersee",
        "@geometry": "center"
      },
      "geometry": {
        "type": "Point",
        "coordinates": [
          10.8834617,
          48.5227381
        ]
      },
      "id": "way/345678554"
    },
    {
      "type": "Feature",
      "properties": {
        "@id": "way/345680651",
        "natural": "water",
        "water": "lake",
        "@geometry": "center"
      },
      "geometry": {
        "type": "Point",
        "coordinates": [
          10.8843716,
          48.5258032
        ]
      },
      "id": "way/345680651"
    },
    {
      "type": "Feature",
      "properties": {
        "@id": "way/349561040",
        "natural": "water",
        "water": "lake",
        "@geometry": "center"
      },
      "geometry": {
        "type": "Point",
        "coordinates": [
          11.4273127,
          50.4280463
        ]
      },
      "id": "way/349561040"
    },
    {
      "type": "Feature",
      "properties": {
        "@id": "way/350210133",
        "name": "Tauchplatz Pioniertafel",
        "natural": "water",
        "note": "Tauchplatz Pioniertafel",
        "water": "lake",
        "website": "http://tauchplatz.de",
        "@geometry": "center"
      },
      "geometry": {
        "type": "Point",
        "coordinates": [
          11.3534827,
          47.6108149
        ]
      },
      "id": "way/350210133"
    },
    {
      "type": "Feature",
      "properties": {
        "@id": "way/352102120",
        "name": "See (Längenbach)",
        "natural": "water",
        "water": "lake",
        "@geometry": "center"
      },
      "geometry": {
        "type": "Point",
        "coordinates": [
          10.6649248,
          50.0192822
        ]
      },
      "id": "way/352102120"
    },
    {
      "type": "Feature",
      "properties": {
        "@id": "way/355488484",
        "natural": "water",
        "water": "lake",
        "@geometry": "center"
      },
      "geometry": {
        "type": "Point",
        "coordinates": [
          11.6216648,
          49.9516105
        ]
      },
      "id": "way/355488484"
    },
    {
      "type": "Feature",
      "properties": {
        "@id": "way/360124260",
        "natural": "water",
        "water": "lake",
        "@geometry": "center"
      },
      "geometry": {
        "type": "Point",
        "coordinates": [
          10.226787,
          49.9781349
        ]
      },
      "id": "way/360124260"
    },
    {
      "type": "Feature",
      "properties": {
        "@id": "way/360124261",
        "natural": "water",
        "water": "lake",
        "@geometry": "center"
      },
      "geometry": {
        "type": "Point",
        "coordinates": [
          10.2251222,
          49.9784522
        ]
      },
      "id": "way/360124261"
    },
    {
      "type": "Feature",
      "properties": {
        "@id": "way/360376028",
        "natural": "water",
        "source": "Bing",
        "water": "lake",
        "@geometry": "center"
      },
      "geometry": {
        "type": "Point",
        "coordinates": [
          10.189394,
          49.9637518
        ]
      },
      "id": "way/360376028"
    },
    {
      "type": "Feature",
      "properties": {
        "@id": "way/360376041",
        "natural": "water",
        "source": "Bing",
        "water": "lake",
        "@geometry": "center"
      },
      "geometry": {
        "type": "Point",
        "coordinates": [
          10.1911929,
          49.9696787
        ]
      },
      "id": "way/360376041"
    },
    {
      "type": "Feature",
      "properties": {
        "@id": "way/360476740",
        "natural": "water",
        "source": "Bing",
        "water": "lake",
        "@geometry": "center"
      },
      "geometry": {
        "type": "Point",
        "coordinates": [
          10.1884103,
          49.9628265
        ]
      },
      "id": "way/360476740"
    },
    {
      "type": "Feature",
      "properties": {
        "@id": "way/360476741",
        "natural": "water",
        "source": "Bing",
        "water": "lake",
        "@geometry": "center"
      },
      "geometry": {
        "type": "Point",
        "coordinates": [
          10.1898856,
          49.9611013
        ]
      },
      "id": "way/360476741"
    },
    {
      "type": "Feature",
      "properties": {
        "@id": "way/360476742",
        "natural": "water",
        "source": "Bing",
        "water": "lake",
        "@geometry": "center"
      },
      "geometry": {
        "type": "Point",
        "coordinates": [
          10.186883,
          49.974328
        ]
      },
      "id": "way/360476742"
    },
    {
      "type": "Feature",
      "properties": {
        "@id": "way/360476751",
        "natural": "water",
        "source": "Bing",
        "water": "lake",
        "@geometry": "center"
      },
      "geometry": {
        "type": "Point",
        "coordinates": [
          10.1425352,
          50.0063473
        ]
      },
      "id": "way/360476751"
    },
    {
      "type": "Feature",
      "properties": {
        "@id": "way/360695148",
        "natural": "water",
        "source": "Bing",
        "water": "lake",
        "@geometry": "center"
      },
      "geometry": {
        "type": "Point",
        "coordinates": [
          10.2004644,
          50.0077854
        ]
      },
      "id": "way/360695148"
    },
    {
      "type": "Feature",
      "properties": {
        "@id": "way/363139449",
        "natural": "water",
        "water": "lake",
        "@geometry": "center"
      },
      "geometry": {
        "type": "Point",
        "coordinates": [
          13.0463353,
          49.2445102
        ]
      },
      "id": "way/363139449"
    },
    {
      "type": "Feature",
      "properties": {
        "@id": "way/364722112",
        "natural": "water",
        "water": "lake",
        "@geometry": "center"
      },
      "geometry": {
        "type": "Point",
        "coordinates": [
          10.4499011,
          49.1404664
        ]
      },
      "id": "way/364722112"
    },
    {
      "type": "Feature",
      "properties": {
        "@id": "way/364750389",
        "natural": "water",
        "source": "Bing",
        "water": "lake",
        "@geometry": "center"
      },
      "geometry": {
        "type": "Point",
        "coordinates": [
          10.1897966,
          49.9844887
        ]
      },
      "id": "way/364750389"
    },
    {
      "type": "Feature",
      "properties": {
        "@id": "way/367056465",
        "natural": "water",
        "water": "lake",
        "@geometry": "center"
      },
      "geometry": {
        "type": "Point",
        "coordinates": [
          11.8170244,
          47.9151219
        ]
      },
      "id": "way/367056465"
    },
    {
      "type": "Feature",
      "properties": {
        "@id": "way/367707931",
        "alt_name": "Singerhofweiher",
        "name": "Socolweiher",
        "natural": "water",
        "ref": "1",
        "source": "Landsat",
        "water": "lake",
        "wikidata": "Q32741785",
        "@geometry": "center"
      },
      "geometry": {
        "type": "Point",
        "coordinates": [
          12.9252464,
          48.8119748
        ]
      },
      "id": "way/367707931"
    },
    {
      "type": "Feature",
      "properties": {
        "@id": "way/368951854",
        "natural": "water",
        "water": "lake",
        "@geometry": "center"
      },
      "geometry": {
        "type": "Point",
        "coordinates": [
          11.8134188,
          47.9159089
        ]
      },
      "id": "way/368951854"
    },
    {
      "type": "Feature",
      "properties": {
        "@id": "way/369255086",
        "name": "Unterer Tierweiher",
        "natural": "water",
        "water": "lake",
        "@geometry": "center"
      },
      "geometry": {
        "type": "Point",
        "coordinates": [
          10.4620156,
          49.3330356
        ]
      },
      "id": "way/369255086"
    },
    {
      "type": "Feature",
      "properties": {
        "@id": "way/370622881",
        "natural": "water",
        "water": "lake",
        "@geometry": "center"
      },
      "geometry": {
        "type": "Point",
        "coordinates": [
          11.9592211,
          50.2347949
        ]
      },
      "id": "way/370622881"
    },
    {
      "type": "Feature",
      "properties": {
        "@id": "way/370761840",
        "natural": "water",
        "water": "lake",
        "@geometry": "center"
      },
      "geometry": {
        "type": "Point",
        "coordinates": [
          10.9484224,
          49.2907035
        ]
      },
      "id": "way/370761840"
    },
    {
      "type": "Feature",
      "properties": {
        "@id": "way/370761841",
        "natural": "water",
        "water": "lake",
        "@geometry": "center"
      },
      "geometry": {
        "type": "Point",
        "coordinates": [
          10.9471476,
          49.2907745
        ]
      },
      "id": "way/370761841"
    },
    {
      "type": "Feature",
      "properties": {
        "@id": "way/370761842",
        "natural": "water",
        "water": "lake",
        "@geometry": "center"
      },
      "geometry": {
        "type": "Point",
        "coordinates": [
          10.9497011,
          49.2907919
        ]
      },
      "id": "way/370761842"
    },
    {
      "type": "Feature",
      "properties": {
        "@id": "way/370761843",
        "natural": "water",
        "water": "lake",
        "@geometry": "center"
      },
      "geometry": {
        "type": "Point",
        "coordinates": [
          10.9523465,
          49.2907717
        ]
      },
      "id": "way/370761843"
    },
    {
      "type": "Feature",
      "properties": {
        "@id": "way/370761844",
        "natural": "water",
        "water": "lake",
        "@geometry": "center"
      },
      "geometry": {
        "type": "Point",
        "coordinates": [
          10.9458521,
          49.2916276
        ]
      },
      "id": "way/370761844"
    },
    {
      "type": "Feature",
      "properties": {
        "@id": "way/370774557",
        "natural": "water",
        "water": "lake",
        "@geometry": "center"
      },
      "geometry": {
        "type": "Point",
        "coordinates": [
          10.9677509,
          49.2846139
        ]
      },
      "id": "way/370774557"
    },
    {
      "type": "Feature",
      "properties": {
        "@id": "way/371780550",
        "natural": "water",
        "water": "lake",
        "@geometry": "center"
      },
      "geometry": {
        "type": "Point",
        "coordinates": [
          12.1937111,
          49.0763535
        ]
      },
      "id": "way/371780550"
    },
    {
      "type": "Feature",
      "properties": {
        "@id": "way/372726736",
        "ele": "650",
        "name": "Rotisweiher",
        "natural": "water",
        "water": "lake",
        "wikidata": "Q130307862",
        "@geometry": "center"
      },
      "geometry": {
        "type": "Point",
        "coordinates": [
          10.1046349,
          47.8620953
        ]
      },
      "id": "way/372726736"
    },
    {
      "type": "Feature",
      "properties": {
        "@id": "way/373530754",
        "natural": "water",
        "source": "Bing",
        "water": "lake",
        "@geometry": "center"
      },
      "geometry": {
        "type": "Point",
        "coordinates": [
          13.3374833,
          48.3328331
        ]
      },
      "id": "way/373530754"
    },
    {
      "type": "Feature",
      "properties": {
        "@id": "way/376584543",
        "name": "Wilder See",
        "natural": "water",
        "water": "lake",
        "@geometry": "center"
      },
      "geometry": {
        "type": "Point",
        "coordinates": [
          10.400166,
          50.0091688
        ]
      },
      "id": "way/376584543"
    },
    {
      "type": "Feature",
      "properties": {
        "@id": "way/376828684",
        "natural": "water",
        "water": "lake",
        "@geometry": "center"
      },
      "geometry": {
        "type": "Point",
        "coordinates": [
          10.8337232,
          48.4074678
        ]
      },
      "id": "way/376828684"
    },
    {
      "type": "Feature",
      "properties": {
        "@id": "way/380168693",
        "natural": "water",
        "water": "lake",
        "@geometry": "center"
      },
      "geometry": {
        "type": "Point",
        "coordinates": [
          11.9523046,
          49.3534949
        ]
      },
      "id": "way/380168693"
    },
    {
      "type": "Feature",
      "properties": {
        "@id": "way/380168722",
        "natural": "water",
        "water": "lake",
        "@geometry": "center"
      },
      "geometry": {
        "type": "Point",
        "coordinates": [
          11.9250104,
          49.356086
        ]
      },
      "id": "way/380168722"
    },
    {
      "type": "Feature",
      "properties": {
        "@id": "way/380364723",
        "natural": "water",
        "water": "lake",
        "@geometry": "center"
      },
      "geometry": {
        "type": "Point",
        "coordinates": [
          10.8097798,
          48.2536034
        ]
      },
      "id": "way/380364723"
    },
    {
      "type": "Feature",
      "properties": {
        "@id": "way/381940943",
        "name": "Selletlack",
        "natural": "water",
        "water": "lake",
        "@geometry": "center"
      },
      "geometry": {
        "type": "Point",
        "coordinates": [
          12.8582777,
          47.6100584
        ]
      },
      "id": "way/381940943"
    },
    {
      "type": "Feature",
      "properties": {
        "@id": "way/383105074",
        "aquaculture": "fish",
        "fishing": "private",
        "natural": "water",
        "usage": "fish farming",
        "water": "lake",
        "@geometry": "center"
      },
      "geometry": {
        "type": "Point",
        "coordinates": [
          10.6745617,
          50.0500547
        ]
      },
      "id": "way/383105074"
    },
    {
      "type": "Feature",
      "properties": {
        "@id": "way/384906260",
        "natural": "water",
        "water": "lake",
        "@geometry": "center"
      },
      "geometry": {
        "type": "Point",
        "coordinates": [
          10.3772762,
          49.6360493
        ]
      },
      "id": "way/384906260"
    },
    {
      "type": "Feature",
      "properties": {
        "@id": "way/387031646",
        "natural": "water",
        "water": "lake",
        "@geometry": "center"
      },
      "geometry": {
        "type": "Point",
        "coordinates": [
          11.9646913,
          49.7069077
        ]
      },
      "id": "way/387031646"
    },
    {
      "type": "Feature",
      "properties": {
        "@id": "way/387031647",
        "natural": "water",
        "water": "lake",
        "@geometry": "center"
      },
      "geometry": {
        "type": "Point",
        "coordinates": [
          11.9664735,
          49.7063869
        ]
      },
      "id": "way/387031647"
    },
    {
      "type": "Feature",
      "properties": {
        "@id": "way/387031648",
        "natural": "water",
        "water": "lake",
        "@geometry": "center"
      },
      "geometry": {
        "type": "Point",
        "coordinates": [
          11.9643723,
          49.7077417
        ]
      },
      "id": "way/387031648"
    },
    {
      "type": "Feature",
      "properties": {
        "@id": "way/387031649",
        "natural": "water",
        "water": "lake",
        "@geometry": "center"
      },
      "geometry": {
        "type": "Point",
        "coordinates": [
          11.9629207,
          49.7087698
        ]
      },
      "id": "way/387031649"
    },
    {
      "type": "Feature",
      "properties": {
        "@id": "way/387031650",
        "natural": "water",
        "water": "lake",
        "@geometry": "center"
      },
      "geometry": {
        "type": "Point",
        "coordinates": [
          11.9627839,
          49.707094
        ]
      },
      "id": "way/387031650"
    },
    {
      "type": "Feature",
      "properties": {
        "@id": "way/387646095",
        "natural": "water",
        "water": "lake",
        "@geometry": "center"
      },
      "geometry": {
        "type": "Point",
        "coordinates": [
          12.0679426,
          47.803619
        ]
      },
      "id": "way/387646095"
    },
    {
      "type": "Feature",
      "properties": {
        "@id": "way/387646096",
        "natural": "water",
        "water": "lake",
        "@geometry": "center"
      },
      "geometry": {
        "type": "Point",
        "coordinates": [
          12.0622242,
          47.7998379
        ]
      },
      "id": "way/387646096"
    },
    {
      "type": "Feature",
      "properties": {
        "@id": "way/387646097",
        "natural": "water",
        "water": "lake",
        "@geometry": "center"
      },
      "geometry": {
        "type": "Point",
        "coordinates": [
          12.068124,
          47.8008951
        ]
      },
      "id": "way/387646097"
    },
    {
      "type": "Feature",
      "properties": {
        "@id": "way/387646098",
        "natural": "water",
        "water": "lake",
        "@geometry": "center"
      },
      "geometry": {
        "type": "Point",
        "coordinates": [
          12.0671393,
          47.8034822
        ]
      },
      "id": "way/387646098"
    },
    {
      "type": "Feature",
      "properties": {
        "@id": "way/387646099",
        "natural": "water",
        "water": "lake",
        "@geometry": "center"
      },
      "geometry": {
        "type": "Point",
        "coordinates": [
          12.0607508,
          47.7989266
        ]
      },
      "id": "way/387646099"
    },
    {
      "type": "Feature",
      "properties": {
        "@id": "way/387646100",
        "natural": "water",
        "water": "lake",
        "@geometry": "center"
      },
      "geometry": {
        "type": "Point",
        "coordinates": [
          12.0617405,
          47.7991136
        ]
      },
      "id": "way/387646100"
    },
    {
      "type": "Feature",
      "properties": {
        "@id": "way/387646101",
        "natural": "water",
        "water": "lake",
        "@geometry": "center"
      },
      "geometry": {
        "type": "Point",
        "coordinates": [
          12.0625784,
          47.7990944
        ]
      },
      "id": "way/387646101"
    },
    {
      "type": "Feature",
      "properties": {
        "@id": "way/387646102",
        "natural": "water",
        "water": "lake",
        "@geometry": "center"
      },
      "geometry": {
        "type": "Point",
        "coordinates": [
          12.0602566,
          47.7961686
        ]
      },
      "id": "way/387646102"
    },
    {
      "type": "Feature",
      "properties": {
        "@id": "way/387646103",
        "natural": "water",
        "water": "lake",
        "@geometry": "center"
      },
      "geometry": {
        "type": "Point",
        "coordinates": [
          12.0611049,
          47.7975548
        ]
      },
      "id": "way/387646103"
    },
    {
      "type": "Feature",
      "properties": {
        "@id": "way/387713985",
        "natural": "water",
        "water": "lake",
        "@geometry": "center"
      },
      "geometry": {
        "type": "Point",
        "coordinates": [
          12.0489652,
          47.787841
        ]
      },
      "id": "way/387713985"
    },
    {
      "type": "Feature",
      "properties": {
        "@id": "way/387713986",
        "natural": "water",
        "water": "lake",
        "@geometry": "center"
      },
      "geometry": {
        "type": "Point",
        "coordinates": [
          12.0488816,
          47.7914998
        ]
      },
      "id": "way/387713986"
    },
    {
      "type": "Feature",
      "properties": {
        "@id": "way/387713988",
        "natural": "water",
        "water": "lake",
        "@geometry": "center"
      },
      "geometry": {
        "type": "Point",
        "coordinates": [
          12.0549265,
          47.8029649
        ]
      },
      "id": "way/387713988"
    },
    {
      "type": "Feature",
      "properties": {
        "@id": "way/387713989",
        "natural": "water",
        "water": "lake",
        "@geometry": "center"
      },
      "geometry": {
        "type": "Point",
        "coordinates": [
          12.0656251,
          47.8001394
        ]
      },
      "id": "way/387713989"
    },
    {
      "type": "Feature",
      "properties": {
        "@id": "way/387713990",
        "natural": "water",
        "water": "lake",
        "@geometry": "center"
      },
      "geometry": {
        "type": "Point",
        "coordinates": [
          12.0639888,
          47.8015898
        ]
      },
      "id": "way/387713990"
    },
    {
      "type": "Feature",
      "properties": {
        "@id": "way/387713991",
        "natural": "water",
        "water": "lake",
        "@geometry": "center"
      },
      "geometry": {
        "type": "Point",
        "coordinates": [
          12.0644434,
          47.8061326
        ]
      },
      "id": "way/387713991"
    },
    {
      "type": "Feature",
      "properties": {
        "@id": "way/387713992",
        "natural": "water",
        "water": "lake",
        "@geometry": "center"
      },
      "geometry": {
        "type": "Point",
        "coordinates": [
          12.0649328,
          47.8008238
        ]
      },
      "id": "way/387713992"
    },
    {
      "type": "Feature",
      "properties": {
        "@id": "way/387713993",
        "natural": "water",
        "water": "lake",
        "@geometry": "center"
      },
      "geometry": {
        "type": "Point",
        "coordinates": [
          12.0643182,
          47.8055691
        ]
      },
      "id": "way/387713993"
    },
    {
      "type": "Feature",
      "properties": {
        "@id": "way/387713994",
        "natural": "water",
        "water": "lake",
        "@geometry": "center"
      },
      "geometry": {
        "type": "Point",
        "coordinates": [
          12.0654829,
          47.805568
        ]
      },
      "id": "way/387713994"
    },
    {
      "type": "Feature",
      "properties": {
        "@id": "way/387713996",
        "natural": "water",
        "water": "lake",
        "@geometry": "center"
      },
      "geometry": {
        "type": "Point",
        "coordinates": [
          12.060097,
          47.8052781
        ]
      },
      "id": "way/387713996"
    },
    {
      "type": "Feature",
      "properties": {
        "@id": "way/387713997",
        "natural": "water",
        "water": "lake",
        "@geometry": "center"
      },
      "geometry": {
        "type": "Point",
        "coordinates": [
          12.0470309,
          47.7884765
        ]
      },
      "id": "way/387713997"
    },
    {
      "type": "Feature",
      "properties": {
        "@id": "way/387713999",
        "natural": "water",
        "water": "lake",
        "@geometry": "center"
      },
      "geometry": {
        "type": "Point",
        "coordinates": [
          12.0673338,
          47.8057347
        ]
      },
      "id": "way/387713999"
    },
    {
      "type": "Feature",
      "properties": {
        "@id": "way/387714001",
        "natural": "water",
        "water": "lake",
        "@geometry": "center"
      },
      "geometry": {
        "type": "Point",
        "coordinates": [
          12.0686871,
          47.805646
        ]
      },
      "id": "way/387714001"
    },
    {
      "type": "Feature",
      "properties": {
        "@id": "way/387714002",
        "natural": "water",
        "water": "lake",
        "@geometry": "center"
      },
      "geometry": {
        "type": "Point",
        "coordinates": [
          12.0571087,
          47.8053521
        ]
      },
      "id": "way/387714002"
    },
    {
      "type": "Feature",
      "properties": {
        "@id": "way/387714003",
        "natural": "water",
        "water": "lake",
        "@geometry": "center"
      },
      "geometry": {
        "type": "Point",
        "coordinates": [
          12.0505529,
          47.7860575
        ]
      },
      "id": "way/387714003"
    },
    {
      "type": "Feature",
      "properties": {
        "@id": "way/389086059",
        "fishing": "private",
        "intermittent": "no",
        "natural": "water",
        "tidal": "no",
        "water": "lake",
        "@geometry": "center"
      },
      "geometry": {
        "type": "Point",
        "coordinates": [
          10.4670071,
          48.1625135
        ]
      },
      "id": "way/389086059"
    },
    {
      "type": "Feature",
      "properties": {
        "@id": "way/389732568",
        "natural": "water",
        "water": "lake",
        "@geometry": "center"
      },
      "geometry": {
        "type": "Point",
        "coordinates": [
          10.1256064,
          50.1418673
        ]
      },
      "id": "way/389732568"
    },
    {
      "type": "Feature",
      "properties": {
        "@id": "way/389745043",
        "natural": "water",
        "water": "lake",
        "@geometry": "center"
      },
      "geometry": {
        "type": "Point",
        "coordinates": [
          11.4450138,
          49.4019561
        ]
      },
      "id": "way/389745043"
    },
    {
      "type": "Feature",
      "properties": {
        "@id": "way/390308092",
        "name": "Doosweiher",
        "natural": "water",
        "water": "lake",
        "@geometry": "center"
      },
      "geometry": {
        "type": "Point",
        "coordinates": [
          10.7344499,
          48.8937655
        ]
      },
      "id": "way/390308092"
    },
    {
      "type": "Feature",
      "properties": {
        "@id": "way/390507518",
        "natural": "water",
        "water": "lake",
        "@geometry": "center"
      },
      "geometry": {
        "type": "Point",
        "coordinates": [
          10.1480845,
          48.4435306
        ]
      },
      "id": "way/390507518"
    },
    {
      "type": "Feature",
      "properties": {
        "@id": "way/391588243",
        "natural": "water",
        "water": "lake",
        "@geometry": "center"
      },
      "geometry": {
        "type": "Point",
        "coordinates": [
          11.7704031,
          48.8128866
        ]
      },
      "id": "way/391588243"
    },
    {
      "type": "Feature",
      "properties": {
        "@id": "way/391588244",
        "natural": "water",
        "water": "lake",
        "@geometry": "center"
      },
      "geometry": {
        "type": "Point",
        "coordinates": [
          11.7710441,
          48.8129766
        ]
      },
      "id": "way/391588244"
    },
    {
      "type": "Feature",
      "properties": {
        "@id": "way/394314797",
        "natural": "water",
        "water": "lake",
        "@geometry": "center"
      },
      "geometry": {
        "type": "Point",
        "coordinates": [
          13.4407778,
          48.6503666
        ]
      },
      "id": "way/394314797"
    },
    {
      "type": "Feature",
      "properties": {
        "@id": "way/394369187",
        "natural": "water",
        "water": "lake",
        "@geometry": "center"
      },
      "geometry": {
        "type": "Point",
        "coordinates": [
          10.9270121,
          48.7148323
        ]
      },
      "id": "way/394369187"
    },
    {
      "type": "Feature",
      "properties": {
        "@id": "way/395358175",
        "natural": "water",
        "water": "lake",
        "@geometry": "center"
      },
      "geometry": {
        "type": "Point",
        "coordinates": [
          11.7693824,
          48.3820668
        ]
      },
      "id": "way/395358175"
    },
    {
      "type": "Feature",
      "properties": {
        "@id": "way/395971469",
        "natural": "water",
        "water": "lake",
        "@geometry": "center"
      },
      "geometry": {
        "type": "Point",
        "coordinates": [
          11.0751673,
          50.3165018
        ]
      },
      "id": "way/395971469"
    },
    {
      "type": "Feature",
      "properties": {
        "@id": "way/396666490",
        "natural": "water",
        "water": "lake",
        "@geometry": "center"
      },
      "geometry": {
        "type": "Point",
        "coordinates": [
          9.9839596,
          49.8986502
        ]
      },
      "id": "way/396666490"
    },
    {
      "type": "Feature",
      "properties": {
        "@id": "way/403116987",
        "natural": "water",
        "water": "lake",
        "@geometry": "center"
      },
      "geometry": {
        "type": "Point",
        "coordinates": [
          10.7278867,
          48.1808263
        ]
      },
      "id": "way/403116987"
    },
    {
      "type": "Feature",
      "properties": {
        "@id": "way/406208127",
        "ele": "1138",
        "name": "Wildensee",
        "natural": "water",
        "water": "lake",
        "wikidata": "Q14638322",
        "@geometry": "center"
      },
      "geometry": {
        "type": "Point",
        "coordinates": [
          11.2383558,
          47.4571769
        ]
      },
      "id": "way/406208127"
    },
    {
      "type": "Feature",
      "properties": {
        "@id": "way/409327985",
        "ele": "539",
        "name": "Strausensee",
        "natural": "water",
        "source": "Persönliches Gespräch mit Besitzer",
        "water": "lake",
        "@geometry": "center"
      },
      "geometry": {
        "type": "Point",
        "coordinates": [
          10.5920159,
          48.2106884
        ]
      },
      "id": "way/409327985"
    },
    {
      "type": "Feature",
      "properties": {
        "@id": "way/410544780",
        "natural": "water",
        "water": "lake",
        "@geometry": "center"
      },
      "geometry": {
        "type": "Point",
        "coordinates": [
          9.116649,
          50.1123945
        ]
      },
      "id": "way/410544780"
    },
    {
      "type": "Feature",
      "properties": {
        "@id": "way/410544782",
        "natural": "water",
        "water": "lake",
        "@geometry": "center"
      },
      "geometry": {
        "type": "Point",
        "coordinates": [
          9.0801318,
          49.9909306
        ]
      },
      "id": "way/410544782"
    },
    {
      "type": "Feature",
      "properties": {
        "@id": "way/410544784",
        "natural": "water",
        "water": "lake",
        "@geometry": "center"
      },
      "geometry": {
        "type": "Point",
        "coordinates": [
          9.0664505,
          50.0160614
        ]
      },
      "id": "way/410544784"
    },
    {
      "type": "Feature",
      "properties": {
        "@id": "way/410758633",
        "natural": "water",
        "water": "lake",
        "@geometry": "center"
      },
      "geometry": {
        "type": "Point",
        "coordinates": [
          9.0982541,
          49.9045298
        ]
      },
      "id": "way/410758633"
    },
    {
      "type": "Feature",
      "properties": {
        "@id": "way/410758634",
        "natural": "water",
        "source": "landsat",
        "water": "lake",
        "@geometry": "center"
      },
      "geometry": {
        "type": "Point",
        "coordinates": [
          9.0379055,
          50.0029198
        ]
      },
      "id": "way/410758634"
    },
    {
      "type": "Feature",
      "properties": {
        "@id": "way/410758642",
        "natural": "water",
        "water": "lake",
        "@geometry": "center"
      },
      "geometry": {
        "type": "Point",
        "coordinates": [
          9.0498068,
          49.9720282
        ]
      },
      "id": "way/410758642"
    },
    {
      "type": "Feature",
      "properties": {
        "@id": "way/410758645",
        "natural": "water",
        "water": "lake",
        "@geometry": "center"
      },
      "geometry": {
        "type": "Point",
        "coordinates": [
          9.0482957,
          49.9004932
        ]
      },
      "id": "way/410758645"
    },
    {
      "type": "Feature",
      "properties": {
        "@id": "way/410758652",
        "natural": "water",
        "water": "lake",
        "@geometry": "center"
      },
      "geometry": {
        "type": "Point",
        "coordinates": [
          9.0496552,
          49.9721231
        ]
      },
      "id": "way/410758652"
    },
    {
      "type": "Feature",
      "properties": {
        "@id": "way/410758654",
        "natural": "water",
        "water": "lake",
        "@geometry": "center"
      },
      "geometry": {
        "type": "Point",
        "coordinates": [
          9.1096006,
          49.9017289
        ]
      },
      "id": "way/410758654"
    },
    {
      "type": "Feature",
      "properties": {
        "@id": "way/410758657",
        "natural": "water",
        "water": "lake",
        "@geometry": "center"
      },
      "geometry": {
        "type": "Point",
        "coordinates": [
          9.0741948,
          49.9598622
        ]
      },
      "id": "way/410758657"
    },
    {
      "type": "Feature",
      "properties": {
        "@id": "way/410758660",
        "natural": "water",
        "water": "lake",
        "@geometry": "center"
      },
      "geometry": {
        "type": "Point",
        "coordinates": [
          9.044215,
          50.005173
        ]
      },
      "id": "way/410758660"
    },
    {
      "type": "Feature",
      "properties": {
        "@id": "way/410758661",
        "natural": "water",
        "water": "lake",
        "@geometry": "center"
      },
      "geometry": {
        "type": "Point",
        "coordinates": [
          9.0524099,
          49.9961381
        ]
      },
      "id": "way/410758661"
    },
    {
      "type": "Feature",
      "properties": {
        "@id": "way/410758663",
        "natural": "water",
        "water": "lake",
        "@geometry": "center"
      },
      "geometry": {
        "type": "Point",
        "coordinates": [
          9.0475141,
          49.9002397
        ]
      },
      "id": "way/410758663"
    },
    {
      "type": "Feature",
      "properties": {
        "@id": "way/410758666",
        "natural": "water",
        "water": "lake",
        "@geometry": "center"
      },
      "geometry": {
        "type": "Point",
        "coordinates": [
          9.0456708,
          50.0039596
        ]
      },
      "id": "way/410758666"
    },
    {
      "type": "Feature",
      "properties": {
        "@id": "way/411045069",
        "natural": "water",
        "water": "lake",
        "@geometry": "center"
      },
      "geometry": {
        "type": "Point",
        "coordinates": [
          9.0319242,
          50.0491149
        ]
      },
      "id": "way/411045069"
    },
    {
      "type": "Feature",
      "properties": {
        "@id": "way/417096748",
        "natural": "water",
        "water": "lake",
        "@geometry": "center"
      },
      "geometry": {
        "type": "Point",
        "coordinates": [
          10.7367041,
          49.9017518
        ]
      },
      "id": "way/417096748"
    },
    {
      "type": "Feature",
      "properties": {
        "@id": "way/420074463",
        "natural": "water",
        "water": "lake",
        "@geometry": "center"
      },
      "geometry": {
        "type": "Point",
        "coordinates": [
          11.2527211,
          48.0753231
        ]
      },
      "id": "way/420074463"
    },
    {
      "type": "Feature",
      "properties": {
        "@id": "way/420227485",
        "fishing": "no",
        "intermittent": "yes",
        "name": "Überlaufbecken für den Weßlinger See",
        "natural": "water",
        "salt": "no",
        "tidal": "no",
        "water": "lake",
        "@geometry": "center"
      },
      "geometry": {
        "type": "Point",
        "coordinates": [
          11.2480597,
          48.0775939
        ]
      },
      "id": "way/420227485"
    },
    {
      "type": "Feature",
      "properties": {
        "@id": "way/420909007",
        "area": "yes",
        "natural": "water",
        "water": "lake",
        "@geometry": "center"
      },
      "geometry": {
        "type": "Point",
        "coordinates": [
          10.1861065,
          49.8904941
        ]
      },
      "id": "way/420909007"
    },
    {
      "type": "Feature",
      "properties": {
        "@id": "way/421861577",
        "name": "Eschenlache",
        "natural": "water",
        "water": "lake",
        "@geometry": "center"
      },
      "geometry": {
        "type": "Point",
        "coordinates": [
          11.4767676,
          47.6222171
        ]
      },
      "id": "way/421861577"
    },
    {
      "type": "Feature",
      "properties": {
        "@id": "way/431145409",
        "depth": "32.1",
        "ele": "868",
        "name": "Alatsee",
        "natural": "water",
        "tourism": "attraction",
        "water": "lake",
        "wikidata": "Q2637108",
        "wikipedia": "de:Alatsee",
        "@geometry": "center"
      },
      "geometry": {
        "type": "Point",
        "coordinates": [
          10.6399031,
          47.5612132
        ]
      },
      "id": "way/431145409"
    },
    {
      "type": "Feature",
      "properties": {
        "@id": "way/436287535",
        "natural": "water",
        "water": "lake",
        "@geometry": "center"
      },
      "geometry": {
        "type": "Point",
        "coordinates": [
          11.5864299,
          47.8357349
        ]
      },
      "id": "way/436287535"
    },
    {
      "type": "Feature",
      "properties": {
        "@id": "way/437357449",
        "natural": "water",
        "water": "lake",
        "@geometry": "center"
      },
      "geometry": {
        "type": "Point",
        "coordinates": [
          12.4397462,
          47.989472
        ]
      },
      "id": "way/437357449"
    },
    {
      "type": "Feature",
      "properties": {
        "@id": "way/440757653",
        "name": "Badeteich",
        "natural": "water",
        "sport": "swimming",
        "water": "lake",
        "@geometry": "center"
      },
      "geometry": {
        "type": "Point",
        "coordinates": [
          10.8378743,
          50.1939903
        ]
      },
      "id": "way/440757653"
    },
    {
      "type": "Feature",
      "properties": {
        "@id": "way/441838512",
        "intermittent": "no",
        "name": "Scheinbergsee",
        "natural": "water",
        "salt": "no",
        "tidal": "no",
        "water": "lake",
        "@geometry": "center"
      },
      "geometry": {
        "type": "Point",
        "coordinates": [
          10.2799455,
          49.6132951
        ]
      },
      "id": "way/441838512"
    },
    {
      "type": "Feature",
      "properties": {
        "@id": "way/443996776",
        "name": "Weißer See",
        "natural": "water",
        "water": "lake",
        "@geometry": "center"
      },
      "geometry": {
        "type": "Point",
        "coordinates": [
          10.7873618,
          50.0601196
        ]
      },
      "id": "way/443996776"
    },
    {
      "type": "Feature",
      "properties": {
        "@id": "way/446435420",
        "natural": "water",
        "water": "lake",
        "@geometry": "center"
      },
      "geometry": {
        "type": "Point",
        "coordinates": [
          12.2678842,
          48.0748054
        ]
      },
      "id": "way/446435420"
    },
    {
      "type": "Feature",
      "properties": {
        "@id": "way/447622120",
        "natural": "water",
        "water": "lake",
        "@geometry": "center"
      },
      "geometry": {
        "type": "Point",
        "coordinates": [
          11.6667145,
          50.0938268
        ]
      },
      "id": "way/447622120"
    },
    {
      "type": "Feature",
      "properties": {
        "@id": "way/452993694",
        "natural": "water",
        "water": "lake",
        "@geometry": "center"
      },
      "geometry": {
        "type": "Point",
        "coordinates": [
          9.2067741,
          49.993649
        ]
      },
      "id": "way/452993694"
    },
    {
      "type": "Feature",
      "properties": {
        "@id": "way/457146771",
        "natural": "water",
        "water": "lake",
        "@geometry": "center"
      },
      "geometry": {
        "type": "Point",
        "coordinates": [
          9.3009156,
          50.1223561
        ]
      },
      "id": "way/457146771"
    },
    {
      "type": "Feature",
      "properties": {
        "@id": "way/457239199",
        "natural": "water",
        "water": "lake",
        "@geometry": "center"
      },
      "geometry": {
        "type": "Point",
        "coordinates": [
          9.3161723,
          50.1168503
        ]
      },
      "id": "way/457239199"
    },
    {
      "type": "Feature",
      "properties": {
        "@id": "way/457239200",
        "natural": "water",
        "water": "lake",
        "@geometry": "center"
      },
      "geometry": {
        "type": "Point",
        "coordinates": [
          9.3152308,
          50.1181428
        ]
      },
      "id": "way/457239200"
    },
    {
      "type": "Feature",
      "properties": {
        "@id": "way/459069671",
        "natural": "water",
        "water": "lake",
        "@geometry": "center"
      },
      "geometry": {
        "type": "Point",
        "coordinates": [
          11.1895838,
          50.169819
        ]
      },
      "id": "way/459069671"
    },
    {
      "type": "Feature",
      "properties": {
        "@id": "way/459069730",
        "natural": "water",
        "water": "lake",
        "@geometry": "center"
      },
      "geometry": {
        "type": "Point",
        "coordinates": [
          11.191351,
          50.171149
        ]
      },
      "id": "way/459069730"
    },
    {
      "type": "Feature",
      "properties": {
        "@id": "way/461455766",
        "natural": "water",
        "water": "lake",
        "@geometry": "center"
      },
      "geometry": {
        "type": "Point",
        "coordinates": [
          12.1169664,
          49.3762853
        ]
      },
      "id": "way/461455766"
    },
    {
      "type": "Feature",
      "properties": {
        "@id": "way/461621821",
        "natural": "water",
        "water": "lake",
        "@geometry": "center"
      },
      "geometry": {
        "type": "Point",
        "coordinates": [
          10.3497931,
          49.0914262
        ]
      },
      "id": "way/461621821"
    },
    {
      "type": "Feature",
      "properties": {
        "@id": "way/461699807",
        "natural": "water",
        "water": "lake",
        "@geometry": "center"
      },
      "geometry": {
        "type": "Point",
        "coordinates": [
          12.1704533,
          48.4027411
        ]
      },
      "id": "way/461699807"
    },
    {
      "type": "Feature",
      "properties": {
        "@id": "way/464542992",
        "natural": "water",
        "water": "lake",
        "@geometry": "center"
      },
      "geometry": {
        "type": "Point",
        "coordinates": [
          11.9097658,
          49.3895899
        ]
      },
      "id": "way/464542992"
    },
    {
      "type": "Feature",
      "properties": {
        "@id": "way/464567164",
        "natural": "water",
        "water": "lake",
        "@geometry": "center"
      },
      "geometry": {
        "type": "Point",
        "coordinates": [
          11.4448338,
          48.7848484
        ]
      },
      "id": "way/464567164"
    },
    {
      "type": "Feature",
      "properties": {
        "@id": "way/475828813",
        "natural": "water",
        "water": "lake",
        "@geometry": "center"
      },
      "geometry": {
        "type": "Point",
        "coordinates": [
          9.6024053,
          49.7920874
        ]
      },
      "id": "way/475828813"
    },
    {
      "type": "Feature",
      "properties": {
        "@id": "way/475828814",
        "natural": "water",
        "water": "lake",
        "@geometry": "center"
      },
      "geometry": {
        "type": "Point",
        "coordinates": [
          9.5998428,
          49.7908091
        ]
      },
      "id": "way/475828814"
    },
    {
      "type": "Feature",
      "properties": {
        "@id": "way/476938585",
        "ele": "729",
        "name": "Biesenweiher",
        "natural": "water",
        "water": "lake",
        "wikidata": "Q24045418",
        "@geometry": "center"
      },
      "geometry": {
        "type": "Point",
        "coordinates": [
          10.0452897,
          47.6764628
        ]
      },
      "id": "way/476938585"
    },
    {
      "type": "Feature",
      "properties": {
        "@id": "way/480043925",
        "name": "Schenkenauer Weiher",
        "natural": "water",
        "water": "lake",
        "@geometry": "center"
      },
      "geometry": {
        "type": "Point",
        "coordinates": [
          11.3744141,
          48.5871749
        ]
      },
      "id": "way/480043925"
    },
    {
      "type": "Feature",
      "properties": {
        "@id": "way/480072512",
        "natural": "water",
        "water": "lake",
        "@geometry": "center"
      },
      "geometry": {
        "type": "Point",
        "coordinates": [
          12.0597477,
          47.8041029
        ]
      },
      "id": "way/480072512"
    },
    {
      "type": "Feature",
      "properties": {
        "@id": "way/480072513",
        "natural": "water",
        "water": "lake",
        "@geometry": "center"
      },
      "geometry": {
        "type": "Point",
        "coordinates": [
          12.0651723,
          47.8031715
        ]
      },
      "id": "way/480072513"
    },
    {
      "type": "Feature",
      "properties": {
        "@id": "way/481096984",
        "natural": "water",
        "water": "lake",
        "@geometry": "center"
      },
      "geometry": {
        "type": "Point",
        "coordinates": [
          12.0576833,
          47.7930516
        ]
      },
      "id": "way/481096984"
    },
    {
      "type": "Feature",
      "properties": {
        "@id": "way/482550371",
        "natural": "water",
        "water": "lake",
        "@geometry": "center"
      },
      "geometry": {
        "type": "Point",
        "coordinates": [
          10.9594729,
          49.2012002
        ]
      },
      "id": "way/482550371"
    },
    {
      "type": "Feature",
      "properties": {
        "@id": "way/490976222",
        "natural": "water",
        "water": "lake",
        "@geometry": "center"
      },
      "geometry": {
        "type": "Point",
        "coordinates": [
          11.340704,
          48.2307169
        ]
      },
      "id": "way/490976222"
    },
    {
      "type": "Feature",
      "properties": {
        "@id": "way/491145996",
        "natural": "water",
        "water": "lake",
        "@geometry": "center"
      },
      "geometry": {
        "type": "Point",
        "coordinates": [
          12.0636377,
          47.8067915
        ]
      },
      "id": "way/491145996"
    },
    {
      "type": "Feature",
      "properties": {
        "@id": "way/491145997",
        "natural": "water",
        "water": "lake",
        "@geometry": "center"
      },
      "geometry": {
        "type": "Point",
        "coordinates": [
          12.0655957,
          47.8065464
        ]
      },
      "id": "way/491145997"
    },
    {
      "type": "Feature",
      "properties": {
        "@id": "way/491145998",
        "natural": "water",
        "water": "lake",
        "@geometry": "center"
      },
      "geometry": {
        "type": "Point",
        "coordinates": [
          12.0581929,
          47.8068383
        ]
      },
      "id": "way/491145998"
    },
    {
      "type": "Feature",
      "properties": {
        "@id": "way/495045716",
        "natural": "water",
        "water": "lake",
        "@geometry": "center"
      },
      "geometry": {
        "type": "Point",
        "coordinates": [
          9.9316782,
          50.3306556
        ]
      },
      "id": "way/495045716"
    },
    {
      "type": "Feature",
      "properties": {
        "@id": "way/496186687",
        "natural": "water",
        "water": "lake",
        "@geometry": "center"
      },
      "geometry": {
        "type": "Point",
        "coordinates": [
          10.7145038,
          48.3646962
        ]
      },
      "id": "way/496186687"
    },
    {
      "type": "Feature",
      "properties": {
        "@id": "way/496655681",
        "natural": "water",
        "water": "lake",
        "@geometry": "center"
      },
      "geometry": {
        "type": "Point",
        "coordinates": [
          10.4927173,
          48.556275
        ]
      },
      "id": "way/496655681"
    },
    {
      "type": "Feature",
      "properties": {
        "@id": "way/496655682",
        "natural": "water",
        "water": "lake",
        "@geometry": "center"
      },
      "geometry": {
        "type": "Point",
        "coordinates": [
          10.4926087,
          48.5555169
        ]
      },
      "id": "way/496655682"
    },
    {
      "type": "Feature",
      "properties": {
        "@id": "way/502967702",
        "natural": "water",
        "water": "lake",
        "@geometry": "center"
      },
      "geometry": {
        "type": "Point",
        "coordinates": [
          9.2376703,
          49.7169083
        ]
      },
      "id": "way/502967702"
    },
    {
      "type": "Feature",
      "properties": {
        "@id": "way/503470020",
        "intermittent": "yes",
        "natural": "water",
        "water": "lake",
        "@geometry": "center"
      },
      "geometry": {
        "type": "Point",
        "coordinates": [
          9.5977099,
          49.8580607
        ]
      },
      "id": "way/503470020"
    },
    {
      "type": "Feature",
      "properties": {
        "@id": "way/503548458",
        "natural": "water",
        "water": "lake",
        "@geometry": "center"
      },
      "geometry": {
        "type": "Point",
        "coordinates": [
          11.9659265,
          49.7048085
        ]
      },
      "id": "way/503548458"
    },
    {
      "type": "Feature",
      "properties": {
        "@id": "way/507895387",
        "natural": "water",
        "water": "lake",
        "@geometry": "center"
      },
      "geometry": {
        "type": "Point",
        "coordinates": [
          10.2311968,
          49.8127055
        ]
      },
      "id": "way/507895387"
    },
    {
      "type": "Feature",
      "properties": {
        "@id": "way/509800629",
        "natural": "water",
        "water": "lake",
        "@geometry": "center"
      },
      "geometry": {
        "type": "Point",
        "coordinates": [
          12.1283309,
          48.1745183
        ]
      },
      "id": "way/509800629"
    },
    {
      "type": "Feature",
      "properties": {
        "@id": "way/511071761",
        "access": "private",
        "natural": "water",
        "source": "Landsat",
        "water": "lake",
        "@geometry": "center"
      },
      "geometry": {
        "type": "Point",
        "coordinates": [
          12.8776314,
          48.8230888
        ]
      },
      "id": "way/511071761"
    },
    {
      "type": "Feature",
      "properties": {
        "@id": "way/512549120",
        "natural": "water",
        "water": "lake",
        "@geometry": "center"
      },
      "geometry": {
        "type": "Point",
        "coordinates": [
          13.6128023,
          48.7674902
        ]
      },
      "id": "way/512549120"
    },
    {
      "type": "Feature",
      "properties": {
        "@id": "way/526810635",
        "natural": "water",
        "source": "Bayern (80 cm)",
        "water": "lake",
        "@geometry": "center"
      },
      "geometry": {
        "type": "Point",
        "coordinates": [
          12.1455536,
          48.9952551
        ]
      },
      "id": "way/526810635"
    },
    {
      "type": "Feature",
      "properties": {
        "@id": "way/543633536",
        "natural": "water",
        "water": "lake",
        "@geometry": "center"
      },
      "geometry": {
        "type": "Point",
        "coordinates": [
          13.2906849,
          48.6782849
        ]
      },
      "id": "way/543633536"
    },
    {
      "type": "Feature",
      "properties": {
        "@id": "way/547711787",
        "natural": "water",
        "water": "lake",
        "@geometry": "center"
      },
      "geometry": {
        "type": "Point",
        "coordinates": [
          11.6219846,
          49.5801588
        ]
      },
      "id": "way/547711787"
    },
    {
      "type": "Feature",
      "properties": {
        "@id": "way/547713770",
        "natural": "water",
        "water": "lake",
        "@geometry": "center"
      },
      "geometry": {
        "type": "Point",
        "coordinates": [
          11.6188911,
          49.5796346
        ]
      },
      "id": "way/547713770"
    },
    {
      "type": "Feature",
      "properties": {
        "@id": "way/547946343",
        "natural": "water",
        "water": "lake",
        "@geometry": "center"
      },
      "geometry": {
        "type": "Point",
        "coordinates": [
          11.6222698,
          49.5806971
        ]
      },
      "id": "way/547946343"
    },
    {
      "type": "Feature",
      "properties": {
        "@id": "way/547947202",
        "natural": "water",
        "water": "lake",
        "@geometry": "center"
      },
      "geometry": {
        "type": "Point",
        "coordinates": [
          11.6206435,
          49.5790729
        ]
      },
      "id": "way/547947202"
    },
    {
      "type": "Feature",
      "properties": {
        "@id": "way/547955683",
        "natural": "water",
        "water": "lake",
        "@geometry": "center"
      },
      "geometry": {
        "type": "Point",
        "coordinates": [
          11.6156339,
          49.5793651
        ]
      },
      "id": "way/547955683"
    },
    {
      "type": "Feature",
      "properties": {
        "@id": "way/549152334",
        "natural": "water",
        "water": "lake",
        "@geometry": "center"
      },
      "geometry": {
        "type": "Point",
        "coordinates": [
          11.7392168,
          49.6040754
        ]
      },
      "id": "way/549152334"
    },
    {
      "type": "Feature",
      "properties": {
        "@id": "way/550135260",
        "name": "Günzelsee",
        "natural": "water",
        "water": "lake",
        "@geometry": "center"
      },
      "geometry": {
        "type": "Point",
        "coordinates": [
          9.4561503,
          49.9893587
        ]
      },
      "id": "way/550135260"
    },
    {
      "type": "Feature",
      "properties": {
        "@id": "way/550268095",
        "natural": "water",
        "water": "lake",
        "@geometry": "center"
      },
      "geometry": {
        "type": "Point",
        "coordinates": [
          11.9694252,
          50.0278826
        ]
      },
      "id": "way/550268095"
    },
    {
      "type": "Feature",
      "properties": {
        "@id": "way/550455934",
        "natural": "water",
        "water": "lake",
        "@geometry": "center"
      },
      "geometry": {
        "type": "Point",
        "coordinates": [
          12.170282,
          49.4518034
        ]
      },
      "id": "way/550455934"
    },
    {
      "type": "Feature",
      "properties": {
        "@id": "way/550471518",
        "natural": "water",
        "water": "lake",
        "@geometry": "center"
      },
      "geometry": {
        "type": "Point",
        "coordinates": [
          11.9640315,
          50.0180376
        ]
      },
      "id": "way/550471518"
    },
    {
      "type": "Feature",
      "properties": {
        "@id": "way/551654072",
        "intermittent": "yes",
        "natural": "water",
        "water": "lake",
        "@geometry": "center"
      },
      "geometry": {
        "type": "Point",
        "coordinates": [
          10.8711984,
          47.5648648
        ]
      },
      "id": "way/551654072"
    },
    {
      "type": "Feature",
      "properties": {
        "@id": "way/554985608",
        "natural": "water",
        "water": "lake",
        "@geometry": "center"
      },
      "geometry": {
        "type": "Point",
        "coordinates": [
          13.1127311,
          48.6882352
        ]
      },
      "id": "way/554985608"
    },
    {
      "type": "Feature",
      "properties": {
        "@id": "way/556431276",
        "natural": "water",
        "water": "lake",
        "@geometry": "center"
      },
      "geometry": {
        "type": "Point",
        "coordinates": [
          11.2376195,
          48.73461
        ]
      },
      "id": "way/556431276"
    },
    {
      "type": "Feature",
      "properties": {
        "@id": "way/556445308",
        "natural": "water",
        "water": "lake",
        "@geometry": "center"
      },
      "geometry": {
        "type": "Point",
        "coordinates": [
          10.3865353,
          50.4187628
        ]
      },
      "id": "way/556445308"
    },
    {
      "type": "Feature",
      "properties": {
        "@id": "way/560829440",
        "natural": "water",
        "water": "lake",
        "@geometry": "center"
      },
      "geometry": {
        "type": "Point",
        "coordinates": [
          11.3388633,
          48.7886814
        ]
      },
      "id": "way/560829440"
    },
    {
      "type": "Feature",
      "properties": {
        "@id": "way/561609748",
        "natural": "water",
        "water": "lake",
        "@geometry": "center"
      },
      "geometry": {
        "type": "Point",
        "coordinates": [
          12.7285728,
          48.2525793
        ]
      },
      "id": "way/561609748"
    },
    {
      "type": "Feature",
      "properties": {
        "@id": "way/569420617",
        "intermittent": "yes",
        "name": "Biotop",
        "natural": "water",
        "water": "lake",
        "@geometry": "center"
      },
      "geometry": {
        "type": "Point",
        "coordinates": [
          9.5137095,
          50.0865453
        ]
      },
      "id": "way/569420617"
    },
    {
      "type": "Feature",
      "properties": {
        "@id": "way/575590776",
        "natural": "water",
        "water": "lake",
        "@geometry": "center"
      },
      "geometry": {
        "type": "Point",
        "coordinates": [
          12.055886,
          47.7965114
        ]
      },
      "id": "way/575590776"
    },
    {
      "type": "Feature",
      "properties": {
        "@id": "way/575590777",
        "natural": "water",
        "water": "lake",
        "@geometry": "center"
      },
      "geometry": {
        "type": "Point",
        "coordinates": [
          12.0576052,
          47.7967173
        ]
      },
      "id": "way/575590777"
    },
    {
      "type": "Feature",
      "properties": {
        "@id": "way/575590778",
        "natural": "water",
        "water": "lake",
        "@geometry": "center"
      },
      "geometry": {
        "type": "Point",
        "coordinates": [
          12.0587829,
          47.7971427
        ]
      },
      "id": "way/575590778"
    },
    {
      "type": "Feature",
      "properties": {
        "@id": "way/576982152",
        "natural": "water",
        "water": "lake",
        "@geometry": "center"
      },
      "geometry": {
        "type": "Point",
        "coordinates": [
          10.0131325,
          49.8341077
        ]
      },
      "id": "way/576982152"
    },
    {
      "type": "Feature",
      "properties": {
        "@id": "way/578203844",
        "natural": "water",
        "water": "lake",
        "@geometry": "center"
      },
      "geometry": {
        "type": "Point",
        "coordinates": [
          10.0386628,
          49.8491976
        ]
      },
      "id": "way/578203844"
    },
    {
      "type": "Feature",
      "properties": {
        "@id": "way/578661527",
        "natural": "water",
        "water": "lake",
        "@geometry": "center"
      },
      "geometry": {
        "type": "Point",
        "coordinates": [
          10.8521238,
          50.0582186
        ]
      },
      "id": "way/578661527"
    },
    {
      "type": "Feature",
      "properties": {
        "@id": "way/589734240",
        "natural": "water",
        "water": "lake",
        "@geometry": "center"
      },
      "geometry": {
        "type": "Point",
        "coordinates": [
          10.7282219,
          48.7183632
        ]
      },
      "id": "way/589734240"
    },
    {
      "type": "Feature",
      "properties": {
        "@id": "way/591397473",
        "natural": "water",
        "water": "lake",
        "@geometry": "center"
      },
      "geometry": {
        "type": "Point",
        "coordinates": [
          10.4853882,
          48.6539106
        ]
      },
      "id": "way/591397473"
    },
    {
      "type": "Feature",
      "properties": {
        "@id": "way/603955830",
        "natural": "water",
        "water": "lake",
        "@geometry": "center"
      },
      "geometry": {
        "type": "Point",
        "coordinates": [
          12.5785156,
          47.9034144
        ]
      },
      "id": "way/603955830"
    },
    {
      "type": "Feature",
      "properties": {
        "@id": "way/603955831",
        "natural": "water",
        "water": "lake",
        "@geometry": "center"
      },
      "geometry": {
        "type": "Point",
        "coordinates": [
          12.5781521,
          47.9044959
        ]
      },
      "id": "way/603955831"
    },
    {
      "type": "Feature",
      "properties": {
        "@id": "way/605295099",
        "natural": "water",
        "water": "lake",
        "@geometry": "center"
      },
      "geometry": {
        "type": "Point",
        "coordinates": [
          10.3556309,
          49.9625633
        ]
      },
      "id": "way/605295099"
    },
    {
      "type": "Feature",
      "properties": {
        "@id": "way/605295100",
        "natural": "water",
        "water": "lake",
        "@geometry": "center"
      },
      "geometry": {
        "type": "Point",
        "coordinates": [
          10.3565535,
          49.9620665
        ]
      },
      "id": "way/605295100"
    },
    {
      "type": "Feature",
      "properties": {
        "@id": "way/608015939",
        "natural": "water",
        "water": "lake",
        "@geometry": "center"
      },
      "geometry": {
        "type": "Point",
        "coordinates": [
          10.4159822,
          50.3868018
        ]
      },
      "id": "way/608015939"
    },
    {
      "type": "Feature",
      "properties": {
        "@id": "way/616767105",
        "natural": "water",
        "water": "lake",
        "@geometry": "center"
      },
      "geometry": {
        "type": "Point",
        "coordinates": [
          10.2092774,
          47.699733
        ]
      },
      "id": "way/616767105"
    },
    {
      "type": "Feature",
      "properties": {
        "@id": "way/618014955",
        "natural": "water",
        "water": "lake",
        "@geometry": "center"
      },
      "geometry": {
        "type": "Point",
        "coordinates": [
          10.226147,
          49.7945916
        ]
      },
      "id": "way/618014955"
    },
    {
      "type": "Feature",
      "properties": {
        "@id": "way/632148504",
        "natural": "water",
        "water": "lake",
        "@geometry": "center"
      },
      "geometry": {
        "type": "Point",
        "coordinates": [
          10.8748405,
          49.3018773
        ]
      },
      "id": "way/632148504"
    },
    {
      "type": "Feature",
      "properties": {
        "@id": "way/632148507",
        "natural": "water",
        "water": "lake",
        "@geometry": "center"
      },
      "geometry": {
        "type": "Point",
        "coordinates": [
          10.8753671,
          49.30155
        ]
      },
      "id": "way/632148507"
    },
    {
      "type": "Feature",
      "properties": {
        "@id": "way/632237329",
        "natural": "water",
        "water": "lake",
        "@geometry": "center"
      },
      "geometry": {
        "type": "Point",
        "coordinates": [
          10.8522769,
          49.2948697
        ]
      },
      "id": "way/632237329"
    },
    {
      "type": "Feature",
      "properties": {
        "@id": "way/633880880",
        "natural": "water",
        "water": "lake",
        "@geometry": "center"
      },
      "geometry": {
        "type": "Point",
        "coordinates": [
          10.8016584,
          49.2518267
        ]
      },
      "id": "way/633880880"
    },
    {
      "type": "Feature",
      "properties": {
        "@id": "way/634350193",
        "intermittent": "yes",
        "name": "Oberer Badersee",
        "natural": "water",
        "salt": "no",
        "tidal": "yes",
        "water": "lake",
        "@geometry": "center"
      },
      "geometry": {
        "type": "Point",
        "coordinates": [
          10.3065865,
          49.6136829
        ]
      },
      "id": "way/634350193"
    },
    {
      "type": "Feature",
      "properties": {
        "@id": "way/636955812",
        "natural": "water",
        "water": "lake",
        "@geometry": "center"
      },
      "geometry": {
        "type": "Point",
        "coordinates": [
          10.6700398,
          49.2130771
        ]
      },
      "id": "way/636955812"
    },
    {
      "type": "Feature",
      "properties": {
        "@id": "way/636955813",
        "natural": "water",
        "water": "lake",
        "@geometry": "center"
      },
      "geometry": {
        "type": "Point",
        "coordinates": [
          10.6711774,
          49.2123282
        ]
      },
      "id": "way/636955813"
    },
    {
      "type": "Feature",
      "properties": {
        "@id": "way/636955814",
        "natural": "water",
        "water": "lake",
        "@geometry": "center"
      },
      "geometry": {
        "type": "Point",
        "coordinates": [
          10.6718909,
          49.2117971
        ]
      },
      "id": "way/636955814"
    },
    {
      "type": "Feature",
      "properties": {
        "@id": "way/646347067",
        "natural": "water",
        "water": "lake",
        "@geometry": "center"
      },
      "geometry": {
        "type": "Point",
        "coordinates": [
          10.2000901,
          48.3795675
        ]
      },
      "id": "way/646347067"
    },
    {
      "type": "Feature",
      "properties": {
        "@id": "way/646347071",
        "natural": "water",
        "water": "lake",
        "@geometry": "center"
      },
      "geometry": {
        "type": "Point",
        "coordinates": [
          10.2011916,
          48.3785735
        ]
      },
      "id": "way/646347071"
    },
    {
      "type": "Feature",
      "properties": {
        "@id": "way/646347075",
        "natural": "water",
        "water": "lake",
        "@geometry": "center"
      },
      "geometry": {
        "type": "Point",
        "coordinates": [
          10.2022502,
          48.3774859
        ]
      },
      "id": "way/646347075"
    },
    {
      "type": "Feature",
      "properties": {
        "@id": "way/663281091",
        "natural": "water",
        "water": "lake",
        "@geometry": "center"
      },
      "geometry": {
        "type": "Point",
        "coordinates": [
          10.274996,
          50.4891708
        ]
      },
      "id": "way/663281091"
    },
    {
      "type": "Feature",
      "properties": {
        "@id": "way/666921923",
        "intermittent": "no",
        "name": "Kaltengrundsee",
        "natural": "water",
        "water": "lake",
        "@geometry": "center"
      },
      "geometry": {
        "type": "Point",
        "coordinates": [
          9.396067,
          49.9965728
        ]
      },
      "id": "way/666921923"
    },
    {
      "type": "Feature",
      "properties": {
        "@id": "way/666921924",
        "intermittent": "yes",
        "natural": "water",
        "water": "lake",
        "@geometry": "center"
      },
      "geometry": {
        "type": "Point",
        "coordinates": [
          9.4000203,
          49.9956554
        ]
      },
      "id": "way/666921924"
    },
    {
      "type": "Feature",
      "properties": {
        "@id": "way/669889028",
        "natural": "water",
        "water": "lake",
        "@geometry": "center"
      },
      "geometry": {
        "type": "Point",
        "coordinates": [
          10.5597936,
          49.0512031
        ]
      },
      "id": "way/669889028"
    },
    {
      "type": "Feature",
      "properties": {
        "@id": "way/671135236",
        "natural": "water",
        "water": "lake",
        "@geometry": "center"
      },
      "geometry": {
        "type": "Point",
        "coordinates": [
          10.2493523,
          50.0095541
        ]
      },
      "id": "way/671135236"
    },
    {
      "type": "Feature",
      "properties": {
        "@id": "way/672614061",
        "natural": "water",
        "water": "lake",
        "@geometry": "center"
      },
      "geometry": {
        "type": "Point",
        "coordinates": [
          11.0230791,
          49.1836794
        ]
      },
      "id": "way/672614061"
    },
    {
      "type": "Feature",
      "properties": {
        "@id": "way/690418423",
        "natural": "water",
        "water": "lake",
        "@geometry": "center"
      },
      "geometry": {
        "type": "Point",
        "coordinates": [
          13.5534239,
          48.9290992
        ]
      },
      "id": "way/690418423"
    },
    {
      "type": "Feature",
      "properties": {
        "@id": "way/690420918",
        "natural": "water",
        "water": "lake",
        "@geometry": "center"
      },
      "geometry": {
        "type": "Point",
        "coordinates": [
          13.5692105,
          48.8933385
        ]
      },
      "id": "way/690420918"
    },
    {
      "type": "Feature",
      "properties": {
        "@id": "way/690420919",
        "natural": "water",
        "water": "lake",
        "@geometry": "center"
      },
      "geometry": {
        "type": "Point",
        "coordinates": [
          13.567903,
          48.8941226
        ]
      },
      "id": "way/690420919"
    },
    {
      "type": "Feature",
      "properties": {
        "@id": "way/690420923",
        "natural": "water",
        "water": "lake",
        "@geometry": "center"
      },
      "geometry": {
        "type": "Point",
        "coordinates": [
          13.5694924,
          48.8926596
        ]
      },
      "id": "way/690420923"
    },
    {
      "type": "Feature",
      "properties": {
        "@id": "way/690420924",
        "natural": "water",
        "water": "lake",
        "@geometry": "center"
      },
      "geometry": {
        "type": "Point",
        "coordinates": [
          13.5696683,
          48.8928019
        ]
      },
      "id": "way/690420924"
    },
    {
      "type": "Feature",
      "properties": {
        "@id": "way/690450845",
        "natural": "water",
        "water": "lake",
        "@geometry": "center"
      },
      "geometry": {
        "type": "Point",
        "coordinates": [
          13.5635977,
          48.9106774
        ]
      },
      "id": "way/690450845"
    },
    {
      "type": "Feature",
      "properties": {
        "@id": "way/690450847",
        "natural": "water",
        "water": "lake",
        "@geometry": "center"
      },
      "geometry": {
        "type": "Point",
        "coordinates": [
          13.5630395,
          48.9114433
        ]
      },
      "id": "way/690450847"
    },
    {
      "type": "Feature",
      "properties": {
        "@id": "way/690450849",
        "natural": "water",
        "water": "lake",
        "@geometry": "center"
      },
      "geometry": {
        "type": "Point",
        "coordinates": [
          13.562779,
          48.9121067
        ]
      },
      "id": "way/690450849"
    },
    {
      "type": "Feature",
      "properties": {
        "@id": "way/696192216",
        "natural": "water",
        "water": "lake",
        "@geometry": "center"
      },
      "geometry": {
        "type": "Point",
        "coordinates": [
          11.407265,
          47.8925677
        ]
      },
      "id": "way/696192216"
    },
    {
      "type": "Feature",
      "properties": {
        "@id": "way/696195067",
        "natural": "water",
        "water": "lake",
        "@geometry": "center"
      },
      "geometry": {
        "type": "Point",
        "coordinates": [
          11.4124841,
          47.8972938
        ]
      },
      "id": "way/696195067"
    },
    {
      "type": "Feature",
      "properties": {
        "@id": "way/696195341",
        "natural": "water",
        "water": "lake",
        "@geometry": "center"
      },
      "geometry": {
        "type": "Point",
        "coordinates": [
          11.4116247,
          47.8974314
        ]
      },
      "id": "way/696195341"
    },
    {
      "type": "Feature",
      "properties": {
        "@id": "way/696196982",
        "natural": "water",
        "water": "lake",
        "@geometry": "center"
      },
      "geometry": {
        "type": "Point",
        "coordinates": [
          11.4096129,
          47.8958789
        ]
      },
      "id": "way/696196982"
    },
    {
      "type": "Feature",
      "properties": {
        "@id": "way/697504086",
        "natural": "water",
        "water": "lake",
        "@geometry": "center"
      },
      "geometry": {
        "type": "Point",
        "coordinates": [
          12.3031758,
          49.19312
        ]
      },
      "id": "way/697504086"
    },
    {
      "type": "Feature",
      "properties": {
        "@id": "way/697850005",
        "intermittent": "yes",
        "name": "Vereiner See",
        "natural": "water",
        "salt": "no",
        "water": "lake",
        "@geometry": "center"
      },
      "geometry": {
        "type": "Point",
        "coordinates": [
          11.3518724,
          47.4677915
        ]
      },
      "id": "way/697850005"
    },
    {
      "type": "Feature",
      "properties": {
        "@id": "way/699083183",
        "natural": "water",
        "water": "lake",
        "@geometry": "center"
      },
      "geometry": {
        "type": "Point",
        "coordinates": [
          10.295305,
          49.6212731
        ]
      },
      "id": "way/699083183"
    },
    {
      "type": "Feature",
      "properties": {
        "@id": "way/699880027",
        "fishing": "licence",
        "intermittent": "no",
        "name": "Egerbuck",
        "natural": "water",
        "salt": "no",
        "tidal": "no",
        "water": "lake",
        "@geometry": "center"
      },
      "geometry": {
        "type": "Point",
        "coordinates": [
          10.8049376,
          48.7695312
        ]
      },
      "id": "way/699880027"
    },
    {
      "type": "Feature",
      "properties": {
        "@id": "way/714404469",
        "intermittent": "no",
        "natural": "water",
        "salt": "no",
        "tidal": "no",
        "water": "lake",
        "@geometry": "center"
      },
      "geometry": {
        "type": "Point",
        "coordinates": [
          12.9814628,
          47.6166729
        ]
      },
      "id": "way/714404469"
    },
    {
      "type": "Feature",
      "properties": {
        "@id": "way/728884696",
        "natural": "water",
        "water": "lake",
        "@geometry": "center"
      },
      "geometry": {
        "type": "Point",
        "coordinates": [
          10.2045827,
          49.8597635
        ]
      },
      "id": "way/728884696"
    },
    {
      "type": "Feature",
      "properties": {
        "@id": "way/732946922",
        "name": "Oberer Tierweiher",
        "natural": "water",
        "water": "lake",
        "@geometry": "center"
      },
      "geometry": {
        "type": "Point",
        "coordinates": [
          10.4592755,
          49.3330555
        ]
      },
      "id": "way/732946922"
    },
    {
      "type": "Feature",
      "properties": {
        "@id": "way/733288518",
        "intermittent": "no",
        "name": "Kids Beach",
        "natural": "water",
        "salt": "no",
        "water": "lake",
        "@geometry": "center"
      },
      "geometry": {
        "type": "Point",
        "coordinates": [
          10.3219716,
          49.3485817
        ]
      },
      "id": "way/733288518"
    },
    {
      "type": "Feature",
      "properties": {
        "@id": "way/745743849",
        "intermittent": "no",
        "natural": "water",
        "water": "lake",
        "@geometry": "center"
      },
      "geometry": {
        "type": "Point",
        "coordinates": [
          11.2301174,
          48.1908203
        ]
      },
      "id": "way/745743849"
    },
    {
      "type": "Feature",
      "properties": {
        "@id": "way/748638187",
        "natural": "water",
        "water": "lake",
        "@geometry": "center"
      },
      "geometry": {
        "type": "Point",
        "coordinates": [
          10.3209992,
          49.3499474
        ]
      },
      "id": "way/748638187"
    },
    {
      "type": "Feature",
      "properties": {
        "@id": "way/748638188",
        "intermittent": "no",
        "natural": "water",
        "salt": "no",
        "water": "lake",
        "@geometry": "center"
      },
      "geometry": {
        "type": "Point",
        "coordinates": [
          10.3215734,
          49.3491979
        ]
      },
      "id": "way/748638188"
    },
    {
      "type": "Feature",
      "properties": {
        "@id": "way/749328184",
        "natural": "water",
        "water": "lake",
        "@geometry": "center"
      },
      "geometry": {
        "type": "Point",
        "coordinates": [
          11.6565389,
          49.8318687
        ]
      },
      "id": "way/749328184"
    },
    {
      "type": "Feature",
      "properties": {
        "@id": "way/749328185",
        "natural": "water",
        "water": "lake",
        "@geometry": "center"
      },
      "geometry": {
        "type": "Point",
        "coordinates": [
          11.6565607,
          49.8316128
        ]
      },
      "id": "way/749328185"
    },
    {
      "type": "Feature",
      "properties": {
        "@id": "way/752626031",
        "natural": "water",
        "water": "lake",
        "@geometry": "center"
      },
      "geometry": {
        "type": "Point",
        "coordinates": [
          9.9748926,
          50.3721396
        ]
      },
      "id": "way/752626031"
    },
    {
      "type": "Feature",
      "properties": {
        "@id": "way/752706156",
        "natural": "water",
        "water": "lake",
        "@geometry": "center"
      },
      "geometry": {
        "type": "Point",
        "coordinates": [
          10.3365745,
          49.3170967
        ]
      },
      "id": "way/752706156"
    },
    {
      "type": "Feature",
      "properties": {
        "@id": "way/756146619",
        "natural": "water",
        "water": "lake",
        "@geometry": "center"
      },
      "geometry": {
        "type": "Point",
        "coordinates": [
          9.8828043,
          50.3454442
        ]
      },
      "id": "way/756146619"
    },
    {
      "type": "Feature",
      "properties": {
        "@id": "way/756676139",
        "natural": "water",
        "water": "lake",
        "@geometry": "center"
      },
      "geometry": {
        "type": "Point",
        "coordinates": [
          9.897661,
          50.3416612
        ]
      },
      "id": "way/756676139"
    },
    {
      "type": "Feature",
      "properties": {
        "@id": "way/756676223",
        "natural": "water",
        "water": "lake",
        "@geometry": "center"
      },
      "geometry": {
        "type": "Point",
        "coordinates": [
          9.9110808,
          50.3515544
        ]
      },
      "id": "way/756676223"
    },
    {
      "type": "Feature",
      "properties": {
        "@id": "way/779025194",
        "intermittent": "no",
        "natural": "water",
        "salt": "no",
        "tidal": "no",
        "water": "lake",
        "@geometry": "center"
      },
      "geometry": {
        "type": "Point",
        "coordinates": [
          11.0454387,
          47.670312
        ]
      },
      "id": "way/779025194"
    },
    {
      "type": "Feature",
      "properties": {
        "@id": "way/785574213",
        "natural": "water",
        "water": "lake",
        "@geometry": "center"
      },
      "geometry": {
        "type": "Point",
        "coordinates": [
          11.3473977,
          47.912823
        ]
      },
      "id": "way/785574213"
    },
    {
      "type": "Feature",
      "properties": {
        "@id": "way/785574214",
        "natural": "water",
        "water": "lake",
        "@geometry": "center"
      },
      "geometry": {
        "type": "Point",
        "coordinates": [
          11.3468733,
          47.9138234
        ]
      },
      "id": "way/785574214"
    },
    {
      "type": "Feature",
      "properties": {
        "@id": "way/785574415",
        "natural": "water",
        "water": "lake",
        "@geometry": "center"
      },
      "geometry": {
        "type": "Point",
        "coordinates": [
          11.3493745,
          47.9131286
        ]
      },
      "id": "way/785574415"
    },
    {
      "type": "Feature",
      "properties": {
        "@id": "way/785574416",
        "natural": "water",
        "water": "lake",
        "@geometry": "center"
      },
      "geometry": {
        "type": "Point",
        "coordinates": [
          11.3500987,
          47.9133794
        ]
      },
      "id": "way/785574416"
    },
    {
      "type": "Feature",
      "properties": {
        "@id": "way/785574417",
        "natural": "water",
        "water": "lake",
        "@geometry": "center"
      },
      "geometry": {
        "type": "Point",
        "coordinates": [
          11.3498761,
          47.9137012
        ]
      },
      "id": "way/785574417"
    },
    {
      "type": "Feature",
      "properties": {
        "@id": "way/787685976",
        "natural": "water",
        "water": "lake",
        "@geometry": "center"
      },
      "geometry": {
        "type": "Point",
        "coordinates": [
          11.1876577,
          49.4673591
        ]
      },
      "id": "way/787685976"
    },
    {
      "type": "Feature",
      "properties": {
        "@id": "way/787860113",
        "intermittent": "no",
        "name": "Hubersee",
        "natural": "water",
        "water": "lake",
        "@geometry": "center"
      },
      "geometry": {
        "type": "Point",
        "coordinates": [
          12.0421289,
          47.7921081
        ]
      },
      "id": "way/787860113"
    },
    {
      "type": "Feature",
      "properties": {
        "@id": "way/790518628",
        "name": "Fischweiher",
        "natural": "water",
        "water": "lake",
        "@geometry": "center"
      },
      "geometry": {
        "type": "Point",
        "coordinates": [
          10.7594765,
          48.4676604
        ]
      },
      "id": "way/790518628"
    },
    {
      "type": "Feature",
      "properties": {
        "@id": "way/790519255",
        "name": "Kleiner Fischweiher",
        "natural": "water",
        "water": "lake",
        "@geometry": "center"
      },
      "geometry": {
        "type": "Point",
        "coordinates": [
          10.7595342,
          48.4674288
        ]
      },
      "id": "way/790519255"
    },
    {
      "type": "Feature",
      "properties": {
        "@id": "way/790961257",
        "natural": "water",
        "water": "lake",
        "@geometry": "center"
      },
      "geometry": {
        "type": "Point",
        "coordinates": [
          10.2757596,
          50.4881661
        ]
      },
      "id": "way/790961257"
    },
    {
      "type": "Feature",
      "properties": {
        "@id": "way/790961258",
        "natural": "water",
        "water": "lake",
        "@geometry": "center"
      },
      "geometry": {
        "type": "Point",
        "coordinates": [
          10.2759591,
          50.4887814
        ]
      },
      "id": "way/790961258"
    },
    {
      "type": "Feature",
      "properties": {
        "@id": "way/790961259",
        "natural": "water",
        "water": "lake",
        "@geometry": "center"
      },
      "geometry": {
        "type": "Point",
        "coordinates": [
          10.2757959,
          50.4888838
        ]
      },
      "id": "way/790961259"
    },
    {
      "type": "Feature",
      "properties": {
        "@id": "way/791548092",
        "natural": "water",
        "water": "lake",
        "@geometry": "center"
      },
      "geometry": {
        "type": "Point",
        "coordinates": [
          10.3062713,
          48.4800513
        ]
      },
      "id": "way/791548092"
    },
    {
      "type": "Feature",
      "properties": {
        "@id": "way/795730054",
        "natural": "water",
        "water": "lake",
        "@geometry": "center"
      },
      "geometry": {
        "type": "Point",
        "coordinates": [
          12.0553248,
          47.8050495
        ]
      },
      "id": "way/795730054"
    },
    {
      "type": "Feature",
      "properties": {
        "@id": "way/796205773",
        "natural": "water",
        "water": "lake",
        "@geometry": "center"
      },
      "geometry": {
        "type": "Point",
        "coordinates": [
          12.7085854,
          47.8428006
        ]
      },
      "id": "way/796205773"
    },
    {
      "type": "Feature",
      "properties": {
        "@id": "way/796225019",
        "natural": "water",
        "water": "lake",
        "@geometry": "center"
      },
      "geometry": {
        "type": "Point",
        "coordinates": [
          12.7012629,
          47.8483453
        ]
      },
      "id": "way/796225019"
    },
    {
      "type": "Feature",
      "properties": {
        "@id": "way/797876897",
        "natural": "water",
        "water": "lake",
        "@geometry": "center"
      },
      "geometry": {
        "type": "Point",
        "coordinates": [
          10.3273067,
          48.546742
        ]
      },
      "id": "way/797876897"
    },
    {
      "type": "Feature",
      "properties": {
        "@id": "way/797876898",
        "natural": "water",
        "water": "lake",
        "@geometry": "center"
      },
      "geometry": {
        "type": "Point",
        "coordinates": [
          10.3269265,
          48.5467567
        ]
      },
      "id": "way/797876898"
    },
    {
      "type": "Feature",
      "properties": {
        "@id": "way/800605488",
        "natural": "water",
        "water": "lake",
        "@geometry": "center"
      },
      "geometry": {
        "type": "Point",
        "coordinates": [
          10.6706263,
          48.8748746
        ]
      },
      "id": "way/800605488"
    },
    {
      "type": "Feature",
      "properties": {
        "@id": "way/800605489",
        "natural": "water",
        "water": "lake",
        "@geometry": "center"
      },
      "geometry": {
        "type": "Point",
        "coordinates": [
          10.6716372,
          48.8746501
        ]
      },
      "id": "way/800605489"
    },
    {
      "type": "Feature",
      "properties": {
        "@id": "way/800605490",
        "natural": "water",
        "water": "lake",
        "@geometry": "center"
      },
      "geometry": {
        "type": "Point",
        "coordinates": [
          10.6723695,
          48.8760743
        ]
      },
      "id": "way/800605490"
    },
    {
      "type": "Feature",
      "properties": {
        "@id": "way/800605491",
        "natural": "water",
        "water": "lake",
        "@geometry": "center"
      },
      "geometry": {
        "type": "Point",
        "coordinates": [
          10.672479,
          48.8754778
        ]
      },
      "id": "way/800605491"
    },
    {
      "type": "Feature",
      "properties": {
        "@id": "way/800607665",
        "natural": "water",
        "water": "lake",
        "@geometry": "center"
      },
      "geometry": {
        "type": "Point",
        "coordinates": [
          10.6704898,
          48.8708385
        ]
      },
      "id": "way/800607665"
    },
    {
      "type": "Feature",
      "properties": {
        "@id": "way/800607667",
        "natural": "water",
        "water": "lake",
        "@geometry": "center"
      },
      "geometry": {
        "type": "Point",
        "coordinates": [
          10.6756913,
          48.8710494
        ]
      },
      "id": "way/800607667"
    },
    {
      "type": "Feature",
      "properties": {
        "@id": "way/800607668",
        "natural": "water",
        "water": "lake",
        "@geometry": "center"
      },
      "geometry": {
        "type": "Point",
        "coordinates": [
          10.6759846,
          48.8707328
        ]
      },
      "id": "way/800607668"
    },
    {
      "type": "Feature",
      "properties": {
        "@id": "way/800607669",
        "natural": "water",
        "water": "lake",
        "@geometry": "center"
      },
      "geometry": {
        "type": "Point",
        "coordinates": [
          10.6760491,
          48.871
        ]
      },
      "id": "way/800607669"
    },
    {
      "type": "Feature",
      "properties": {
        "@id": "way/800607670",
        "natural": "water",
        "water": "lake",
        "@geometry": "center"
      },
      "geometry": {
        "type": "Point",
        "coordinates": [
          10.6705366,
          48.8730357
        ]
      },
      "id": "way/800607670"
    },
    {
      "type": "Feature",
      "properties": {
        "@id": "way/800900576",
        "natural": "water",
        "water": "lake",
        "@geometry": "center"
      },
      "geometry": {
        "type": "Point",
        "coordinates": [
          10.6789568,
          48.8699635
        ]
      },
      "id": "way/800900576"
    },
    {
      "type": "Feature",
      "properties": {
        "@id": "way/803224370",
        "natural": "water",
        "water": "lake",
        "@geometry": "center"
      },
      "geometry": {
        "type": "Point",
        "coordinates": [
          11.1845781,
          49.1545378
        ]
      },
      "id": "way/803224370"
    },
    {
      "type": "Feature",
      "properties": {
        "@id": "way/803224371",
        "natural": "water",
        "water": "lake",
        "@geometry": "center"
      },
      "geometry": {
        "type": "Point",
        "coordinates": [
          11.1867909,
          49.1564669
        ]
      },
      "id": "way/803224371"
    },
    {
      "type": "Feature",
      "properties": {
        "@id": "way/803224372",
        "natural": "water",
        "water": "lake",
        "@geometry": "center"
      },
      "geometry": {
        "type": "Point",
        "coordinates": [
          11.1867438,
          49.156008
        ]
      },
      "id": "way/803224372"
    },
    {
      "type": "Feature",
      "properties": {
        "@id": "way/803224373",
        "natural": "water",
        "water": "lake",
        "@geometry": "center"
      },
      "geometry": {
        "type": "Point",
        "coordinates": [
          11.1894248,
          49.1574479
        ]
      },
      "id": "way/803224373"
    },
    {
      "type": "Feature",
      "properties": {
        "@id": "way/803224374",
        "natural": "water",
        "water": "lake",
        "@geometry": "center"
      },
      "geometry": {
        "type": "Point",
        "coordinates": [
          11.183986,
          49.1602511
        ]
      },
      "id": "way/803224374"
    },
    {
      "type": "Feature",
      "properties": {
        "@id": "way/803224375",
        "natural": "water",
        "water": "lake",
        "@geometry": "center"
      },
      "geometry": {
        "type": "Point",
        "coordinates": [
          11.185978,
          49.1606962
        ]
      },
      "id": "way/803224375"
    },
    {
      "type": "Feature",
      "properties": {
        "@id": "way/803224376",
        "natural": "water",
        "water": "lake",
        "@geometry": "center"
      },
      "geometry": {
        "type": "Point",
        "coordinates": [
          11.186269,
          49.1616583
        ]
      },
      "id": "way/803224376"
    },
    {
      "type": "Feature",
      "properties": {
        "@id": "way/804901644",
        "construction": "building",
        "natural": "water",
        "water": "lake",
        "@geometry": "center"
      },
      "geometry": {
        "type": "Point",
        "coordinates": [
          9.9048185,
          49.7981103
        ]
      },
      "id": "way/804901644"
    },
    {
      "type": "Feature",
      "properties": {
        "@id": "way/805893130",
        "name": "Mittelsee",
        "natural": "water",
        "water": "lake",
        "@geometry": "center"
      },
      "geometry": {
        "type": "Point",
        "coordinates": [
          10.9750873,
          50.1113341
        ]
      },
      "id": "way/805893130"
    },
    {
      "type": "Feature",
      "properties": {
        "@id": "way/805893131",
        "name": "Riedsee",
        "natural": "water",
        "water": "lake",
        "@geometry": "center"
      },
      "geometry": {
        "type": "Point",
        "coordinates": [
          10.9803069,
          50.1108258
        ]
      },
      "id": "way/805893131"
    },
    {
      "type": "Feature",
      "properties": {
        "@id": "way/807521486",
        "natural": "water",
        "water": "lake",
        "@geometry": "center"
      },
      "geometry": {
        "type": "Point",
        "coordinates": [
          12.4095147,
          48.0053087
        ]
      },
      "id": "way/807521486"
    },
    {
      "type": "Feature",
      "properties": {
        "@id": "way/807521487",
        "name": "Mühlbach",
        "natural": "water",
        "water": "lake",
        "@geometry": "center"
      },
      "geometry": {
        "type": "Point",
        "coordinates": [
          12.407081,
          48.0023904
        ]
      },
      "id": "way/807521487"
    },
    {
      "type": "Feature",
      "properties": {
        "@id": "way/807521492",
        "natural": "water",
        "water": "lake",
        "@geometry": "center"
      },
      "geometry": {
        "type": "Point",
        "coordinates": [
          12.4095325,
          48.0018094
        ]
      },
      "id": "way/807521492"
    },
    {
      "type": "Feature",
      "properties": {
        "@id": "way/809928890",
        "natural": "water",
        "salt": "no",
        "tidal": "no",
        "water": "lake",
        "@geometry": "center"
      },
      "geometry": {
        "type": "Point",
        "coordinates": [
          11.5234223,
          48.7496411
        ]
      },
      "id": "way/809928890"
    },
    {
      "type": "Feature",
      "properties": {
        "@id": "way/810881783",
        "natural": "water",
        "water": "lake",
        "@geometry": "center"
      },
      "geometry": {
        "type": "Point",
        "coordinates": [
          10.5518515,
          48.5974267
        ]
      },
      "id": "way/810881783"
    },
    {
      "type": "Feature",
      "properties": {
        "@id": "way/815862660",
        "natural": "water",
        "water": "lake",
        "@geometry": "center"
      },
      "geometry": {
        "type": "Point",
        "coordinates": [
          10.2989853,
          49.4709356
        ]
      },
      "id": "way/815862660"
    },
    {
      "type": "Feature",
      "properties": {
        "@id": "way/815862662",
        "natural": "water",
        "water": "lake",
        "@geometry": "center"
      },
      "geometry": {
        "type": "Point",
        "coordinates": [
          10.2923186,
          49.4720467
        ]
      },
      "id": "way/815862662"
    },
    {
      "type": "Feature",
      "properties": {
        "@id": "way/815887437",
        "natural": "water",
        "water": "lake",
        "@geometry": "center"
      },
      "geometry": {
        "type": "Point",
        "coordinates": [
          10.2812681,
          49.4741073
        ]
      },
      "id": "way/815887437"
    },
    {
      "type": "Feature",
      "properties": {
        "@id": "way/815887438",
        "natural": "water",
        "water": "lake",
        "@geometry": "center"
      },
      "geometry": {
        "type": "Point",
        "coordinates": [
          10.2817091,
          49.4741748
        ]
      },
      "id": "way/815887438"
    },
    {
      "type": "Feature",
      "properties": {
        "@id": "way/816124684",
        "natural": "water",
        "water": "lake",
        "@geometry": "center"
      },
      "geometry": {
        "type": "Point",
        "coordinates": [
          10.9266083,
          49.7264235
        ]
      },
      "id": "way/816124684"
    },
    {
      "type": "Feature",
      "properties": {
        "@id": "way/819414090",
        "natural": "water",
        "water": "lake",
        "@geometry": "center"
      },
      "geometry": {
        "type": "Point",
        "coordinates": [
          9.7748587,
          49.7656193
        ]
      },
      "id": "way/819414090"
    },
    {
      "type": "Feature",
      "properties": {
        "@id": "way/822221404",
        "name": "Rackensee",
        "natural": "water",
        "salt": "no",
        "tidal": "no",
        "water": "lake",
        "wikidata": "Q28498569",
        "@geometry": "center"
      },
      "geometry": {
        "type": "Point",
        "coordinates": [
          11.8875179,
          47.7521339
        ]
      },
      "id": "way/822221404"
    },
    {
      "type": "Feature",
      "properties": {
        "@id": "way/822601612",
        "ele": "1149",
        "name": "Schwarzlache",
        "natural": "water",
        "water": "lake",
        "wikidata": "Q131444516",
        "@geometry": "center"
      },
      "geometry": {
        "type": "Point",
        "coordinates": [
          10.0797305,
          47.4795641
        ]
      },
      "id": "way/822601612"
    },
    {
      "type": "Feature",
      "properties": {
        "@id": "way/835273057",
        "natural": "water",
        "water": "lake",
        "@geometry": "center"
      },
      "geometry": {
        "type": "Point",
        "coordinates": [
          10.5004048,
          49.8264564
        ]
      },
      "id": "way/835273057"
    },
    {
      "type": "Feature",
      "properties": {
        "@id": "way/835273058",
        "natural": "water",
        "water": "lake",
        "@geometry": "center"
      },
      "geometry": {
        "type": "Point",
        "coordinates": [
          10.4992676,
          49.8266225
        ]
      },
      "id": "way/835273058"
    },
    {
      "type": "Feature",
      "properties": {
        "@id": "way/835273059",
        "natural": "water",
        "water": "lake",
        "@geometry": "center"
      },
      "geometry": {
        "type": "Point",
        "coordinates": [
          10.4985702,
          49.8266329
        ]
      },
      "id": "way/835273059"
    },
    {
      "type": "Feature",
      "properties": {
        "@id": "way/835273060",
        "natural": "water",
        "water": "lake",
        "@geometry": "center"
      },
      "geometry": {
        "type": "Point",
        "coordinates": [
          10.5014992,
          49.8270828
        ]
      },
      "id": "way/835273060"
    },
    {
      "type": "Feature",
      "properties": {
        "@id": "way/835273061",
        "natural": "water",
        "water": "lake",
        "@geometry": "center"
      },
      "geometry": {
        "type": "Point",
        "coordinates": [
          10.5029422,
          49.8279341
        ]
      },
      "id": "way/835273061"
    },
    {
      "type": "Feature",
      "properties": {
        "@id": "way/835273062",
        "natural": "water",
        "water": "lake",
        "@geometry": "center"
      },
      "geometry": {
        "type": "Point",
        "coordinates": [
          10.5023146,
          49.8275361
        ]
      },
      "id": "way/835273062"
    },
    {
      "type": "Feature",
      "properties": {
        "@id": "way/836414394",
        "access": "private",
        "natural": "water",
        "water": "lake",
        "@geometry": "center"
      },
      "geometry": {
        "type": "Point",
        "coordinates": [
          10.5207956,
          47.5582968
        ]
      },
      "id": "way/836414394"
    },
    {
      "type": "Feature",
      "properties": {
        "@id": "way/845948983",
        "natural": "water",
        "water": "lake",
        "@geometry": "center"
      },
      "geometry": {
        "type": "Point",
        "coordinates": [
          11.6396675,
          48.2762135
        ]
      },
      "id": "way/845948983"
    },
    {
      "type": "Feature",
      "properties": {
        "@id": "way/845948984",
        "natural": "water",
        "water": "lake",
        "@geometry": "center"
      },
      "geometry": {
        "type": "Point",
        "coordinates": [
          11.6391601,
          48.2715861
        ]
      },
      "id": "way/845948984"
    },
    {
      "type": "Feature",
      "properties": {
        "@id": "way/847069856",
        "natural": "water",
        "water": "lake",
        "@geometry": "center"
      },
      "geometry": {
        "type": "Point",
        "coordinates": [
          12.6136691,
          49.2130693
        ]
      },
      "id": "way/847069856"
    },
    {
      "type": "Feature",
      "properties": {
        "@id": "way/847085335",
        "name": "Lettenweiher",
        "natural": "water",
        "water": "lake",
        "@geometry": "center"
      },
      "geometry": {
        "type": "Point",
        "coordinates": [
          12.5930659,
          49.2120884
        ]
      },
      "id": "way/847085335"
    },
    {
      "type": "Feature",
      "properties": {
        "@id": "way/847108013",
        "natural": "water",
        "water": "lake",
        "@geometry": "center"
      },
      "geometry": {
        "type": "Point",
        "coordinates": [
          12.5825076,
          49.2274629
        ]
      },
      "id": "way/847108013"
    },
    {
      "type": "Feature",
      "properties": {
        "@id": "way/847109171",
        "natural": "water",
        "water": "lake",
        "@geometry": "center"
      },
      "geometry": {
        "type": "Point",
        "coordinates": [
          12.6022773,
          49.2273156
        ]
      },
      "id": "way/847109171"
    },
    {
      "type": "Feature",
      "properties": {
        "@id": "way/847126653",
        "natural": "water",
        "water": "lake",
        "@geometry": "center"
      },
      "geometry": {
        "type": "Point",
        "coordinates": [
          12.6186646,
          49.21222
        ]
      },
      "id": "way/847126653"
    },
    {
      "type": "Feature",
      "properties": {
        "@id": "way/847130419",
        "intermittent": "yes",
        "natural": "water",
        "water": "lake",
        "@geometry": "center"
      },
      "geometry": {
        "type": "Point",
        "coordinates": [
          12.6178705,
          49.2110017
        ]
      },
      "id": "way/847130419"
    },
    {
      "type": "Feature",
      "properties": {
        "@id": "way/847158277",
        "natural": "water",
        "water": "lake",
        "@geometry": "center"
      },
      "geometry": {
        "type": "Point",
        "coordinates": [
          12.5635916,
          49.2284552
        ]
      },
      "id": "way/847158277"
    },
    {
      "type": "Feature",
      "properties": {
        "@id": "way/847158281",
        "natural": "water",
        "water": "lake",
        "@geometry": "center"
      },
      "geometry": {
        "type": "Point",
        "coordinates": [
          12.5652439,
          49.2274962
        ]
      },
      "id": "way/847158281"
    },
    {
      "type": "Feature",
      "properties": {
        "@id": "way/847184431",
        "natural": "water",
        "water": "lake",
        "@geometry": "center"
      },
      "geometry": {
        "type": "Point",
        "coordinates": [
          12.61649,
          49.2093728
        ]
      },
      "id": "way/847184431"
    },
    {
      "type": "Feature",
      "properties": {
        "@id": "way/847184432",
        "natural": "water",
        "water": "lake",
        "@geometry": "center"
      },
      "geometry": {
        "type": "Point",
        "coordinates": [
          12.6178967,
          49.2090063
        ]
      },
      "id": "way/847184432"
    },
    {
      "type": "Feature",
      "properties": {
        "@id": "way/847187585",
        "natural": "water",
        "water": "lake",
        "@geometry": "center"
      },
      "geometry": {
        "type": "Point",
        "coordinates": [
          12.6029034,
          49.2144085
        ]
      },
      "id": "way/847187585"
    },
    {
      "type": "Feature",
      "properties": {
        "@id": "way/847189258",
        "natural": "water",
        "water": "lake",
        "@geometry": "center"
      },
      "geometry": {
        "type": "Point",
        "coordinates": [
          12.5974547,
          49.221583
        ]
      },
      "id": "way/847189258"
    },
    {
      "type": "Feature",
      "properties": {
        "@id": "way/847189259",
        "natural": "water",
        "water": "lake",
        "@geometry": "center"
      },
      "geometry": {
        "type": "Point",
        "coordinates": [
          12.5944077,
          49.2216763
        ]
      },
      "id": "way/847189259"
    },
    {
      "type": "Feature",
      "properties": {
        "@id": "way/847943957",
        "natural": "water",
        "water": "lake",
        "@geometry": "center"
      },
      "geometry": {
        "type": "Point",
        "coordinates": [
          12.6001117,
          49.2299675
        ]
      },
      "id": "way/847943957"
    },
    {
      "type": "Feature",
      "properties": {
        "@id": "way/848026345",
        "intermittent": "yes",
        "natural": "water",
        "water": "lake",
        "@geometry": "center"
      },
      "geometry": {
        "type": "Point",
        "coordinates": [
          12.6232684,
          49.206256
        ]
      },
      "id": "way/848026345"
    },
    {
      "type": "Feature",
      "properties": {
        "@id": "way/863478733",
        "natural": "water",
        "water": "lake",
        "@geometry": "center"
      },
      "geometry": {
        "type": "Point",
        "coordinates": [
          13.5604056,
          48.8952206
        ]
      },
      "id": "way/863478733"
    },
    {
      "type": "Feature",
      "properties": {
        "@id": "way/865447389",
        "natural": "water",
        "water": "lake",
        "@geometry": "center"
      },
      "geometry": {
        "type": "Point",
        "coordinates": [
          9.813897,
          49.939172
        ]
      },
      "id": "way/865447389"
    },
    {
      "type": "Feature",
      "properties": {
        "@id": "way/875629447",
        "natural": "water",
        "water": "lake",
        "@geometry": "center"
      },
      "geometry": {
        "type": "Point",
        "coordinates": [
          11.6490806,
          48.2054791
        ]
      },
      "id": "way/875629447"
    },
    {
      "type": "Feature",
      "properties": {
        "@id": "way/878241465",
        "natural": "water",
        "water": "lake",
        "@geometry": "center"
      },
      "geometry": {
        "type": "Point",
        "coordinates": [
          11.9627781,
          49.7100696
        ]
      },
      "id": "way/878241465"
    },
    {
      "type": "Feature",
      "properties": {
        "@id": "way/878942444",
        "fishing": "private",
        "intermittent": "no",
        "name": "Stelzer Weiher (FV Wössen)",
        "natural": "water",
        "salt": "no",
        "water": "lake",
        "@geometry": "center"
      },
      "geometry": {
        "type": "Point",
        "coordinates": [
          12.4539166,
          47.7443861
        ]
      },
      "id": "way/878942444"
    },
    {
      "type": "Feature",
      "properties": {
        "@id": "way/884197206",
        "natural": "water",
        "water": "lake",
        "@geometry": "center"
      },
      "geometry": {
        "type": "Point",
        "coordinates": [
          11.9955086,
          49.6710055
        ]
      },
      "id": "way/884197206"
    },
    {
      "type": "Feature",
      "properties": {
        "@id": "way/885415891",
        "intermittent": "no",
        "natural": "water",
        "salt": "no",
        "tidal": "no",
        "water": "lake",
        "@geometry": "center"
      },
      "geometry": {
        "type": "Point",
        "coordinates": [
          11.8632583,
          48.3139834
        ]
      },
      "id": "way/885415891"
    },
    {
      "type": "Feature",
      "properties": {
        "@id": "way/885763120",
        "natural": "water",
        "water": "lake",
        "@geometry": "center"
      },
      "geometry": {
        "type": "Point",
        "coordinates": [
          12.968464,
          48.8244256
        ]
      },
      "id": "way/885763120"
    },
    {
      "type": "Feature",
      "properties": {
        "@id": "way/887508177",
        "natural": "water",
        "water": "lake",
        "@geometry": "center"
      },
      "geometry": {
        "type": "Point",
        "coordinates": [
          12.032275,
          48.938355
        ]
      },
      "id": "way/887508177"
    },
    {
      "type": "Feature",
      "properties": {
        "@id": "way/893435388",
        "intermittent": "no",
        "natural": "water",
        "water": "lake",
        "@geometry": "center"
      },
      "geometry": {
        "type": "Point",
        "coordinates": [
          12.6737436,
          47.9064619
        ]
      },
      "id": "way/893435388"
    },
    {
      "type": "Feature",
      "properties": {
        "@id": "way/905125029",
        "natural": "water",
        "water": "lake",
        "@geometry": "center"
      },
      "geometry": {
        "type": "Point",
        "coordinates": [
          12.8712524,
          48.8230693
        ]
      },
      "id": "way/905125029"
    },
    {
      "type": "Feature",
      "properties": {
        "@id": "way/905125030",
        "access": "private",
        "natural": "water",
        "water": "lake",
        "@geometry": "center"
      },
      "geometry": {
        "type": "Point",
        "coordinates": [
          12.8737749,
          48.8205105
        ]
      },
      "id": "way/905125030"
    },
    {
      "type": "Feature",
      "properties": {
        "@id": "way/907320560",
        "natural": "water",
        "water": "lake",
        "@geometry": "center"
      },
      "geometry": {
        "type": "Point",
        "coordinates": [
          11.3254198,
          49.4962747
        ]
      },
      "id": "way/907320560"
    },
    {
      "type": "Feature",
      "properties": {
        "@id": "way/908825348",
        "natural": "water",
        "water": "lake",
        "@geometry": "center"
      },
      "geometry": {
        "type": "Point",
        "coordinates": [
          11.4224309,
          48.2865592
        ]
      },
      "id": "way/908825348"
    },
    {
      "type": "Feature",
      "properties": {
        "@id": "way/908825349",
        "natural": "water",
        "water": "lake",
        "@geometry": "center"
      },
      "geometry": {
        "type": "Point",
        "coordinates": [
          11.4211018,
          48.2865171
        ]
      },
      "id": "way/908825349"
    },
    {
      "type": "Feature",
      "properties": {
        "@id": "way/908826031",
        "natural": "water",
        "water": "lake",
        "@geometry": "center"
      },
      "geometry": {
        "type": "Point",
        "coordinates": [
          11.4216556,
          48.2804907
        ]
      },
      "id": "way/908826031"
    },
    {
      "type": "Feature",
      "properties": {
        "@id": "way/909788981",
        "natural": "water",
        "salt": "no",
        "tidal": "no",
        "water": "lake",
        "@geometry": "center"
      },
      "geometry": {
        "type": "Point",
        "coordinates": [
          11.9224767,
          47.9191048
        ]
      },
      "id": "way/909788981"
    },
    {
      "type": "Feature",
      "properties": {
        "@id": "way/913125621",
        "natural": "water",
        "water": "lake",
        "@geometry": "center"
      },
      "geometry": {
        "type": "Point",
        "coordinates": [
          9.9336623,
          49.7991918
        ]
      },
      "id": "way/913125621"
    },
    {
      "type": "Feature",
      "properties": {
        "@id": "way/943310508",
        "intermittent": "yes",
        "name": "Urweidensee",
        "natural": "water",
        "water": "lake",
        "@geometry": "center"
      },
      "geometry": {
        "type": "Point",
        "coordinates": [
          10.6673585,
          50.0789613
        ]
      },
      "id": "way/943310508"
    },
    {
      "type": "Feature",
      "properties": {
        "@id": "way/951310116",
        "name": "Saulachweiher",
        "natural": "water",
        "water": "lake",
        "@geometry": "center"
      },
      "geometry": {
        "type": "Point",
        "coordinates": [
          10.7260626,
          48.8946311
        ]
      },
      "id": "way/951310116"
    },
    {
      "type": "Feature",
      "properties": {
        "@id": "way/955454749",
        "intermittent": "no",
        "natural": "water",
        "salt": "no",
        "tidal": "no",
        "water": "lake",
        "@geometry": "center"
      },
      "geometry": {
        "type": "Point",
        "coordinates": [
          10.1222907,
          49.6690607
        ]
      },
      "id": "way/955454749"
    },
    {
      "type": "Feature",
      "properties": {
        "@id": "way/956131796",
        "natural": "water",
        "water": "lake",
        "@geometry": "center"
      },
      "geometry": {
        "type": "Point",
        "coordinates": [
          10.2479179,
          49.6881905
        ]
      },
      "id": "way/956131796"
    },
    {
      "type": "Feature",
      "properties": {
        "@id": "way/956941513",
        "intermittent": "no",
        "name": "Röhrlesee",
        "natural": "water",
        "salt": "no",
        "tidal": "no",
        "water": "lake",
        "@geometry": "center"
      },
      "geometry": {
        "type": "Point",
        "coordinates": [
          10.1690895,
          50.3639998
        ]
      },
      "id": "way/956941513"
    },
    {
      "type": "Feature",
      "properties": {
        "@id": "way/960985159",
        "natural": "water",
        "source": "Bayerische Vermessungsverwaltung - www.geodaten.bayern.de",
        "water": "lake",
        "@geometry": "center"
      },
      "geometry": {
        "type": "Point",
        "coordinates": [
          12.4213502,
          49.5732201
        ]
      },
      "id": "way/960985159"
    },
    {
      "type": "Feature",
      "properties": {
        "@id": "way/961682233",
        "natural": "water",
        "water": "lake",
        "@geometry": "center"
      },
      "geometry": {
        "type": "Point",
        "coordinates": [
          10.200705,
          49.8574208
        ]
      },
      "id": "way/961682233"
    },
    {
      "type": "Feature",
      "properties": {
        "@id": "way/964943776",
        "natural": "water",
        "water": "lake",
        "@geometry": "center"
      },
      "geometry": {
        "type": "Point",
        "coordinates": [
          9.6013073,
          49.868514
        ]
      },
      "id": "way/964943776"
    },
    {
      "type": "Feature",
      "properties": {
        "@id": "way/964943777",
        "natural": "water",
        "water": "lake",
        "@geometry": "center"
      },
      "geometry": {
        "type": "Point",
        "coordinates": [
          9.6012129,
          49.8684941
        ]
      },
      "id": "way/964943777"
    },
    {
      "type": "Feature",
      "properties": {
        "@id": "way/964943778",
        "natural": "water",
        "water": "lake",
        "@geometry": "center"
      },
      "geometry": {
        "type": "Point",
        "coordinates": [
          9.6011053,
          49.8684968
        ]
      },
      "id": "way/964943778"
    },
    {
      "type": "Feature",
      "properties": {
        "@id": "way/965255865",
        "natural": "water",
        "water": "lake",
        "@geometry": "center"
      },
      "geometry": {
        "type": "Point",
        "coordinates": [
          9.6199974,
          49.8506868
        ]
      },
      "id": "way/965255865"
    },
    {
      "type": "Feature",
      "properties": {
        "@id": "way/966592880",
        "natural": "water",
        "water": "lake",
        "@geometry": "center"
      },
      "geometry": {
        "type": "Point",
        "coordinates": [
          9.8355907,
          50.2295341
        ]
      },
      "id": "way/966592880"
    },
    {
      "type": "Feature",
      "properties": {
        "@id": "way/966592882",
        "natural": "water",
        "water": "lake",
        "@geometry": "center"
      },
      "geometry": {
        "type": "Point",
        "coordinates": [
          9.8368527,
          50.225762
        ]
      },
      "id": "way/966592882"
    },
    {
      "type": "Feature",
      "properties": {
        "@id": "way/966592883",
        "natural": "water",
        "water": "lake",
        "@geometry": "center"
      },
      "geometry": {
        "type": "Point",
        "coordinates": [
          9.8364946,
          50.2256416
        ]
      },
      "id": "way/966592883"
    },
    {
      "type": "Feature",
      "properties": {
        "@id": "way/966592885",
        "natural": "water",
        "water": "lake",
        "@geometry": "center"
      },
      "geometry": {
        "type": "Point",
        "coordinates": [
          9.8404932,
          50.226956
        ]
      },
      "id": "way/966592885"
    },
    {
      "type": "Feature",
      "properties": {
        "@id": "way/966592886",
        "natural": "water",
        "water": "lake",
        "@geometry": "center"
      },
      "geometry": {
        "type": "Point",
        "coordinates": [
          9.8409103,
          50.2268114
        ]
      },
      "id": "way/966592886"
    },
    {
      "type": "Feature",
      "properties": {
        "@id": "way/966592887",
        "natural": "water",
        "water": "lake",
        "@geometry": "center"
      },
      "geometry": {
        "type": "Point",
        "coordinates": [
          9.8428032,
          50.2272473
        ]
      },
      "id": "way/966592887"
    },
    {
      "type": "Feature",
      "properties": {
        "@id": "way/966592888",
        "natural": "water",
        "water": "lake",
        "@geometry": "center"
      },
      "geometry": {
        "type": "Point",
        "coordinates": [
          9.8417443,
          50.2268741
        ]
      },
      "id": "way/966592888"
    },
    {
      "type": "Feature",
      "properties": {
        "@id": "way/966592889",
        "natural": "water",
        "water": "lake",
        "@geometry": "center"
      },
      "geometry": {
        "type": "Point",
        "coordinates": [
          9.8414024,
          50.2268041
        ]
      },
      "id": "way/966592889"
    },
    {
      "type": "Feature",
      "properties": {
        "@id": "way/966693691",
        "natural": "water",
        "water": "lake",
        "@geometry": "center"
      },
      "geometry": {
        "type": "Point",
        "coordinates": [
          9.8339995,
          50.2173105
        ]
      },
      "id": "way/966693691"
    },
    {
      "type": "Feature",
      "properties": {
        "@id": "way/966693692",
        "natural": "water",
        "water": "lake",
        "@geometry": "center"
      },
      "geometry": {
        "type": "Point",
        "coordinates": [
          9.8416901,
          50.2185162
        ]
      },
      "id": "way/966693692"
    },
    {
      "type": "Feature",
      "properties": {
        "@id": "way/966693693",
        "natural": "water",
        "water": "lake",
        "@geometry": "center"
      },
      "geometry": {
        "type": "Point",
        "coordinates": [
          9.8417987,
          50.2185741
        ]
      },
      "id": "way/966693693"
    },
    {
      "type": "Feature",
      "properties": {
        "@id": "way/966693694",
        "natural": "water",
        "water": "lake",
        "@geometry": "center"
      },
      "geometry": {
        "type": "Point",
        "coordinates": [
          9.8408432,
          50.2181978
        ]
      },
      "id": "way/966693694"
    },
    {
      "type": "Feature",
      "properties": {
        "@id": "way/966693695",
        "natural": "water",
        "water": "lake",
        "@geometry": "center"
      },
      "geometry": {
        "type": "Point",
        "coordinates": [
          9.840172,
          50.2179627
        ]
      },
      "id": "way/966693695"
    },
    {
      "type": "Feature",
      "properties": {
        "@id": "way/966693696",
        "natural": "water",
        "water": "lake",
        "@geometry": "center"
      },
      "geometry": {
        "type": "Point",
        "coordinates": [
          9.839657,
          50.2177289
        ]
      },
      "id": "way/966693696"
    },
    {
      "type": "Feature",
      "properties": {
        "@id": "way/966693697",
        "natural": "water",
        "water": "lake",
        "@geometry": "center"
      },
      "geometry": {
        "type": "Point",
        "coordinates": [
          9.8399627,
          50.2181455
        ]
      },
      "id": "way/966693697"
    },
    {
      "type": "Feature",
      "properties": {
        "@id": "way/966693698",
        "natural": "water",
        "water": "lake",
        "@geometry": "center"
      },
      "geometry": {
        "type": "Point",
        "coordinates": [
          9.839433,
          50.2181923
        ]
      },
      "id": "way/966693698"
    },
    {
      "type": "Feature",
      "properties": {
        "@id": "way/966716211",
        "natural": "water",
        "water": "lake",
        "@geometry": "center"
      },
      "geometry": {
        "type": "Point",
        "coordinates": [
          9.8343361,
          50.2178289
        ]
      },
      "id": "way/966716211"
    },
    {
      "type": "Feature",
      "properties": {
        "@id": "way/966716212",
        "natural": "water",
        "water": "lake",
        "@geometry": "center"
      },
      "geometry": {
        "type": "Point",
        "coordinates": [
          9.8342691,
          50.2180902
        ]
      },
      "id": "way/966716212"
    },
    {
      "type": "Feature",
      "properties": {
        "@id": "way/966716213",
        "natural": "water",
        "water": "lake",
        "@geometry": "center"
      },
      "geometry": {
        "type": "Point",
        "coordinates": [
          9.8338406,
          50.218019
        ]
      },
      "id": "way/966716213"
    },
    {
      "type": "Feature",
      "properties": {
        "@id": "way/966716216",
        "natural": "water",
        "water": "lake",
        "@geometry": "center"
      },
      "geometry": {
        "type": "Point",
        "coordinates": [
          9.8353205,
          50.2179752
        ]
      },
      "id": "way/966716216"
    },
    {
      "type": "Feature",
      "properties": {
        "@id": "way/966716219",
        "natural": "water",
        "water": "lake",
        "@geometry": "center"
      },
      "geometry": {
        "type": "Point",
        "coordinates": [
          9.8371947,
          50.2175247
        ]
      },
      "id": "way/966716219"
    },
    {
      "type": "Feature",
      "properties": {
        "@id": "way/966717985",
        "natural": "water",
        "water": "lake",
        "@geometry": "center"
      },
      "geometry": {
        "type": "Point",
        "coordinates": [
          9.8434389,
          50.2184378
        ]
      },
      "id": "way/966717985"
    },
    {
      "type": "Feature",
      "properties": {
        "@id": "way/967388914",
        "natural": "water",
        "water": "lake",
        "@geometry": "center"
      },
      "geometry": {
        "type": "Point",
        "coordinates": [
          9.8439726,
          50.213454
        ]
      },
      "id": "way/967388914"
    },
    {
      "type": "Feature",
      "properties": {
        "@id": "way/967388924",
        "natural": "water",
        "water": "lake",
        "@geometry": "center"
      },
      "geometry": {
        "type": "Point",
        "coordinates": [
          9.8480295,
          50.2285123
        ]
      },
      "id": "way/967388924"
    },
    {
      "type": "Feature",
      "properties": {
        "@id": "way/967388928",
        "natural": "water",
        "water": "lake",
        "@geometry": "center"
      },
      "geometry": {
        "type": "Point",
        "coordinates": [
          9.8472322,
          50.22643
        ]
      },
      "id": "way/967388928"
    },
    {
      "type": "Feature",
      "properties": {
        "@id": "way/967388934",
        "natural": "water",
        "water": "lake",
        "@geometry": "center"
      },
      "geometry": {
        "type": "Point",
        "coordinates": [
          9.8501655,
          50.2347448
        ]
      },
      "id": "way/967388934"
    },
    {
      "type": "Feature",
      "properties": {
        "@id": "way/967388938",
        "natural": "water",
        "water": "lake",
        "@geometry": "center"
      },
      "geometry": {
        "type": "Point",
        "coordinates": [
          9.8495698,
          50.2345426
        ]
      },
      "id": "way/967388938"
    },
    {
      "type": "Feature",
      "properties": {
        "@id": "way/967388939",
        "natural": "water",
        "water": "lake",
        "@geometry": "center"
      },
      "geometry": {
        "type": "Point",
        "coordinates": [
          9.8478658,
          50.2342795
        ]
      },
      "id": "way/967388939"
    },
    {
      "type": "Feature",
      "properties": {
        "@id": "way/967388942",
        "natural": "water",
        "water": "lake",
        "@geometry": "center"
      },
      "geometry": {
        "type": "Point",
        "coordinates": [
          9.8435428,
          50.2324325
        ]
      },
      "id": "way/967388942"
    },
    {
      "type": "Feature",
      "properties": {
        "@id": "way/967390884",
        "natural": "water",
        "water": "lake",
        "@geometry": "center"
      },
      "geometry": {
        "type": "Point",
        "coordinates": [
          9.8768002,
          50.2245639
        ]
      },
      "id": "way/967390884"
    },
    {
      "type": "Feature",
      "properties": {
        "@id": "way/967406169",
        "natural": "water",
        "water": "lake",
        "@geometry": "center"
      },
      "geometry": {
        "type": "Point",
        "coordinates": [
          13.3859428,
          48.4230159
        ]
      },
      "id": "way/967406169"
    },
    {
      "type": "Feature",
      "properties": {
        "@id": "way/967406170",
        "natural": "water",
        "water": "lake",
        "@geometry": "center"
      },
      "geometry": {
        "type": "Point",
        "coordinates": [
          13.3893357,
          48.4257109
        ]
      },
      "id": "way/967406170"
    },
    {
      "type": "Feature",
      "properties": {
        "@id": "way/970972403",
        "access": "private",
        "natural": "water",
        "water": "lake",
        "@geometry": "center"
      },
      "geometry": {
        "type": "Point",
        "coordinates": [
          10.2354663,
          49.6786975
        ]
      },
      "id": "way/970972403"
    },
    {
      "type": "Feature",
      "properties": {
        "@id": "way/971016603",
        "natural": "water",
        "water": "lake",
        "@geometry": "center"
      },
      "geometry": {
        "type": "Point",
        "coordinates": [
          10.3303104,
          49.6100112
        ]
      },
      "id": "way/971016603"
    },
    {
      "type": "Feature",
      "properties": {
        "@id": "way/971016604",
        "natural": "water",
        "water": "lake",
        "@geometry": "center"
      },
      "geometry": {
        "type": "Point",
        "coordinates": [
          10.3300422,
          49.6100925
        ]
      },
      "id": "way/971016604"
    },
    {
      "type": "Feature",
      "properties": {
        "@id": "way/971127258",
        "natural": "water",
        "water": "lake",
        "@geometry": "center"
      },
      "geometry": {
        "type": "Point",
        "coordinates": [
          9.9112122,
          50.0209782
        ]
      },
      "id": "way/971127258"
    },
    {
      "type": "Feature",
      "properties": {
        "@id": "way/972531966",
        "natural": "water",
        "water": "lake",
        "@geometry": "center"
      },
      "geometry": {
        "type": "Point",
        "coordinates": [
          9.8604387,
          50.24096
        ]
      },
      "id": "way/972531966"
    },
    {
      "type": "Feature",
      "properties": {
        "@id": "way/972531967",
        "natural": "water",
        "water": "lake",
        "@geometry": "center"
      },
      "geometry": {
        "type": "Point",
        "coordinates": [
          9.8597789,
          50.240498
        ]
      },
      "id": "way/972531967"
    },
    {
      "type": "Feature",
      "properties": {
        "@id": "way/972531968",
        "natural": "water",
        "water": "lake",
        "@geometry": "center"
      },
      "geometry": {
        "type": "Point",
        "coordinates": [
          9.8614419,
          50.2409903
        ]
      },
      "id": "way/972531968"
    },
    {
      "type": "Feature",
      "properties": {
        "@id": "way/972531969",
        "natural": "water",
        "water": "lake",
        "@geometry": "center"
      },
      "geometry": {
        "type": "Point",
        "coordinates": [
          9.8652908,
          50.2379796
        ]
      },
      "id": "way/972531969"
    },
    {
      "type": "Feature",
      "properties": {
        "@id": "way/972531970",
        "natural": "water",
        "water": "lake",
        "@geometry": "center"
      },
      "geometry": {
        "type": "Point",
        "coordinates": [
          9.8660955,
          50.2383948
        ]
      },
      "id": "way/972531970"
    },
    {
      "type": "Feature",
      "properties": {
        "@id": "way/972531971",
        "natural": "water",
        "water": "lake",
        "@geometry": "center"
      },
      "geometry": {
        "type": "Point",
        "coordinates": [
          9.8662135,
          50.2382164
        ]
      },
      "id": "way/972531971"
    },
    {
      "type": "Feature",
      "properties": {
        "@id": "way/972531972",
        "natural": "water",
        "water": "lake",
        "@geometry": "center"
      },
      "geometry": {
        "type": "Point",
        "coordinates": [
          9.8654463,
          50.2378389
        ]
      },
      "id": "way/972531972"
    },
    {
      "type": "Feature",
      "properties": {
        "@id": "way/972531973",
        "natural": "water",
        "water": "lake",
        "@geometry": "center"
      },
      "geometry": {
        "type": "Point",
        "coordinates": [
          9.8659533,
          50.2379951
        ]
      },
      "id": "way/972531973"
    },
    {
      "type": "Feature",
      "properties": {
        "@id": "way/972938301",
        "natural": "water",
        "water": "lake",
        "@geometry": "center"
      },
      "geometry": {
        "type": "Point",
        "coordinates": [
          10.1015044,
          50.3559341
        ]
      },
      "id": "way/972938301"
    },
    {
      "type": "Feature",
      "properties": {
        "@id": "way/974139395",
        "natural": "water",
        "water": "lake",
        "@geometry": "center"
      },
      "geometry": {
        "type": "Point",
        "coordinates": [
          9.8710677,
          50.2296817
        ]
      },
      "id": "way/974139395"
    },
    {
      "type": "Feature",
      "properties": {
        "@id": "way/974139397",
        "natural": "water",
        "water": "lake",
        "@geometry": "center"
      },
      "geometry": {
        "type": "Point",
        "coordinates": [
          9.8707485,
          50.2297863
        ]
      },
      "id": "way/974139397"
    },
    {
      "type": "Feature",
      "properties": {
        "@id": "way/974139398",
        "natural": "water",
        "water": "lake",
        "@geometry": "center"
      },
      "geometry": {
        "type": "Point",
        "coordinates": [
          9.870147,
          50.229799
        ]
      },
      "id": "way/974139398"
    },
    {
      "type": "Feature",
      "properties": {
        "@id": "way/974139400",
        "natural": "water",
        "water": "lake",
        "@geometry": "center"
      },
      "geometry": {
        "type": "Point",
        "coordinates": [
          9.8481072,
          50.2378209
        ]
      },
      "id": "way/974139400"
    },
    {
      "type": "Feature",
      "properties": {
        "@id": "way/974139988",
        "natural": "water",
        "water": "lake",
        "@geometry": "center"
      },
      "geometry": {
        "type": "Point",
        "coordinates": [
          9.8613936,
          50.2213565
        ]
      },
      "id": "way/974139988"
    },
    {
      "type": "Feature",
      "properties": {
        "@id": "way/974143457",
        "natural": "water",
        "water": "lake",
        "@geometry": "center"
      },
      "geometry": {
        "type": "Point",
        "coordinates": [
          9.8598379,
          50.2282028
        ]
      },
      "id": "way/974143457"
    },
    {
      "type": "Feature",
      "properties": {
        "@id": "way/974143458",
        "natural": "water",
        "water": "lake",
        "@geometry": "center"
      },
      "geometry": {
        "type": "Point",
        "coordinates": [
          9.8596397,
          50.2283947
        ]
      },
      "id": "way/974143458"
    },
    {
      "type": "Feature",
      "properties": {
        "@id": "way/974143461",
        "natural": "water",
        "water": "lake",
        "@geometry": "center"
      },
      "geometry": {
        "type": "Point",
        "coordinates": [
          9.8639229,
          50.2309651
        ]
      },
      "id": "way/974143461"
    },
    {
      "type": "Feature",
      "properties": {
        "@id": "way/974143462",
        "natural": "water",
        "water": "lake",
        "@geometry": "center"
      },
      "geometry": {
        "type": "Point",
        "coordinates": [
          9.8635219,
          50.2308665
        ]
      },
      "id": "way/974143462"
    },
    {
      "type": "Feature",
      "properties": {
        "@id": "way/974143467",
        "natural": "water",
        "water": "lake",
        "@geometry": "center"
      },
      "geometry": {
        "type": "Point",
        "coordinates": [
          9.8617202,
          50.2319895
        ]
      },
      "id": "way/974143467"
    },
    {
      "type": "Feature",
      "properties": {
        "@id": "way/974288744",
        "natural": "water",
        "water": "lake",
        "@geometry": "center"
      },
      "geometry": {
        "type": "Point",
        "coordinates": [
          9.867446,
          50.239961
        ]
      },
      "id": "way/974288744"
    },
    {
      "type": "Feature",
      "properties": {
        "@id": "way/974288745",
        "natural": "water",
        "water": "lake",
        "@geometry": "center"
      },
      "geometry": {
        "type": "Point",
        "coordinates": [
          9.8674782,
          50.2397226
        ]
      },
      "id": "way/974288745"
    },
    {
      "type": "Feature",
      "properties": {
        "@id": "way/974288746",
        "natural": "water",
        "water": "lake",
        "@geometry": "center"
      },
      "geometry": {
        "type": "Point",
        "coordinates": [
          9.8677276,
          50.2399113
        ]
      },
      "id": "way/974288746"
    },
    {
      "type": "Feature",
      "properties": {
        "@id": "way/974288747",
        "natural": "water",
        "water": "lake",
        "@geometry": "center"
      },
      "geometry": {
        "type": "Point",
        "coordinates": [
          9.8677799,
          50.2401162
        ]
      },
      "id": "way/974288747"
    },
    {
      "type": "Feature",
      "properties": {
        "@id": "way/974288749",
        "natural": "water",
        "water": "lake",
        "@geometry": "center"
      },
      "geometry": {
        "type": "Point",
        "coordinates": [
          9.8694375,
          50.2411241
        ]
      },
      "id": "way/974288749"
    },
    {
      "type": "Feature",
      "properties": {
        "@id": "way/974288769",
        "natural": "water",
        "water": "lake",
        "@geometry": "center"
      },
      "geometry": {
        "type": "Point",
        "coordinates": [
          9.8653726,
          50.2383836
        ]
      },
      "id": "way/974288769"
    },
    {
      "type": "Feature",
      "properties": {
        "@id": "way/974288781",
        "natural": "water",
        "water": "lake",
        "@geometry": "center"
      },
      "geometry": {
        "type": "Point",
        "coordinates": [
          9.8543595,
          50.2356709
        ]
      },
      "id": "way/974288781"
    },
    {
      "type": "Feature",
      "properties": {
        "@id": "way/974319922",
        "natural": "water",
        "water": "lake",
        "@geometry": "center"
      },
      "geometry": {
        "type": "Point",
        "coordinates": [
          9.8440223,
          50.2350854
        ]
      },
      "id": "way/974319922"
    },
    {
      "type": "Feature",
      "properties": {
        "@id": "way/974319935",
        "natural": "water",
        "water": "lake",
        "@geometry": "center"
      },
      "geometry": {
        "type": "Point",
        "coordinates": [
          9.8517215,
          50.2361139
        ]
      },
      "id": "way/974319935"
    },
    {
      "type": "Feature",
      "properties": {
        "@id": "way/974319937",
        "natural": "water",
        "water": "lake",
        "@geometry": "center"
      },
      "geometry": {
        "type": "Point",
        "coordinates": [
          9.8514855,
          50.2346891
        ]
      },
      "id": "way/974319937"
    },
    {
      "type": "Feature",
      "properties": {
        "@id": "way/974319942",
        "natural": "water",
        "water": "lake",
        "@geometry": "center"
      },
      "geometry": {
        "type": "Point",
        "coordinates": [
          9.8454747,
          50.2304735
        ]
      },
      "id": "way/974319942"
    },
    {
      "type": "Feature",
      "properties": {
        "@id": "way/974319943",
        "natural": "water",
        "water": "lake",
        "@geometry": "center"
      },
      "geometry": {
        "type": "Point",
        "coordinates": [
          9.8455055,
          50.2306734
        ]
      },
      "id": "way/974319943"
    },
    {
      "type": "Feature",
      "properties": {
        "@id": "way/976579081",
        "natural": "water",
        "water": "lake",
        "@geometry": "center"
      },
      "geometry": {
        "type": "Point",
        "coordinates": [
          10.613708,
          49.3093966
        ]
      },
      "id": "way/976579081"
    },
    {
      "type": "Feature",
      "properties": {
        "@id": "way/977582983",
        "intermittent": "yes",
        "natural": "water",
        "water": "lake",
        "@geometry": "center"
      },
      "geometry": {
        "type": "Point",
        "coordinates": [
          9.9984672,
          50.2039462
        ]
      },
      "id": "way/977582983"
    },
    {
      "type": "Feature",
      "properties": {
        "@id": "way/977582984",
        "intermittent": "yes",
        "natural": "water",
        "water": "lake",
        "@geometry": "center"
      },
      "geometry": {
        "type": "Point",
        "coordinates": [
          9.9976598,
          50.203929
        ]
      },
      "id": "way/977582984"
    },
    {
      "type": "Feature",
      "properties": {
        "@id": "way/977935811",
        "natural": "water",
        "water": "lake",
        "@geometry": "center"
      },
      "geometry": {
        "type": "Point",
        "coordinates": [
          9.7257053,
          50.1226495
        ]
      },
      "id": "way/977935811"
    },
    {
      "type": "Feature",
      "properties": {
        "@id": "way/977935817",
        "natural": "water",
        "water": "lake",
        "@geometry": "center"
      },
      "geometry": {
        "type": "Point",
        "coordinates": [
          9.7260118,
          50.1241112
        ]
      },
      "id": "way/977935817"
    },
    {
      "type": "Feature",
      "properties": {
        "@id": "way/977935821",
        "natural": "water",
        "water": "lake",
        "@geometry": "center"
      },
      "geometry": {
        "type": "Point",
        "coordinates": [
          9.7251202,
          50.1234412
        ]
      },
      "id": "way/977935821"
    },
    {
      "type": "Feature",
      "properties": {
        "@id": "way/977967464",
        "natural": "water",
        "water": "lake",
        "@geometry": "center"
      },
      "geometry": {
        "type": "Point",
        "coordinates": [
          9.7421164,
          50.0622961
        ]
      },
      "id": "way/977967464"
    },
    {
      "type": "Feature",
      "properties": {
        "@id": "way/978175571",
        "natural": "water",
        "water": "lake",
        "@geometry": "center"
      },
      "geometry": {
        "type": "Point",
        "coordinates": [
          9.6891153,
          50.1311372
        ]
      },
      "id": "way/978175571"
    },
    {
      "type": "Feature",
      "properties": {
        "@id": "way/978187389",
        "natural": "water",
        "water": "lake",
        "@geometry": "center"
      },
      "geometry": {
        "type": "Point",
        "coordinates": [
          9.6815756,
          50.1210442
        ]
      },
      "id": "way/978187389"
    },
    {
      "type": "Feature",
      "properties": {
        "@id": "way/981510678",
        "natural": "water",
        "water": "lake",
        "@geometry": "center"
      },
      "geometry": {
        "type": "Point",
        "coordinates": [
          11.19995,
          49.8549189
        ]
      },
      "id": "way/981510678"
    },
    {
      "type": "Feature",
      "properties": {
        "@id": "way/985429329",
        "natural": "water",
        "water": "lake",
        "@geometry": "center"
      },
      "geometry": {
        "type": "Point",
        "coordinates": [
          9.8244314,
          50.1861825
        ]
      },
      "id": "way/985429329"
    },
    {
      "type": "Feature",
      "properties": {
        "@id": "way/985429333",
        "natural": "water",
        "water": "lake",
        "@geometry": "center"
      },
      "geometry": {
        "type": "Point",
        "coordinates": [
          9.8257007,
          50.1850901
        ]
      },
      "id": "way/985429333"
    },
    {
      "type": "Feature",
      "properties": {
        "@id": "way/985700978",
        "natural": "water",
        "water": "lake",
        "@geometry": "center"
      },
      "geometry": {
        "type": "Point",
        "coordinates": [
          9.8326966,
          50.191022
        ]
      },
      "id": "way/985700978"
    },
    {
      "type": "Feature",
      "properties": {
        "@id": "way/985802153",
        "natural": "water",
        "water": "lake",
        "@geometry": "center"
      },
      "geometry": {
        "type": "Point",
        "coordinates": [
          9.8387963,
          50.1953274
        ]
      },
      "id": "way/985802153"
    },
    {
      "type": "Feature",
      "properties": {
        "@id": "way/986487427",
        "natural": "water",
        "water": "lake",
        "@geometry": "center"
      },
      "geometry": {
        "type": "Point",
        "coordinates": [
          9.8563,
          50.2156629
        ]
      },
      "id": "way/986487427"
    },
    {
      "type": "Feature",
      "properties": {
        "@id": "way/987088489",
        "natural": "water",
        "water": "lake",
        "@geometry": "center"
      },
      "geometry": {
        "type": "Point",
        "coordinates": [
          9.826154,
          50.1921339
        ]
      },
      "id": "way/987088489"
    },
    {
      "type": "Feature",
      "properties": {
        "@id": "way/988922927",
        "intermittent": "yes",
        "natural": "water",
        "water": "lake",
        "@geometry": "center"
      },
      "geometry": {
        "type": "Point",
        "coordinates": [
          13.0075802,
          48.7880413
        ]
      },
      "id": "way/988922927"
    },
    {
      "type": "Feature",
      "properties": {
        "@id": "way/1001845897",
        "natural": "water",
        "water": "lake",
        "@geometry": "center"
      },
      "geometry": {
        "type": "Point",
        "coordinates": [
          11.9171003,
          48.5518259
        ]
      },
      "id": "way/1001845897"
    },
    {
      "type": "Feature",
      "properties": {
        "@id": "way/1001845964",
        "natural": "water",
        "water": "lake",
        "@geometry": "center"
      },
      "geometry": {
        "type": "Point",
        "coordinates": [
          11.9151707,
          48.5499406
        ]
      },
      "id": "way/1001845964"
    },
    {
      "type": "Feature",
      "properties": {
        "@id": "way/1006727343",
        "natural": "water",
        "water": "lake",
        "@geometry": "center"
      },
      "geometry": {
        "type": "Point",
        "coordinates": [
          9.8190096,
          49.9689109
        ]
      },
      "id": "way/1006727343"
    },
    {
      "type": "Feature",
      "properties": {
        "@id": "way/1012837741",
        "name": "Waldteich",
        "natural": "water",
        "water": "lake",
        "@geometry": "center"
      },
      "geometry": {
        "type": "Point",
        "coordinates": [
          10.5363272,
          50.3391234
        ]
      },
      "id": "way/1012837741"
    },
    {
      "type": "Feature",
      "properties": {
        "@id": "way/1015744582",
        "natural": "water",
        "water": "lake",
        "@geometry": "center"
      },
      "geometry": {
        "type": "Point",
        "coordinates": [
          9.5973478,
          49.7894004
        ]
      },
      "id": "way/1015744582"
    },
    {
      "type": "Feature",
      "properties": {
        "@id": "way/1028465312",
        "natural": "water",
        "water": "lake",
        "@geometry": "center"
      },
      "geometry": {
        "type": "Point",
        "coordinates": [
          11.6446978,
          48.3792955
        ]
      },
      "id": "way/1028465312"
    },
    {
      "type": "Feature",
      "properties": {
        "@id": "way/1042593066",
        "intermittent": "yes",
        "natural": "water",
        "water": "lake",
        "@geometry": "center"
      },
      "geometry": {
        "type": "Point",
        "coordinates": [
          11.9566442,
          49.2715793
        ]
      },
      "id": "way/1042593066"
    },
    {
      "type": "Feature",
      "properties": {
        "@id": "way/1044264859",
        "natural": "water",
        "salt": "no",
        "tidal": "no",
        "water": "lake",
        "@geometry": "center"
      },
      "geometry": {
        "type": "Point",
        "coordinates": [
          10.6107116,
          48.5968392
        ]
      },
      "id": "way/1044264859"
    },
    {
      "type": "Feature",
      "properties": {
        "@id": "way/1044333085",
        "natural": "water",
        "water": "lake",
        "@geometry": "center"
      },
      "geometry": {
        "type": "Point",
        "coordinates": [
          9.7847702,
          50.0252911
        ]
      },
      "id": "way/1044333085"
    },
    {
      "type": "Feature",
      "properties": {
        "@id": "way/1044333086",
        "natural": "water",
        "water": "lake",
        "@geometry": "center"
      },
      "geometry": {
        "type": "Point",
        "coordinates": [
          9.7847722,
          50.0249318
        ]
      },
      "id": "way/1044333086"
    },
    {
      "type": "Feature",
      "properties": {
        "@id": "way/1049817769",
        "name": "Seestallsee",
        "natural": "water",
        "water": "lake",
        "@geometry": "center"
      },
      "geometry": {
        "type": "Point",
        "coordinates": [
          11.8932069,
          48.9875387
        ]
      },
      "id": "way/1049817769"
    },
    {
      "type": "Feature",
      "properties": {
        "@id": "way/1054011114",
        "natural": "water",
        "water": "lake",
        "@geometry": "center"
      },
      "geometry": {
        "type": "Point",
        "coordinates": [
          11.2221238,
          48.1331723
        ]
      },
      "id": "way/1054011114"
    },
    {
      "type": "Feature",
      "properties": {
        "@id": "way/1058644936",
        "name": "Huckepacksee",
        "natural": "water",
        "water": "lake",
        "@geometry": "center"
      },
      "geometry": {
        "type": "Point",
        "coordinates": [
          10.1884421,
          49.7032915
        ]
      },
      "id": "way/1058644936"
    },
    {
      "type": "Feature",
      "properties": {
        "@id": "way/1058645034",
        "natural": "water",
        "water": "lake",
        "@geometry": "center"
      },
      "geometry": {
        "type": "Point",
        "coordinates": [
          10.1885974,
          49.7032559
        ]
      },
      "id": "way/1058645034"
    },
    {
      "type": "Feature",
      "properties": {
        "@id": "way/1068429724",
        "description": "dieser See hat keinen Zulauf vom Main, er wird nur durch das Grundwasser gespeist",
        "natural": "water",
        "water": "lake",
        "@geometry": "center"
      },
      "geometry": {
        "type": "Point",
        "coordinates": [
          9.8867414,
          49.7974923
        ]
      },
      "id": "way/1068429724"
    },
    {
      "type": "Feature",
      "properties": {
        "@id": "way/1068429846",
        "description": "dieser See hat keinen Zulauf vom Main, er wird nur durch das Grundwasser gespeist",
        "natural": "water",
        "water": "lake",
        "@geometry": "center"
      },
      "geometry": {
        "type": "Point",
        "coordinates": [
          9.8858653,
          49.7977544
        ]
      },
      "id": "way/1068429846"
    },
    {
      "type": "Feature",
      "properties": {
        "@id": "way/1068858084",
        "intermittent": "no",
        "natural": "water",
        "salt": "no",
        "tidal": "no",
        "water": "lake",
        "@geometry": "center"
      },
      "geometry": {
        "type": "Point",
        "coordinates": [
          10.6296136,
          48.6150631
        ]
      },
      "id": "way/1068858084"
    },
    {
      "type": "Feature",
      "properties": {
        "@id": "way/1068858085",
        "intermittent": "no",
        "natural": "water",
        "salt": "no",
        "tidal": "no",
        "water": "lake",
        "@geometry": "center"
      },
      "geometry": {
        "type": "Point",
        "coordinates": [
          10.6299552,
          48.6152855
        ]
      },
      "id": "way/1068858085"
    },
    {
      "type": "Feature",
      "properties": {
        "@id": "way/1076909027",
        "natural": "water",
        "water": "lake",
        "@geometry": "center"
      },
      "geometry": {
        "type": "Point",
        "coordinates": [
          11.7271334,
          48.7834553
        ]
      },
      "id": "way/1076909027"
    },
    {
      "type": "Feature",
      "properties": {
        "@id": "way/1076909036",
        "natural": "water",
        "water": "lake",
        "@geometry": "center"
      },
      "geometry": {
        "type": "Point",
        "coordinates": [
          11.7384148,
          48.7917556
        ]
      },
      "id": "way/1076909036"
    },
    {
      "type": "Feature",
      "properties": {
        "@id": "way/1080010449",
        "description": "Der Kniebrecher See (die Schreibweise variiert: Kniebrechersee, Kniebrechesee; kurz: Kniebreche) ist ein Feuchtbiotop im westlichen Würzburger Stadtwald und gehört offiziell zum Stadtbezirk Steinbachtal.",
        "image": "https://www.wuerzburg-photos.de/kniebrecher_see/",
        "name": "Kniebrechersee",
        "natural": "water",
        "water": "lake",
        "website": "https://wuerzburgwiki.de/wiki/Kniebrecher_See",
        "@geometry": "center"
      },
      "geometry": {
        "type": "Point",
        "coordinates": [
          9.9155428,
          49.7515549
        ]
      },
      "id": "way/1080010449"
    },
    {
      "type": "Feature",
      "properties": {
        "@id": "way/1085139001",
        "description": "Zulauf kommt vom Brunnen der Vetternschaftshütte in einer Wasserrinne. Zudem gilt der See als Krötenlaichplatz,\nOberhalb auf einen Felsplateau ist eine Picknikbank.",
        "name": "Krötenlaichteich",
        "natural": "water",
        "water": "lake",
        "@geometry": "center"
      },
      "geometry": {
        "type": "Point",
        "coordinates": [
          9.9225731,
          49.7725494
        ]
      },
      "id": "way/1085139001"
    },
    {
      "type": "Feature",
      "properties": {
        "@id": "way/1086679637",
        "description": "Der Name \"Blutsee\" kommt von einer gelegentlichen Rotfärbung des Wassers durch eine bestimmte Algenart.",
        "name": "Blutsee",
        "natural": "water",
        "water": "lake",
        "@geometry": "center"
      },
      "geometry": {
        "type": "Point",
        "coordinates": [
          9.8340662,
          49.7249561
        ]
      },
      "id": "way/1086679637"
    },
    {
      "type": "Feature",
      "properties": {
        "@id": "way/1086882574",
        "natural": "water",
        "salt": "no",
        "tidal": "no",
        "water": "lake",
        "@geometry": "center"
      },
      "geometry": {
        "type": "Point",
        "coordinates": [
          10.4797344,
          48.1593821
        ]
      },
      "id": "way/1086882574"
    },
    {
      "type": "Feature",
      "properties": {
        "@id": "way/1089940784",
        "natural": "water",
        "water": "lake",
        "@geometry": "center"
      },
      "geometry": {
        "type": "Point",
        "coordinates": [
          11.9989543,
          49.6703646
        ]
      },
      "id": "way/1089940784"
    },
    {
      "type": "Feature",
      "properties": {
        "@id": "way/1090564786",
        "natural": "water",
        "water": "lake",
        "@geometry": "center"
      },
      "geometry": {
        "type": "Point",
        "coordinates": [
          12.8758458,
          48.8222905
        ]
      },
      "id": "way/1090564786"
    },
    {
      "type": "Feature",
      "properties": {
        "@id": "way/1095395675",
        "natural": "water",
        "water": "lake",
        "@geometry": "center"
      },
      "geometry": {
        "type": "Point",
        "coordinates": [
          12.1537355,
          48.9967097
        ]
      },
      "id": "way/1095395675"
    },
    {
      "type": "Feature",
      "properties": {
        "@id": "way/1096082814",
        "check_date": "2022-09-18",
        "description": "Es sind mehere, derzeit mindestens 6 oder 7 (durch Bieber?) aufgestaute Wasserflächen vorhanden",
        "natural": "water",
        "water": "lake",
        "@geometry": "center"
      },
      "geometry": {
        "type": "Point",
        "coordinates": [
          13.3110942,
          48.9884904
        ]
      },
      "id": "way/1096082814"
    },
    {
      "type": "Feature",
      "properties": {
        "@id": "way/1096082815",
        "check_date": "2022-09-18",
        "description": "Es sind mehere, derzeit mindestens 6 oder 7 (durch Bieber?) aufgestaute Wasserflächen vorhanden",
        "natural": "water",
        "water": "lake",
        "@geometry": "center"
      },
      "geometry": {
        "type": "Point",
        "coordinates": [
          13.3104332,
          48.9882303
        ]
      },
      "id": "way/1096082815"
    },
    {
      "type": "Feature",
      "properties": {
        "@id": "way/1127576663",
        "ele": "931",
        "intermittent": "no",
        "name": "Freibergsee",
        "natural": "water",
        "salt": "no",
        "tidal": "no",
        "water": "lake",
        "wikidata": "Q1453834",
        "wikipedia": "de:Freibergsee",
        "@geometry": "center"
      },
      "geometry": {
        "type": "Point",
        "coordinates": [
          10.2684415,
          47.3805597
        ]
      },
      "id": "way/1127576663"
    },
    {
      "type": "Feature",
      "properties": {
        "@id": "way/1130688709",
        "name": "Nichtschwimmerbereich",
        "natural": "water",
        "water": "lake",
        "@geometry": "center"
      },
      "geometry": {
        "type": "Point",
        "coordinates": [
          11.4030441,
          50.098243
        ]
      },
      "id": "way/1130688709"
    },
    {
      "type": "Feature",
      "properties": {
        "@id": "way/1130707189",
        "natural": "water",
        "water": "lake",
        "@geometry": "center"
      },
      "geometry": {
        "type": "Point",
        "coordinates": [
          12.3109296,
          48.9750502
        ]
      },
      "id": "way/1130707189"
    },
    {
      "type": "Feature",
      "properties": {
        "@id": "way/1130707190",
        "natural": "water",
        "water": "lake",
        "@geometry": "center"
      },
      "geometry": {
        "type": "Point",
        "coordinates": [
          12.3106389,
          48.9755741
        ]
      },
      "id": "way/1130707190"
    },
    {
      "type": "Feature",
      "properties": {
        "@id": "way/1132012227",
        "natural": "water",
        "water": "lake",
        "@geometry": "center"
      },
      "geometry": {
        "type": "Point",
        "coordinates": [
          12.2954897,
          47.9162228
        ]
      },
      "id": "way/1132012227"
    },
    {
      "type": "Feature",
      "properties": {
        "@id": "way/1162749118",
        "natural": "water",
        "water": "lake",
        "@geometry": "center"
      },
      "geometry": {
        "type": "Point",
        "coordinates": [
          10.3393092,
          48.5118592
        ]
      },
      "id": "way/1162749118"
    },
    {
      "type": "Feature",
      "properties": {
        "@id": "way/1162749119",
        "natural": "water",
        "water": "lake",
        "@geometry": "center"
      },
      "geometry": {
        "type": "Point",
        "coordinates": [
          10.3434827,
          48.5132806
        ]
      },
      "id": "way/1162749119"
    },
    {
      "type": "Feature",
      "properties": {
        "@id": "way/1172185215",
        "natural": "water",
        "water": "lake",
        "@geometry": "center"
      },
      "geometry": {
        "type": "Point",
        "coordinates": [
          10.5961521,
          48.6201487
        ]
      },
      "id": "way/1172185215"
    },
    {
      "type": "Feature",
      "properties": {
        "@id": "way/1180144106",
        "natural": "water",
        "water": "lake",
        "@geometry": "center"
      },
      "geometry": {
        "type": "Point",
        "coordinates": [
          12.0844338,
          49.6500977
        ]
      },
      "id": "way/1180144106"
    },
    {
      "type": "Feature",
      "properties": {
        "@id": "way/1189792911",
        "fishing": "private",
        "leisure": "fishing",
        "name": "Wiesendorfer Weiher",
        "natural": "water",
        "operator": "Anglerfreunde Rain 1984 e.V.",
        "water": "lake",
        "@geometry": "center"
      },
      "geometry": {
        "type": "Point",
        "coordinates": [
          12.4650893,
          48.892406
        ]
      },
      "id": "way/1189792911"
    },
    {
      "type": "Feature",
      "properties": {
        "@id": "way/1189792913",
        "fishing": "private",
        "leisure": "fishing",
        "name": "Inselweiher",
        "natural": "water",
        "operator": "Anglerfreunde Rain 1984 e.V.",
        "water": "lake",
        "@geometry": "center"
      },
      "geometry": {
        "type": "Point",
        "coordinates": [
          12.4671765,
          48.8959299
        ]
      },
      "id": "way/1189792913"
    },
    {
      "type": "Feature",
      "properties": {
        "@id": "way/1190231785",
        "natural": "water",
        "water": "lake",
        "@geometry": "center"
      },
      "geometry": {
        "type": "Point",
        "coordinates": [
          12.4981298,
          48.9161155
        ]
      },
      "id": "way/1190231785"
    },
    {
      "type": "Feature",
      "properties": {
        "@id": "way/1193838941",
        "name": "Gaabsweiher",
        "natural": "water",
        "source": "survey, Bing",
        "water": "lake",
        "@geometry": "center"
      },
      "geometry": {
        "type": "Point",
        "coordinates": [
          11.1015817,
          50.1525431
        ]
      },
      "id": "way/1193838941"
    },
    {
      "type": "Feature",
      "properties": {
        "@id": "way/1198773584",
        "natural": "water",
        "water": "lake",
        "@geometry": "center"
      },
      "geometry": {
        "type": "Point",
        "coordinates": [
          12.5024959,
          48.889168
        ]
      },
      "id": "way/1198773584"
    },
    {
      "type": "Feature",
      "properties": {
        "@id": "way/1199784017",
        "natural": "water",
        "water": "lake",
        "@geometry": "center"
      },
      "geometry": {
        "type": "Point",
        "coordinates": [
          11.518011,
          48.0410373
        ]
      },
      "id": "way/1199784017"
    },
    {
      "type": "Feature",
      "properties": {
        "@id": "way/1201617233",
        "name": "Hölbinger Weiher",
        "natural": "water",
        "water": "lake",
        "@geometry": "center"
      },
      "geometry": {
        "type": "Point",
        "coordinates": [
          12.8625625,
          47.7779631
        ]
      },
      "id": "way/1201617233"
    },
    {
      "type": "Feature",
      "properties": {
        "@id": "way/1201734988",
        "natural": "water",
        "water": "lake",
        "@geometry": "center"
      },
      "geometry": {
        "type": "Point",
        "coordinates": [
          10.1657409,
          49.644938
        ]
      },
      "id": "way/1201734988"
    },
    {
      "type": "Feature",
      "properties": {
        "@id": "way/1205547713",
        "natural": "water",
        "water": "lake",
        "@geometry": "center"
      },
      "geometry": {
        "type": "Point",
        "coordinates": [
          10.7008944,
          49.5348757
        ]
      },
      "id": "way/1205547713"
    },
    {
      "type": "Feature",
      "properties": {
        "@id": "way/1205919760",
        "natural": "water",
        "water": "lake",
        "@geometry": "center"
      },
      "geometry": {
        "type": "Point",
        "coordinates": [
          9.7236384,
          49.7851122
        ]
      },
      "id": "way/1205919760"
    },
    {
      "type": "Feature",
      "properties": {
        "@id": "way/1208662067",
        "intermittent": "yes",
        "name": "Sollsee",
        "natural": "water",
        "water": "lake",
        "@geometry": "center"
      },
      "geometry": {
        "type": "Point",
        "coordinates": [
          9.7388547,
          49.8426374
        ]
      },
      "id": "way/1208662067"
    },
    {
      "type": "Feature",
      "properties": {
        "@id": "way/1216783343",
        "natural": "water",
        "water": "lake",
        "@geometry": "center"
      },
      "geometry": {
        "type": "Point",
        "coordinates": [
          10.5913485,
          48.0503756
        ]
      },
      "id": "way/1216783343"
    },
    {
      "type": "Feature",
      "properties": {
        "@id": "way/1216914155",
        "natural": "water",
        "water": "lake",
        "@geometry": "center"
      },
      "geometry": {
        "type": "Point",
        "coordinates": [
          10.4463123,
          48.2738939
        ]
      },
      "id": "way/1216914155"
    },
    {
      "type": "Feature",
      "properties": {
        "@id": "way/1224021642",
        "natural": "water",
        "water": "lake",
        "@geometry": "center"
      },
      "geometry": {
        "type": "Point",
        "coordinates": [
          10.9816476,
          50.190307
        ]
      },
      "id": "way/1224021642"
    },
    {
      "type": "Feature",
      "properties": {
        "@id": "way/1224639395",
        "natural": "water",
        "water": "lake",
        "@geometry": "center"
      },
      "geometry": {
        "type": "Point",
        "coordinates": [
          13.1102856,
          49.0534772
        ]
      },
      "id": "way/1224639395"
    },
    {
      "type": "Feature",
      "properties": {
        "@id": "way/1232419793",
        "intermittent": "no",
        "name": "Parksee",
        "natural": "water",
        "salt": "no",
        "tidal": "no",
        "water": "lake",
        "@geometry": "center"
      },
      "geometry": {
        "type": "Point",
        "coordinates": [
          11.7548157,
          48.1695775
        ]
      },
      "id": "way/1232419793"
    },
    {
      "type": "Feature",
      "properties": {
        "@id": "way/1237338198",
        "depth": "16",
        "name": "Pullinger Weiher",
        "natural": "water",
        "water": "lake",
        "wikidata": "Q22693545",
        "wikimedia_commons": "Category:Pullinger Weiher",
        "wikipedia": "de:Pullinger Weiher",
        "@geometry": "center"
      },
      "geometry": {
        "type": "Point",
        "coordinates": [
          11.7093684,
          48.354749
        ]
      },
      "id": "way/1237338198"
    },
    {
      "type": "Feature",
      "properties": {
        "@id": "way/1238464713",
        "natural": "water",
        "water": "lake",
        "@geometry": "center"
      },
      "geometry": {
        "type": "Point",
        "coordinates": [
          10.186032,
          49.8913967
        ]
      },
      "id": "way/1238464713"
    },
    {
      "type": "Feature",
      "properties": {
        "@id": "way/1238464714",
        "natural": "water",
        "water": "lake",
        "@geometry": "center"
      },
      "geometry": {
        "type": "Point",
        "coordinates": [
          10.1866403,
          49.8919816
        ]
      },
      "id": "way/1238464714"
    },
    {
      "type": "Feature",
      "properties": {
        "@id": "way/1238464717",
        "description": "Baggersee",
        "natural": "water",
        "water": "lake",
        "@geometry": "center"
      },
      "geometry": {
        "type": "Point",
        "coordinates": [
          10.1842819,
          49.8896922
        ]
      },
      "id": "way/1238464717"
    },
    {
      "type": "Feature",
      "properties": {
        "@id": "way/1240842033",
        "golf": "lateral_water_hazard",
        "natural": "water",
        "water": "lake",
        "@geometry": "center"
      },
      "geometry": {
        "type": "Point",
        "coordinates": [
          10.418645,
          48.3523654
        ]
      },
      "id": "way/1240842033"
    },
    {
      "type": "Feature",
      "properties": {
        "@id": "way/1241438287",
        "natural": "water",
        "water": "lake",
        "@geometry": "center"
      },
      "geometry": {
        "type": "Point",
        "coordinates": [
          10.4244766,
          48.3577366
        ]
      },
      "id": "way/1241438287"
    },
    {
      "type": "Feature",
      "properties": {
        "@id": "way/1241875180",
        "natural": "water",
        "water": "lake",
        "@geometry": "center"
      },
      "geometry": {
        "type": "Point",
        "coordinates": [
          11.6780226,
          48.2382069
        ]
      },
      "id": "way/1241875180"
    },
    {
      "type": "Feature",
      "properties": {
        "@id": "way/1241875182",
        "natural": "water",
        "water": "lake",
        "@geometry": "center"
      },
      "geometry": {
        "type": "Point",
        "coordinates": [
          11.6780748,
          48.2380864
        ]
      },
      "id": "way/1241875182"
    },
    {
      "type": "Feature",
      "properties": {
        "@id": "way/1241935531",
        "natural": "water",
        "water": "lake",
        "@geometry": "center"
      },
      "geometry": {
        "type": "Point",
        "coordinates": [
          10.2400885,
          49.3810211
        ]
      },
      "id": "way/1241935531"
    },
    {
      "type": "Feature",
      "properties": {
        "@id": "way/1244647370",
        "natural": "water",
        "water": "lake",
        "@geometry": "center"
      },
      "geometry": {
        "type": "Point",
        "coordinates": [
          11.9001648,
          48.3878816
        ]
      },
      "id": "way/1244647370"
    },
    {
      "type": "Feature",
      "properties": {
        "@id": "way/1254204450",
        "natural": "water",
        "water": "lake",
        "@geometry": "center"
      },
      "geometry": {
        "type": "Point",
        "coordinates": [
          12.0624945,
          47.8061769
        ]
      },
      "id": "way/1254204450"
    },
    {
      "type": "Feature",
      "properties": {
        "@id": "way/1254204451",
        "natural": "water",
        "water": "lake",
        "@geometry": "center"
      },
      "geometry": {
        "type": "Point",
        "coordinates": [
          12.0655442,
          47.8060598
        ]
      },
      "id": "way/1254204451"
    },
    {
      "type": "Feature",
      "properties": {
        "@id": "way/1254204452",
        "natural": "water",
        "water": "lake",
        "@geometry": "center"
      },
      "geometry": {
        "type": "Point",
        "coordinates": [
          12.0675772,
          47.8064507
        ]
      },
      "id": "way/1254204452"
    },
    {
      "type": "Feature",
      "properties": {
        "@id": "way/1254204453",
        "natural": "water",
        "water": "lake",
        "@geometry": "center"
      },
      "geometry": {
        "type": "Point",
        "coordinates": [
          12.070289,
          47.8052996
        ]
      },
      "id": "way/1254204453"
    },
    {
      "type": "Feature",
      "properties": {
        "@id": "way/1254204454",
        "natural": "water",
        "water": "lake",
        "@geometry": "center"
      },
      "geometry": {
        "type": "Point",
        "coordinates": [
          12.0706485,
          47.8058238
        ]
      },
      "id": "way/1254204454"
    },
    {
      "type": "Feature",
      "properties": {
        "@id": "way/1254204456",
        "natural": "water",
        "water": "lake",
        "@geometry": "center"
      },
      "geometry": {
        "type": "Point",
        "coordinates": [
          12.056884,
          47.7968119
        ]
      },
      "id": "way/1254204456"
    },
    {
      "type": "Feature",
      "properties": {
        "@id": "way/1254204457",
        "natural": "water",
        "water": "lake",
        "@geometry": "center"
      },
      "geometry": {
        "type": "Point",
        "coordinates": [
          12.0573474,
          47.795075
        ]
      },
      "id": "way/1254204457"
    },
    {
      "type": "Feature",
      "properties": {
        "@id": "way/1254204458",
        "natural": "water",
        "water": "lake",
        "@geometry": "center"
      },
      "geometry": {
        "type": "Point",
        "coordinates": [
          12.0573191,
          47.7941749
        ]
      },
      "id": "way/1254204458"
    },
    {
      "type": "Feature",
      "properties": {
        "@id": "way/1254204459",
        "natural": "water",
        "water": "lake",
        "@geometry": "center"
      },
      "geometry": {
        "type": "Point",
        "coordinates": [
          12.0565454,
          47.7944074
        ]
      },
      "id": "way/1254204459"
    },
    {
      "type": "Feature",
      "properties": {
        "@id": "way/1254204461",
        "natural": "water",
        "water": "lake",
        "@geometry": "center"
      },
      "geometry": {
        "type": "Point",
        "coordinates": [
          12.0478067,
          47.793082
        ]
      },
      "id": "way/1254204461"
    },
    {
      "type": "Feature",
      "properties": {
        "@id": "way/1254204462",
        "natural": "water",
        "water": "lake",
        "@geometry": "center"
      },
      "geometry": {
        "type": "Point",
        "coordinates": [
          12.0511219,
          47.7943217
        ]
      },
      "id": "way/1254204462"
    },
    {
      "type": "Feature",
      "properties": {
        "@id": "way/1266455200",
        "natural": "water",
        "water": "lake",
        "@geometry": "center"
      },
      "geometry": {
        "type": "Point",
        "coordinates": [
          11.1782241,
          49.1664214
        ]
      },
      "id": "way/1266455200"
    },
    {
      "type": "Feature",
      "properties": {
        "@id": "way/1266455201",
        "natural": "water",
        "water": "lake",
        "@geometry": "center"
      },
      "geometry": {
        "type": "Point",
        "coordinates": [
          11.1796028,
          49.1659944
        ]
      },
      "id": "way/1266455201"
    },
    {
      "type": "Feature",
      "properties": {
        "@id": "way/1266455202",
        "natural": "water",
        "water": "lake",
        "@geometry": "center"
      },
      "geometry": {
        "type": "Point",
        "coordinates": [
          11.1913837,
          49.1586558
        ]
      },
      "id": "way/1266455202"
    },
    {
      "type": "Feature",
      "properties": {
        "@id": "way/1266455203",
        "natural": "water",
        "water": "lake",
        "@geometry": "center"
      },
      "geometry": {
        "type": "Point",
        "coordinates": [
          11.184955,
          49.1579831
        ]
      },
      "id": "way/1266455203"
    },
    {
      "type": "Feature",
      "properties": {
        "@id": "way/1270821891",
        "natural": "water",
        "water": "lake",
        "@geometry": "center"
      },
      "geometry": {
        "type": "Point",
        "coordinates": [
          9.9507272,
          49.9043889
        ]
      },
      "id": "way/1270821891"
    },
    {
      "type": "Feature",
      "properties": {
        "@id": "way/1277911060",
        "natural": "water",
        "water": "lake",
        "@geometry": "center"
      },
      "geometry": {
        "type": "Point",
        "coordinates": [
          12.0604238,
          47.7824482
        ]
      },
      "id": "way/1277911060"
    },
    {
      "type": "Feature",
      "properties": {
        "@id": "way/1280507839",
        "natural": "water",
        "salt": "no",
        "water": "lake",
        "@geometry": "center"
      },
      "geometry": {
        "type": "Point",
        "coordinates": [
          10.8754985,
          48.0081938
        ]
      },
      "id": "way/1280507839"
    },
    {
      "type": "Feature",
      "properties": {
        "@id": "way/1307359662",
        "natural": "water",
        "water": "lake",
        "@geometry": "center"
      },
      "geometry": {
        "type": "Point",
        "coordinates": [
          13.7828536,
          48.74321
        ]
      },
      "id": "way/1307359662"
    },
    {
      "type": "Feature",
      "properties": {
        "@id": "way/1307359663",
        "natural": "water",
        "water": "lake",
        "@geometry": "center"
      },
      "geometry": {
        "type": "Point",
        "coordinates": [
          13.7840355,
          48.7433694
        ]
      },
      "id": "way/1307359663"
    },
    {
      "type": "Feature",
      "properties": {
        "@id": "way/1310835903",
        "natural": "water",
        "water": "lake",
        "@geometry": "center"
      },
      "geometry": {
        "type": "Point",
        "coordinates": [
          11.6140251,
          47.867479
        ]
      },
      "id": "way/1310835903"
    },
    {
      "type": "Feature",
      "properties": {
        "@id": "way/1310948809",
        "natural": "water",
        "water": "lake",
        "@geometry": "center"
      },
      "geometry": {
        "type": "Point",
        "coordinates": [
          11.2844758,
          47.8107986
        ]
      },
      "id": "way/1310948809"
    },
    {
      "type": "Feature",
      "properties": {
        "@id": "way/1313514322",
        "natural": "water",
        "water": "lake",
        "@geometry": "center"
      },
      "geometry": {
        "type": "Point",
        "coordinates": [
          11.9951549,
          49.3026264
        ]
      },
      "id": "way/1313514322"
    },
    {
      "type": "Feature",
      "properties": {
        "@id": "way/1315637923",
        "name": "Bleicher Weiher",
        "natural": "water",
        "water": "lake",
        "wikidata": "Q130301390",
        "@geometry": "center"
      },
      "geometry": {
        "type": "Point",
        "coordinates": [
          10.2974517,
          47.7490406
        ]
      },
      "id": "way/1315637923"
    },
    {
      "type": "Feature",
      "properties": {
        "@id": "way/1316010413",
        "natural": "water",
        "water": "lake",
        "@geometry": "center"
      },
      "geometry": {
        "type": "Point",
        "coordinates": [
          10.1368792,
          48.0168922
        ]
      },
      "id": "way/1316010413"
    },
    {
      "type": "Feature",
      "properties": {
        "@id": "way/1318603277",
        "natural": "water",
        "water": "lake",
        "@geometry": "center"
      },
      "geometry": {
        "type": "Point",
        "coordinates": [
          9.902429,
          47.5734322
        ]
      },
      "id": "way/1318603277"
    },
    {
      "type": "Feature",
      "properties": {
        "@id": "way/1322291012",
        "natural": "water",
        "water": "lake",
        "@geometry": "center"
      },
      "geometry": {
        "type": "Point",
        "coordinates": [
          12.2453952,
          49.9187085
        ]
      },
      "id": "way/1322291012"
    },
    {
      "type": "Feature",
      "properties": {
        "@id": "way/1330252553",
        "natural": "water",
        "salt": "no",
        "tidal": "no",
        "water": "lake",
        "@geometry": "center"
      },
      "geometry": {
        "type": "Point",
        "coordinates": [
          12.1660627,
          49.9565333
        ]
      },
      "id": "way/1330252553"
    },
    {
      "type": "Feature",
      "properties": {
        "@id": "way/1330252555",
        "natural": "water",
        "water": "lake",
        "@geometry": "center"
      },
      "geometry": {
        "type": "Point",
        "coordinates": [
          12.1600131,
          49.9534807
        ]
      },
      "id": "way/1330252555"
    },
    {
      "type": "Feature",
      "properties": {
        "@id": "way/1352970104",
        "natural": "water",
        "water": "lake",
        "@geometry": "center"
      },
      "geometry": {
        "type": "Point",
        "coordinates": [
          10.7588011,
          48.4926792
        ]
      },
      "id": "way/1352970104"
    },
    {
      "type": "Feature",
      "properties": {
        "@id": "way/1353395977",
        "natural": "water",
        "water": "lake",
        "@geometry": "center"
      },
      "geometry": {
        "type": "Point",
        "coordinates": [
          12.0685481,
          49.0968023
        ]
      },
      "id": "way/1353395977"
    },
    {
      "type": "Feature",
      "properties": {
        "@id": "way/1363879959",
        "natural": "water",
        "water": "lake",
        "@geometry": "center"
      },
      "geometry": {
        "type": "Point",
        "coordinates": [
          11.9522107,
          48.0509224
        ]
      },
      "id": "way/1363879959"
    },
    {
      "type": "Feature",
      "properties": {
        "@id": "way/1363879960",
        "natural": "water",
        "water": "lake",
        "@geometry": "center"
      },
      "geometry": {
        "type": "Point",
        "coordinates": [
          11.952227,
          48.0510814
        ]
      },
      "id": "way/1363879960"
    },
    {
      "type": "Feature",
      "properties": {
        "@id": "way/1377507350",
        "description": "Tümpel",
        "natural": "water",
        "salt": "no",
        "tidal": "no",
        "water": "lake",
        "@geometry": "center"
      },
      "geometry": {
        "type": "Point",
        "coordinates": [
          10.0641653,
          48.4335363
        ]
      },
      "id": "way/1377507350"
    },
    {
      "type": "Feature",
      "properties": {
        "@id": "way/1379884585",
        "intermittent": "no",
        "name": "Obereisenheimer See",
        "natural": "water",
        "salt": "no",
        "tidal": "no",
        "water": "lake",
        "@geometry": "center"
      },
      "geometry": {
        "type": "Point",
        "coordinates": [
          10.186535,
          49.9008032
        ]
      },
      "id": "way/1379884585"
    },
    {
      "type": "Feature",
      "properties": {
        "@id": "way/1381512483",
        "natural": "water",
        "water": "lake",
        "@geometry": "center"
      },
      "geometry": {
        "type": "Point",
        "coordinates": [
          10.2548135,
          47.2878978
        ]
      },
      "id": "way/1381512483"
    },
    {
      "type": "Feature",
      "properties": {
        "@id": "way/1387521164",
        "natural": "water",
        "water": "lake",
        "@geometry": "center"
      },
      "geometry": {
        "type": "Point",
        "coordinates": [
          12.2105625,
          47.7978301
        ]
      },
      "id": "way/1387521164"
    },
    {
      "type": "Feature",
      "properties": {
        "@id": "way/1388920079",
        "natural": "water",
        "water": "lake",
        "@geometry": "center"
      },
      "geometry": {
        "type": "Point",
        "coordinates": [
          11.1767336,
          47.5751336
        ]
      },
      "id": "way/1388920079"
    },
    {
      "type": "Feature",
      "properties": {
        "@id": "way/1389223757",
        "natural": "water",
        "water": "lake",
        "@geometry": "center"
      },
      "geometry": {
        "type": "Point",
        "coordinates": [
          11.3799462,
          50.1022986
        ]
      },
      "id": "way/1389223757"
    },
    {
      "type": "Feature",
      "properties": {
        "@id": "way/1392208711",
        "natural": "water",
        "water": "lake",
        "@geometry": "center"
      },
      "geometry": {
        "type": "Point",
        "coordinates": [
          12.0349007,
          47.7900194
        ]
      },
      "id": "way/1392208711"
    },
    {
      "type": "Feature",
      "properties": {
        "@id": "way/1396700610",
        "intermittent": "no",
        "natural": "water",
        "salt": "no",
        "tidal": "no",
        "water": "lake",
        "@geometry": "center"
      },
      "geometry": {
        "type": "Point",
        "coordinates": [
          12.1596273,
          49.0230202
        ]
      },
      "id": "way/1396700610"
    },
    {
      "type": "Feature",
      "properties": {
        "@id": "way/1431234565",
        "intermittent": "yes",
        "natural": "water",
        "water": "lake",
        "@geometry": "center"
      },
      "geometry": {
        "type": "Point",
        "coordinates": [
          11.9384895,
          49.3066316
        ]
      },
      "id": "way/1431234565"
    },
    {
      "type": "Feature",
      "properties": {
        "@id": "way/1435190733",
        "natural": "water",
        "water": "lake",
        "@geometry": "center"
      },
      "geometry": {
        "type": "Point",
        "coordinates": [
          10.3713899,
          48.4910282
        ]
      },
      "id": "way/1435190733"
    },
    {
      "type": "Feature",
      "properties": {
        "@id": "way/1435508226",
        "name": "Badesee Elfershausen",
        "natural": "water",
        "water": "lake",
        "@geometry": "center"
      },
      "geometry": {
        "type": "Point",
        "coordinates": [
          9.9591509,
          50.1443807
        ]
      },
      "id": "way/1435508226"
    },
    {
      "type": "Feature",
      "properties": {
        "@id": "way/1442682005",
        "intermittent": "no",
        "name": "Hirschlacke",
        "natural": "water",
        "salt": "no",
        "tidal": "no",
        "water": "lake",
        "@geometry": "center"
      },
      "geometry": {
        "type": "Point",
        "coordinates": [
          12.8188808,
          47.5618733
        ]
      },
      "id": "way/1442682005"
    },
    {
      "type": "Feature",
      "properties": {
        "@id": "way/1442885170",
        "area": "yes",
        "intermittent": "no",
        "name": "Neuer Baggersee Dettelbach",
        "natural": "water",
        "nudism": "yes",
        "salt": "no",
        "tidal": "no",
        "water": "lake",
        "@geometry": "center"
      },
      "geometry": {
        "type": "Point",
        "coordinates": [
          10.1731834,
          49.8006069
        ]
      },
      "id": "way/1442885170"
    },
    {
      "type": "Feature",
      "properties": {
        "@id": "way/1443296124",
        "natural": "water",
        "water": "lake",
        "@geometry": "center"
      },
      "geometry": {
        "type": "Point",
        "coordinates": [
          12.0600583,
          47.7852009
        ]
      },
      "id": "way/1443296124"
    },
    {
      "type": "Feature",
      "properties": {
        "@id": "way/1443558113",
        "natural": "water",
        "water": "lake",
        "@geometry": "center"
      },
      "geometry": {
        "type": "Point",
        "coordinates": [
          10.0880907,
          48.4273285
        ]
      },
      "id": "way/1443558113"
    },
    {
      "type": "Feature",
      "properties": {
        "@id": "way/1452616597",
        "natural": "water",
        "water": "lake",
        "@geometry": "center"
      },
      "geometry": {
        "type": "Point",
        "coordinates": [
          12.3882705,
          48.2575376
        ]
      },
      "id": "way/1452616597"
    },
    {
      "type": "Feature",
      "properties": {
        "@id": "way/1452624970",
        "natural": "water",
        "water": "lake",
        "@geometry": "center"
      },
      "geometry": {
        "type": "Point",
        "coordinates": [
          11.9562974,
          48.2549078
        ]
      },
      "id": "way/1452624970"
    },
    {
      "type": "Feature",
      "properties": {
        "@id": "way/1458007172",
        "name": "Fuckersee",
        "natural": "water",
        "water": "lake",
        "@geometry": "center"
      },
      "geometry": {
        "type": "Point",
        "coordinates": [
          10.3585934,
          49.8153813
        ]
      },
      "id": "way/1458007172"
    },
    {
      "type": "Feature",
      "properties": {
        "@id": "way/1466276927",
        "fishing": "yes",
        "intermittent": "no",
        "name": "Siegelsee Blaichach",
        "natural": "water",
        "salt": "no",
        "tidal": "no",
        "water": "lake",
        "@geometry": "center"
      },
      "geometry": {
        "type": "Point",
        "coordinates": [
          10.258739,
          47.5480755
        ]
      },
      "id": "way/1466276927"
    },
    {
      "type": "Feature",
      "properties": {
        "@id": "way/1466276928",
        "fishing": "yes",
        "name": "Siegelsee Blaichach",
        "natural": "water",
        "salt": "no",
        "tidal": "no",
        "water": "lake",
        "@geometry": "center"
      },
      "geometry": {
        "type": "Point",
        "coordinates": [
          10.2627682,
          47.5461571
        ]
      },
      "id": "way/1466276928"
    },
    {
      "type": "Feature",
      "properties": {
        "@id": "node/3574207093",
        "name": "Helgraben",
        "natural": "water",
        "water": "lake"
      },
      "geometry": {
        "type": "Point",
        "coordinates": [
          11.3105881,
          47.7772575
        ]
      },
      "id": "node/3574207093"
    }
  ]
}