{
  "type": "FeatureCollection",
  "generator": "overpass-turbo",
  "copyright": "The data included in this document is from www.openstreetmap.org. The data is made available under ODbL.",
  "timestamp": "2026-01-13T12:03:29Z",
  "features": [
    {
      "type": "Feature",
      "properties": {
        "@id": "node/21634385",
        "ele": "1972",
        "name": "Berchtesgadener Hochthron",
        "natural": "peak",
        "prominence": "1278",
        "ref:avf": "1180",
        "summit:cross": "yes",
        "summit:register": "yes",
        "wikidata": "Q317811",
        "wikipedia": "de:Berchtesgadener Hochthron"
      },
      "geometry": {
        "type": "Point",
        "coordinates": [
          12.986619,
          47.6935146
        ]
      },
      "id": "node/21634385"
    },
    {
      "type": "Feature",
      "properties": {
        "@id": "node/21634651",
        "ele": "1874",
        "name": "Jenner",
        "name:zh": "耶拿峰",
        "natural": "peak",
        "ref:avf": "2820",
        "summit:cross": "yes",
        "summit:register": "no",
        "wikidata": "Q315611",
        "wikipedia": "de:Jenner (Berg)"
      },
      "geometry": {
        "type": "Point",
        "coordinates": [
          13.0203822,
          47.5756849
        ]
      },
      "id": "node/21634651"
    },
    {
      "type": "Feature",
      "properties": {
        "@id": "node/26862546",
        "ele": "1800",
        "ele:NN": "1800",
        "name": "Benediktenwand",
        "natural": "peak",
        "note": "Bitte nicht nach Bing ausrichten. Bingbilder sind im Bereich der Benewand sehr schlecht ausgerichtet. Die Bayerische Vermessungsverwaltung gibt die Höhe inzwischen mit 1800 statt wie früher mit 1801 an.",
        "source": "GPS",
        "summit:cross": "yes",
        "summit:register": "yes",
        "wikidata": "Q456783",
        "wikipedia": "de:Benediktenwand"
      },
      "geometry": {
        "type": "Point",
        "coordinates": [
          11.4655437,
          47.6531721
        ]
      },
      "id": "node/26862546"
    },
    {
      "type": "Feature",
      "properties": {
        "@id": "node/26862641",
        "ele": "1701",
        "name": "Buchstein",
        "natural": "peak",
        "summit:cross": "yes",
        "wikidata": "Q31557989",
        "wikimedia_commons": "Category:Roß- und Buchstein"
      },
      "geometry": {
        "type": "Point",
        "coordinates": [
          11.6793681,
          47.63307
        ]
      },
      "id": "node/26862641"
    },
    {
      "type": "Feature",
      "properties": {
        "@id": "node/26863050",
        "ele": "1456",
        "importance": "national",
        "name": "Großer Arber",
        "name:cs": "Velký Javor",
        "name:ru": "Большой Явор",
        "natural": "peak",
        "prominence": "1026",
        "summit:cross": "yes",
        "summit:register": "no",
        "wikidata": "Q260073",
        "wikipedia": "de:Großer Arber"
      },
      "geometry": {
        "type": "Point",
        "coordinates": [
          13.13619,
          49.1124718
        ]
      },
      "id": "node/26863050"
    },
    {
      "type": "Feature",
      "properties": {
        "@id": "node/26863061",
        "ele": "1738",
        "name": "Übelhorn",
        "natural": "peak",
        "prominence": "661",
        "summit:cross": "yes",
        "summit:register": "no",
        "wikidata": "Q130718862"
      },
      "geometry": {
        "type": "Point",
        "coordinates": [
          10.3200331,
          47.5549517
        ]
      },
      "id": "node/26863061"
    },
    {
      "type": "Feature",
      "properties": {
        "@id": "node/26863128",
        "ele": "1791",
        "name": "Heimgarten",
        "natural": "peak",
        "summit:cross": "yes",
        "summit:register": "no",
        "wikidata": "Q315930",
        "wikipedia": "de:Heimgarten (Berg)"
      },
      "geometry": {
        "type": "Point",
        "coordinates": [
          11.2806617,
          47.6125791
        ]
      },
      "id": "node/26863128"
    },
    {
      "type": "Feature",
      "properties": {
        "@id": "node/26863171",
        "check_date:summit:register": "2024-11-01",
        "ele": "1748",
        "name": "Hochgern",
        "natural": "peak",
        "summit:cross": "yes",
        "summit:register": "yes",
        "wikidata": "Q1515760",
        "wikipedia": "de:Hochgern"
      },
      "geometry": {
        "type": "Point",
        "coordinates": [
          12.515785,
          47.7505749
        ]
      },
      "id": "node/26863171"
    },
    {
      "type": "Feature",
      "properties": {
        "@id": "node/26863176",
        "ele": "2608",
        "name": "Hochkalter",
        "natural": "peak",
        "ref:avf": "2050",
        "summit:cross": "yes",
        "wikidata": "Q883041"
      },
      "geometry": {
        "type": "Point",
        "coordinates": [
          12.8658126,
          47.5693262
        ]
      },
      "id": "node/26863176"
    },
    {
      "type": "Feature",
      "properties": {
        "@id": "node/26863307",
        "check_date:summit:register": "2023-09-20",
        "ele": "1664",
        "name": "Kampenwand-Ostgipfel",
        "natural": "peak",
        "summit:cross": "yes",
        "summit:cross:height": "12",
        "summit:cross:inscription": "Gewidmet den Gefallenen des Chiemgaus",
        "summit:cross:material": "metal",
        "summit:cross:name": "Chiemgaukreuz",
        "summit:cross:start_date": "1950",
        "summit:register": "yes"
      },
      "geometry": {
        "type": "Point",
        "coordinates": [
          12.3682524,
          47.7559873
        ]
      },
      "id": "node/26863307"
    },
    {
      "type": "Feature",
      "properties": {
        "@id": "node/26863335",
        "ele": "1739",
        "massif": "Lattengebirge",
        "name": "Karkopf",
        "natural": "peak",
        "summit:cross": "yes",
        "wikidata": "Q584978"
      },
      "geometry": {
        "type": "Point",
        "coordinates": [
          12.8927162,
          47.6863663
        ]
      },
      "id": "node/26863335"
    },
    {
      "type": "Feature",
      "properties": {
        "@id": "node/26863431",
        "ele": "1985",
        "name": "Kramerspitz",
        "natural": "peak",
        "summit:cross": "yes",
        "summit:register": "no",
        "wikidata": "Q885415"
      },
      "geometry": {
        "type": "Point",
        "coordinates": [
          11.0472646,
          47.5068832
        ]
      },
      "id": "node/26863431"
    },
    {
      "type": "Feature",
      "properties": {
        "@id": "node/26863440",
        "ele": "2086",
        "name": "Krottenkopf",
        "natural": "peak",
        "prominence": "1156",
        "summit:cross": "yes",
        "wikidata": "Q565442"
      },
      "geometry": {
        "type": "Point",
        "coordinates": [
          11.1914281,
          47.5443752
        ]
      },
      "id": "node/26863440"
    },
    {
      "type": "Feature",
      "properties": {
        "@id": "node/26864452",
        "ele": "1826",
        "name": "Risserkogel",
        "natural": "peak",
        "source:ele": "guidepost",
        "summit:cross": "yes",
        "wikidata": "Q315932",
        "wikimedia_commons": "File:Gipfelkreuz Risserkogel.jpg",
        "wikipedia": "de:Risserkogel"
      },
      "geometry": {
        "type": "Point",
        "coordinates": [
          11.8035474,
          47.6368812
        ]
      },
      "id": "node/26864452"
    },
    {
      "type": "Feature",
      "properties": {
        "@id": "node/26864487",
        "ele": "1884",
        "name": "Rotwand",
        "natural": "peak",
        "source:ele": "guidepost",
        "summit:cross": "yes",
        "summit:register": "no",
        "wikidata": "Q458097"
      },
      "geometry": {
        "type": "Point",
        "coordinates": [
          11.9344203,
          47.6502104
        ]
      },
      "id": "node/26864487"
    },
    {
      "type": "Feature",
      "properties": {
        "@id": "node/26864552",
        "alt_name": "Trausnitzberg",
        "ele": "1808",
        "ele:NN": "1808",
        "inscription": "Zum Andenken an unseren Bergkameraden Albert Schneider, der an dieser Stelle das erste Kreuz erstellte und am 4.7.1963 im Alter von 61 Jahren starb.",
        "name": "Österreichischer Schinder",
        "natural": "peak",
        "summit:cross": "yes",
        "summit:register": "yes",
        "wikidata": "Q165212",
        "wikipedia": "de:Schinder (Berg)"
      },
      "geometry": {
        "type": "Point",
        "coordinates": [
          11.8611348,
          47.601085
        ]
      },
      "id": "node/26864552"
    },
    {
      "type": "Feature",
      "properties": {
        "@id": "node/26864777",
        "ele": "1532",
        "name": "Staffel",
        "natural": "peak",
        "summit:cross": "yes",
        "summit:register": "yes",
        "wikidata": "Q1507853",
        "wikipedia": "de:Staffel (Berg)"
      },
      "geometry": {
        "type": "Point",
        "coordinates": [
          11.4677249,
          47.5857802
        ]
      },
      "id": "node/26864777"
    },
    {
      "type": "Feature",
      "properties": {
        "@id": "node/26865134",
        "ele": "1838",
        "inscription": "Im schönen Tempel der Natur siehst du des großen Gottes Spur, doch willst du ihn noch größer seh, so bleib bei seinem Kreuze stehn. Das erste geweihte Gipfelkreuz wurde 1876 von 65 Bayrischzeller Bürger aufgestellt.",
        "name": "Wendelstein",
        "natural": "peak",
        "summit:cross": "yes",
        "summit:register": "no",
        "wikidata": "Q819671",
        "wikipedia": "de:Wendelstein (Berg)"
      },
      "geometry": {
        "type": "Point",
        "coordinates": [
          12.0120518,
          47.7034761
        ]
      },
      "id": "node/26865134"
    },
    {
      "type": "Feature",
      "properties": {
        "@id": "node/26865140",
        "ele": "1448",
        "name": "Wildbarren",
        "natural": "peak",
        "note": "Neues Gipfelkreuz 2015",
        "source:ele": "summit:register",
        "source_ref": "http://www.flickr.com/photos/kogo59/6116507757/",
        "summit:cross": "yes",
        "summit:register": "yes",
        "wikidata": "Q2570414"
      },
      "geometry": {
        "type": "Point",
        "coordinates": [
          12.1382447,
          47.6811906
        ]
      },
      "id": "node/26865140"
    },
    {
      "type": "Feature",
      "properties": {
        "@id": "node/27257372",
        "ele": "1076",
        "name": "Schachenberg",
        "natural": "peak",
        "source:ele": "guidepost",
        "summit:cross": "yes",
        "wikidata": "Q31523854"
      },
      "geometry": {
        "type": "Point",
        "coordinates": [
          12.2943687,
          47.7126605
        ]
      },
      "id": "node/27257372"
    },
    {
      "type": "Feature",
      "properties": {
        "@id": "node/27384190",
        "alt_name": "Zugspitze (Ostgipfel)",
        "ele": "2962",
        "importance": "national",
        "name": "Zugspitze",
        "name:ja": "ツークシュピッツェ",
        "natural": "peak",
        "prominence": "1746",
        "source:prominence": "2962-1216 (Fernpass)",
        "summit:cross": "yes",
        "wikidata": "Q3375",
        "wikimedia_commons": "Category:Zugspitze",
        "wikipedia": "de:Zugspitze"
      },
      "geometry": {
        "type": "Point",
        "coordinates": [
          10.986297,
          47.421215
        ]
      },
      "id": "node/27384190"
    },
    {
      "type": "Feature",
      "properties": {
        "@id": "node/48783387",
        "ele": "1569",
        "man_made": "cross",
        "name": "Hochries",
        "natural": "peak",
        "source:ele": "guidepost",
        "summit:cross": "yes",
        "summit:register": "no",
        "wikidata": "Q1533425",
        "wikipedia": "de:Hochries"
      },
      "geometry": {
        "type": "Point",
        "coordinates": [
          12.2487348,
          47.747151
        ]
      },
      "id": "node/48783387"
    },
    {
      "type": "Feature",
      "properties": {
        "@id": "node/48783390",
        "description:de": "Beschriftetes Panoramafoto (s. \"image\"), Ausblick vom Heuberg-Gipfel (1,0 MB)",
        "ele": "1338",
        "image": "http://www.hoehenrausch.de/panoramabilder/bilder/gross/heuberg1-720-7.jpg",
        "inscription": "1967",
        "name": "Heuberg",
        "natural": "peak",
        "summit:cross": "yes",
        "summit:register": "yes",
        "website": "https://www.chiemsee-alpenland.de/Media/touren-gps/Wandern-von-Nussdorf-aus-Auf-den-Heuberg",
        "wikidata": "Q1616384",
        "wikipedia": "de:Heuberg (Chiemgauer Alpen)"
      },
      "geometry": {
        "type": "Point",
        "coordinates": [
          12.1843387,
          47.7260968
        ]
      },
      "id": "node/48783390"
    },
    {
      "type": "Feature",
      "properties": {
        "@id": "node/48783748",
        "description": "Es gibt eigentlich zwei Kreuze. Ein bayrisches und ein tirolerisches Kreuz.",
        "ele": "1368",
        "name": "Kranzhorn",
        "natural": "peak",
        "source:ele": "basemap.at",
        "summit:cross": "yes",
        "wikidata": "Q1439810",
        "wikipedia": "de:Kranzhorn"
      },
      "geometry": {
        "type": "Point",
        "coordinates": [
          12.1835401,
          47.7005164
        ]
      },
      "id": "node/48783748"
    },
    {
      "type": "Feature",
      "properties": {
        "@id": "node/48783878",
        "check_date:summit:register": "2023-11-08",
        "ele": "1337",
        "inscription": "2006 IHS",
        "name": "Großer Riesenkopf",
        "natural": "peak",
        "source:ele": "guidepost",
        "summit:cross": "yes",
        "summit:register": "yes",
        "wikidata": "Q1548935",
        "wikipedia": "de:Großer Riesenkopf"
      },
      "geometry": {
        "type": "Point",
        "coordinates": [
          12.1068813,
          47.7084725
        ]
      },
      "id": "node/48783878"
    },
    {
      "type": "Feature",
      "properties": {
        "@id": "node/49898914",
        "ele": "1514",
        "man_made": "cross",
        "name": "Feichteck",
        "natural": "peak",
        "source:ele": "guidepost",
        "summit:cross": "yes",
        "summit:register": "yes",
        "wikidata": "Q30274699"
      },
      "geometry": {
        "type": "Point",
        "coordinates": [
          12.2310292,
          47.7344547
        ]
      },
      "id": "node/49898914"
    },
    {
      "type": "Feature",
      "properties": {
        "@id": "node/60196133",
        "ele": "1655",
        "man_made": "cross",
        "name": "Imberger Horn",
        "natural": "peak",
        "prominence": "388",
        "ref:avf": "1226",
        "summit:cross": "yes",
        "wikidata": "Q1030783",
        "wikimedia_commons": "Category:Imberger Horn",
        "wikipedia": "de:Imberger Horn"
      },
      "geometry": {
        "type": "Point",
        "coordinates": [
          10.3570694,
          47.4842702
        ]
      },
      "id": "node/60196133"
    },
    {
      "type": "Feature",
      "properties": {
        "@id": "node/67233894",
        "ele": "2253",
        "man_made": "cross",
        "name": "Soiernspitze",
        "natural": "peak",
        "summit:cross": "yes",
        "wikidata": "Q316066",
        "wikipedia": "de:Soiernspitze"
      },
      "geometry": {
        "type": "Point",
        "coordinates": [
          11.3571077,
          47.4815666
        ]
      },
      "id": "node/67233894"
    },
    {
      "type": "Feature",
      "properties": {
        "@id": "node/84446881",
        "ele": "1838",
        "name": "Breitenberg",
        "natural": "peak",
        "ref:avf": "990",
        "summit:cross": "yes",
        "wikidata": "Q881991",
        "wikipedia": "de:Breitenberg (Tannheimer Berge)"
      },
      "geometry": {
        "type": "Point",
        "coordinates": [
          10.55186,
          47.5486
        ]
      },
      "id": "node/84446881"
    },
    {
      "type": "Feature",
      "properties": {
        "@id": "node/95964265",
        "ele": "1333",
        "name": "Hochstein",
        "natural": "peak",
        "summit:cross": "yes",
        "summit:register": "no",
        "wikidata": "Q1622345",
        "wikimedia_commons": "Category:Hochstein (Dreisesselberg)"
      },
      "geometry": {
        "type": "Point",
        "coordinates": [
          13.8027768,
          48.7847492
        ]
      },
      "id": "node/95964265"
    },
    {
      "type": "Feature",
      "properties": {
        "@id": "node/96405646",
        "ele": "1453",
        "name": "Großer Rachel",
        "name:cs": "Velký Roklan",
        "natural": "peak",
        "source": "wikipedia.de",
        "summit:cross": "yes",
        "summit:register": "yes",
        "wikidata": "Q884705",
        "wikipedia": "de:Großer Rachel"
      },
      "geometry": {
        "type": "Point",
        "coordinates": [
          13.3889715,
          48.9785352
        ]
      },
      "id": "node/96405646"
    },
    {
      "type": "Feature",
      "properties": {
        "@id": "node/96428403",
        "ele": "1293",
        "name": "Großer Osser",
        "name:cs": "Ostrý",
        "name:de": "Großer Osser",
        "natural": "peak",
        "prominence": "178",
        "source": "ČÚZK",
        "summit:cross": "yes",
        "wikidata": "Q57572842"
      },
      "geometry": {
        "type": "Point",
        "coordinates": [
          13.1097845,
          49.2031833
        ]
      },
      "id": "node/96428403"
    },
    {
      "type": "Feature",
      "properties": {
        "@id": "node/96428405",
        "ele": "1384",
        "name": "Kleiner Arber",
        "name:cs": "Malý Javor",
        "natural": "peak",
        "source": "wikipedia.de",
        "summit:cross": "yes",
        "wikidata": "Q882309",
        "wikipedia": "de:Kleiner Arber"
      },
      "geometry": {
        "type": "Point",
        "coordinates": [
          13.1100722,
          49.1133011
        ]
      },
      "id": "node/96428405"
    },
    {
      "type": "Feature",
      "properties": {
        "@id": "node/96874625",
        "ele": "1670",
        "man_made": "cross",
        "name": "Hirschberg",
        "natural": "peak",
        "summit:cross": "yes",
        "summit:register": "yes",
        "wikidata": "Q1620367",
        "wikimedia_commons": "Category:Hirschberg_(Mangfallgebirge)",
        "wikipedia": "de:Hirschberg (Kreuth)"
      },
      "geometry": {
        "type": "Point",
        "coordinates": [
          11.6961076,
          47.6607583
        ]
      },
      "id": "node/96874625"
    },
    {
      "type": "Feature",
      "properties": {
        "@id": "node/97173084",
        "ele": "1555",
        "name": "Brauneck",
        "natural": "peak",
        "summit:cross": "yes",
        "wikidata": "Q180647",
        "wikipedia": "de:Brauneck"
      },
      "geometry": {
        "type": "Point",
        "coordinates": [
          11.5247915,
          47.6641902
        ]
      },
      "id": "node/97173084"
    },
    {
      "type": "Feature",
      "properties": {
        "@id": "node/129954057",
        "ele": "539",
        "historic": "archaeological_site",
        "name": "Staffelberg",
        "natural": "peak",
        "summit:cross": "yes",
        "summit:register": "no",
        "wheelchair": "yes",
        "wikidata": "Q1771083",
        "wikipedia": "de:Staffelberg"
      },
      "geometry": {
        "type": "Point",
        "coordinates": [
          11.0235663,
          50.0927625
        ]
      },
      "id": "node/129954057"
    },
    {
      "type": "Feature",
      "properties": {
        "@id": "node/173853050",
        "ele": "999",
        "name": "Kreuzfelsen",
        "natural": "peak",
        "summit:cross": "yes",
        "summit:register": "yes",
        "wikidata": "Q1788267",
        "wikipedia": "de:Kreuzfelsen (Bayerischer Wald)"
      },
      "geometry": {
        "type": "Point",
        "coordinates": [
          12.9227995,
          49.1764528
        ]
      },
      "id": "node/173853050"
    },
    {
      "type": "Feature",
      "properties": {
        "@id": "node/173883540",
        "ele": "1304",
        "inscription": "INRI",
        "name": "Grünstein",
        "natural": "peak",
        "summit:cross": "yes",
        "summit:cross:material": "wood",
        "wikidata": "Q1552351",
        "wikipedia": "de:Grünstein (Watzmann)"
      },
      "geometry": {
        "type": "Point",
        "coordinates": [
          12.9654528,
          47.5943452
        ]
      },
      "id": "node/173883540"
    },
    {
      "type": "Feature",
      "properties": {
        "@id": "node/191018794",
        "ele": "1545",
        "name": "Kratzer",
        "natural": "peak",
        "summit:cross": "yes"
      },
      "geometry": {
        "type": "Point",
        "coordinates": [
          11.7053909,
          47.6655995
        ]
      },
      "id": "node/191018794"
    },
    {
      "type": "Feature",
      "properties": {
        "@id": "node/253348578",
        "check_date": "2024-05-01",
        "ele": "910",
        "name": "Dandlberg",
        "natural": "peak",
        "summit:cross": "yes",
        "summit:register": "no",
        "wikidata": "Q31549886"
      },
      "geometry": {
        "type": "Point",
        "coordinates": [
          12.1768349,
          47.766608
        ]
      },
      "id": "node/253348578"
    },
    {
      "type": "Feature",
      "properties": {
        "@id": "node/256041659",
        "ele": "2609",
        "name": "Bockkarkopf",
        "natural": "peak",
        "prominence": "105",
        "ref:avf": "879",
        "summit:cross": "yes",
        "summit:register": "no",
        "wikidata": "Q573647",
        "wikipedia": "de:Bockkarkopf"
      },
      "geometry": {
        "type": "Point",
        "coordinates": [
          10.2877037,
          47.2921766
        ]
      },
      "id": "node/256041659"
    },
    {
      "type": "Feature",
      "properties": {
        "@id": "node/256041839",
        "ele": "2385",
        "name": "Westliche Karwendelspitze",
        "natural": "peak",
        "summit:cross": "yes",
        "wikidata": "Q316308",
        "wikipedia": "de:Westliche Karwendelspitze"
      },
      "geometry": {
        "type": "Point",
        "coordinates": [
          11.298858,
          47.4300189
        ]
      },
      "id": "node/256041839"
    },
    {
      "type": "Feature",
      "properties": {
        "@id": "node/256041922",
        "ele": "2644",
        "name": "Mädelegabel",
        "natural": "peak",
        "prominence": "84",
        "ref:avf": "865",
        "summit:cross": "yes",
        "summit:register": "yes",
        "wikidata": "Q186077",
        "wikipedia": "de:Mädelegabel"
      },
      "geometry": {
        "type": "Point",
        "coordinates": [
          10.2956802,
          47.2999249
        ]
      },
      "id": "node/256041922"
    },
    {
      "type": "Feature",
      "properties": {
        "@id": "node/259965405",
        "ele": "2170",
        "name": "Walser Hammerspitze",
        "natural": "peak",
        "old_name:de_AT:": "Hammerspitze",
        "old_name:de_DE": "Schüsser",
        "ref:avf": "767",
        "summit:cross": "yes",
        "wikidata": "Q1741866",
        "wikipedia": "de:Walser Hammerspitze"
      },
      "geometry": {
        "type": "Point",
        "coordinates": [
          10.1995502,
          47.3264552
        ]
      },
      "id": "node/259965405"
    },
    {
      "type": "Feature",
      "properties": {
        "@id": "node/260686432",
        "ele": "1722",
        "historic": "wayside_cross",
        "inscription": "Errichtet von \"Die Wallberger\", Verein zur Erhaltung der Volkstracht,  Egern-Rottach am 14. August 1892",
        "name": "Wallberg",
        "natural": "peak",
        "source:ele": "guidepost",
        "summit:cross": "yes",
        "wikidata": "Q321002",
        "wikipedia": "de:Wallberg"
      },
      "geometry": {
        "type": "Point",
        "coordinates": [
          11.7967506,
          47.6658847
        ]
      },
      "id": "node/260686432"
    },
    {
      "type": "Feature",
      "properties": {
        "@id": "node/260686440",
        "alt_name": "Plankenstein",
        "ele": "1768",
        "name": "Blankenstein",
        "natural": "peak",
        "sport": "climbing",
        "summit:cross": "yes",
        "wikidata": "Q316937",
        "wikimedia_commons": "Category:Plankenstein (Berg)",
        "wikipedia": "de:Plankenstein (Berg)"
      },
      "geometry": {
        "type": "Point",
        "coordinates": [
          11.8027794,
          47.6401852
        ]
      },
      "id": "node/260686440"
    },
    {
      "type": "Feature",
      "properties": {
        "@id": "node/260692620",
        "ele": "1706",
        "name": "Setzberg",
        "natural": "peak",
        "note": "Andere Quellen geben 1712 an.",
        "source:ele": "guidepost",
        "summit:cross": "yes",
        "summit:register": "no",
        "wikidata": "Q15059993"
      },
      "geometry": {
        "type": "Point",
        "coordinates": [
          11.7846084,
          47.6512206
        ]
      },
      "id": "node/260692620"
    },
    {
      "type": "Feature",
      "properties": {
        "@id": "node/260813828",
        "ele": "1883",
        "ele:NN": "1882",
        "man_made": "cross",
        "name": "Hochmiesing",
        "natural": "peak",
        "source:ele": "guidepost",
        "summit:cross": "yes",
        "wikidata": "Q15056698"
      },
      "geometry": {
        "type": "Point",
        "coordinates": [
          11.9414061,
          47.6578441
        ]
      },
      "id": "node/260813828"
    },
    {
      "type": "Feature",
      "properties": {
        "@id": "node/260815496",
        "ele": "1805",
        "name": "Ruchenköpfe",
        "natural": "peak",
        "summit:cross": "yes",
        "summit:register": "yes",
        "wikidata": "Q317794"
      },
      "geometry": {
        "type": "Point",
        "coordinates": [
          11.9472618,
          47.6480977
        ]
      },
      "id": "node/260815496"
    },
    {
      "type": "Feature",
      "properties": {
        "@id": "node/260826433",
        "ele": "1746",
        "inscription": "Zum Gedenken der gefallenen Helden des Aurachtales gewidmet vom G.T.E.V. Jagerkamm - 1939 - 1945",
        "name": "Jägerkamp",
        "natural": "peak",
        "source:ele": "guidepost",
        "summit:cross": "yes",
        "summit:register": "yes",
        "wikidata": "Q1714867",
        "wikipedia": "de:Jägerkamp"
      },
      "geometry": {
        "type": "Point",
        "coordinates": [
          11.9060494,
          47.673511
        ]
      },
      "id": "node/260826433"
    },
    {
      "type": "Feature",
      "properties": {
        "@id": "node/260826436",
        "ele": "1759",
        "name": "Aiplspitz",
        "natural": "peak",
        "source:ele": "guidepost",
        "summit:cross": "yes",
        "summit:register": "yes",
        "wikidata": "Q316319",
        "wikipedia": "de:Aiplspitz"
      },
      "geometry": {
        "type": "Point",
        "coordinates": [
          11.923695,
          47.6731724
        ]
      },
      "id": "node/260826436"
    },
    {
      "type": "Feature",
      "properties": {
        "@id": "node/260858296",
        "ele": "1811",
        "ele:NN": "1811",
        "ele:source": "sign",
        "name": "Auerspitz",
        "natural": "peak",
        "summit:cross": "yes",
        "wikidata": "Q759286"
      },
      "geometry": {
        "type": "Point",
        "coordinates": [
          11.9452834,
          47.6437639
        ]
      },
      "id": "node/260858296"
    },
    {
      "type": "Feature",
      "properties": {
        "@id": "node/260869935",
        "alt_name": "Seeberg",
        "ele": "1538",
        "name": "Seebergkopf",
        "natural": "peak",
        "source:ele": "guidepost",
        "summit:cross": "yes",
        "summit:register": "yes",
        "wikidata": "Q2264591"
      },
      "geometry": {
        "type": "Point",
        "coordinates": [
          11.9977464,
          47.664361
        ]
      },
      "id": "node/260869935"
    },
    {
      "type": "Feature",
      "properties": {
        "@id": "node/260978152",
        "checkpoint": "hiking",
        "checkpoint:type": "stamp",
        "ele": "1720",
        "name": "Wildalpjoch",
        "natural": "peak",
        "source:ele": "guidepost",
        "summit:cross": "yes",
        "summit:register": "yes",
        "wikidata": "Q1293138"
      },
      "geometry": {
        "type": "Point",
        "coordinates": [
          12.0354302,
          47.7013233
        ]
      },
      "id": "node/260978152"
    },
    {
      "type": "Feature",
      "properties": {
        "@id": "node/260979669",
        "ele": "1622",
        "ele:source": "guideposts",
        "name": "Breitenstein",
        "natural": "peak",
        "summit:cross": "yes",
        "summit:register": "yes",
        "wikidata": "Q879983",
        "wikipedia": "de:Breitenstein (Bayerische Voralpen)"
      },
      "geometry": {
        "type": "Point",
        "coordinates": [
          11.9877728,
          47.7210941
        ]
      },
      "id": "node/260979669"
    },
    {
      "type": "Feature",
      "properties": {
        "@id": "node/260982269",
        "ele": "840",
        "man_made": "maypole",
        "name": "Kleiner Barmstein",
        "natural": "peak",
        "note": "Maibaum als Gipfelkreuz",
        "source:ele": "Digitales Laser-Oberflächenmodel, Land Salzburg",
        "summit:cross": "yes",
        "summit:register": "no"
      },
      "geometry": {
        "type": "Point",
        "coordinates": [
          13.0777636,
          47.6888917
        ]
      },
      "id": "node/260982269"
    },
    {
      "type": "Feature",
      "properties": {
        "@id": "node/261020752",
        "check_date": "2025-03-22",
        "ele": "1348",
        "name": "Zwiesel",
        "natural": "peak",
        "summit:cross": "yes",
        "summit:register": "no",
        "wikidata": "Q14850767",
        "wikipedia": "de:Zwiesel (Kocheler Berge)"
      },
      "geometry": {
        "type": "Point",
        "coordinates": [
          11.4884518,
          47.7235737
        ]
      },
      "id": "node/261020752"
    },
    {
      "type": "Feature",
      "properties": {
        "@id": "node/263534391",
        "alt_name": "Rauhkopf",
        "ele": "1691",
        "name": "Raukopf",
        "natural": "peak",
        "source:ele": "summit cross",
        "summit:cross": "yes",
        "wikidata": "Q19721169"
      },
      "geometry": {
        "type": "Point",
        "coordinates": [
          11.9209823,
          47.6636283
        ]
      },
      "id": "node/263534391"
    },
    {
      "type": "Feature",
      "properties": {
        "@id": "node/264035398",
        "ele": "1707",
        "name": "Trainsjoch",
        "natural": "peak",
        "source:ele": "summit:cross",
        "summit:cross": "yes",
        "summit:register": "yes",
        "wikidata": "Q15132489",
        "wikipedia": "de:Trainsjoch"
      },
      "geometry": {
        "type": "Point",
        "coordinates": [
          12.0543473,
          47.615268
        ]
      },
      "id": "node/264035398"
    },
    {
      "type": "Feature",
      "properties": {
        "@id": "node/264037688",
        "ele": "1852",
        "name": "Großer Traithen",
        "natural": "peak",
        "prominence": "1007",
        "source": "survey",
        "summit:cross": "yes",
        "summit:register": "yes",
        "wikidata": "Q320745",
        "wikipedia": "de:Großer Traithen"
      },
      "geometry": {
        "type": "Point",
        "coordinates": [
          12.0376336,
          47.6465626
        ]
      },
      "id": "node/264037688"
    },
    {
      "type": "Feature",
      "properties": {
        "@id": "node/264037689",
        "ele": "1722",
        "name": "Kleiner Traithen",
        "natural": "peak",
        "summit:cross": "yes",
        "wikidata": "Q31534231"
      },
      "geometry": {
        "type": "Point",
        "coordinates": [
          12.0358478,
          47.6548955
        ]
      },
      "id": "node/264037689"
    },
    {
      "type": "Feature",
      "properties": {
        "@id": "node/264055806",
        "alt_name": "Geigerstein",
        "ele": "1491",
        "man_made": "cross",
        "name": "Geierstein",
        "natural": "peak",
        "summit:cross": "yes",
        "summit:register": "yes",
        "wikidata": "Q1498712",
        "wikipedia": "de:Geierstein"
      },
      "geometry": {
        "type": "Point",
        "coordinates": [
          11.6190828,
          47.6796515
        ]
      },
      "id": "node/264055806"
    },
    {
      "type": "Feature",
      "properties": {
        "@id": "node/264055810",
        "ele": "1604",
        "name": "Spitzkamp",
        "natural": "peak",
        "summit:cross": "yes",
        "summit:register": "yes",
        "wikidata": "Q367455",
        "wikipedia": "de:Kampen (Berg)"
      },
      "geometry": {
        "type": "Point",
        "coordinates": [
          11.6545785,
          47.658927
        ]
      },
      "id": "node/264055810"
    },
    {
      "type": "Feature",
      "properties": {
        "@id": "node/264056090",
        "ele": "1594",
        "name": "Ochsenkamp",
        "natural": "peak",
        "summit:cross": "yes",
        "summit:register": "yes",
        "wikidata": "Q367455",
        "wikipedia": "de:Kampen (Berg)"
      },
      "geometry": {
        "type": "Point",
        "coordinates": [
          11.6660249,
          47.6661218
        ]
      },
      "id": "node/264056090"
    },
    {
      "type": "Feature",
      "properties": {
        "@id": "node/264056175",
        "alias": "Silberkopf",
        "ele": "1601",
        "name": "Seekarkreuz",
        "natural": "peak",
        "summit:cross": "yes",
        "summit:register": "yes",
        "wikidata": "Q2265064",
        "wikipedia": "de:Seekarkreuz"
      },
      "geometry": {
        "type": "Point",
        "coordinates": [
          11.6431635,
          47.6521541
        ]
      },
      "id": "node/264056175"
    },
    {
      "type": "Feature",
      "properties": {
        "@id": "node/264778079",
        "ele": "1515",
        "name": "Hirschhörnlkopf",
        "natural": "peak",
        "summit:cross": "yes",
        "wikidata": "Q1620459",
        "wikipedia": "de:Hirschhörnlkopf"
      },
      "geometry": {
        "type": "Point",
        "coordinates": [
          11.4063247,
          47.6274844
        ]
      },
      "id": "node/264778079"
    },
    {
      "type": "Feature",
      "properties": {
        "@id": "node/266993268",
        "ele": "1693",
        "name": "Taubenstein",
        "natural": "peak",
        "source:ele": "Label",
        "summit:cross": "yes",
        "summit:register": "no",
        "wikidata": "Q15060298",
        "wikimedia_commons": "File:Summit cross Taubenstein.jpg",
        "wikipedia": "de:Taubenstein"
      },
      "geometry": {
        "type": "Point",
        "coordinates": [
          11.9211109,
          47.6584811
        ]
      },
      "id": "node/266993268"
    },
    {
      "type": "Feature",
      "properties": {
        "@id": "node/267433562",
        "ele": "1661",
        "inscription": "Den gef. u. verst. Bergkameraden",
        "name": "Breitenstein",
        "natural": "peak",
        "source:ele": "summit:register",
        "summit:cross": "yes",
        "summit:register": "yes",
        "wikidata": "Q15108006",
        "wikipedia": "de:Breitenstein (Chiemgauer Alpen)"
      },
      "geometry": {
        "type": "Point",
        "coordinates": [
          12.3380388,
          47.6971732
        ]
      },
      "id": "node/267433562"
    },
    {
      "type": "Feature",
      "properties": {
        "@id": "node/267792214",
        "ele": "1456",
        "name": "Buchrain",
        "natural": "peak",
        "summit:cross": "yes",
        "summit:register": "no",
        "wikidata": "Q90926649",
        "wikipedia": "de:Buchrain (Ohlstadt)"
      },
      "geometry": {
        "type": "Point",
        "coordinates": [
          11.2439569,
          47.6145286
        ]
      },
      "id": "node/267792214"
    },
    {
      "type": "Feature",
      "properties": {
        "@id": "node/268245911",
        "ele": "586.8",
        "name": "Neubürg",
        "natural": "peak",
        "summit:cross": "yes",
        "wikidata": "Q1979357",
        "wikipedia": "de:Neubürg"
      },
      "geometry": {
        "type": "Point",
        "coordinates": [
          11.4008147,
          49.8918882
        ]
      },
      "id": "node/268245911"
    },
    {
      "type": "Feature",
      "properties": {
        "@id": "node/268765217",
        "ele": "1935",
        "name": "Hirschbichel",
        "natural": "peak",
        "summit:cross": "yes",
        "summit:register": "yes",
        "wikidata": "Q15056679"
      },
      "geometry": {
        "type": "Point",
        "coordinates": [
          11.0120559,
          47.5142384
        ]
      },
      "id": "node/268765217"
    },
    {
      "type": "Feature",
      "properties": {
        "@id": "node/268949226",
        "ele": "1840",
        "name": "Simetsberg",
        "natural": "peak",
        "summit:cross": "yes",
        "wikidata": "Q315741",
        "wikipedia": "de:Simetsberg (Estergebirge)"
      },
      "geometry": {
        "type": "Point",
        "coordinates": [
          11.2537283,
          47.5665209
        ]
      },
      "id": "node/268949226"
    },
    {
      "type": "Feature",
      "properties": {
        "@id": "node/268949227",
        "ele": "1922",
        "name": "Hohe Kisten",
        "natural": "peak",
        "summit:cross": "yes",
        "wikidata": "Q316328"
      },
      "geometry": {
        "type": "Point",
        "coordinates": [
          11.2079696,
          47.5611009
        ]
      },
      "id": "node/268949227"
    },
    {
      "type": "Feature",
      "properties": {
        "@id": "node/268964586",
        "check_date": "2025-06-09",
        "check_date:summit:register": "2025-06-09",
        "ele": "1427",
        "name": "Hochalm",
        "natural": "peak",
        "summit:cross": "yes",
        "summit:register": "yes"
      },
      "geometry": {
        "type": "Point",
        "coordinates": [
          11.6041684,
          47.608988
        ]
      },
      "id": "node/268964586"
    },
    {
      "type": "Feature",
      "properties": {
        "@id": "node/268974059",
        "ele": "1613",
        "name": "Schildenstein",
        "natural": "peak",
        "source:ele": "http://de.wikipedia.org/wiki/Schildenstein",
        "summit:cross": "yes",
        "wikidata": "Q745196",
        "wikipedia": "de:Schildenstein"
      },
      "geometry": {
        "type": "Point",
        "coordinates": [
          11.72499,
          47.5948094
        ]
      },
      "id": "node/268974059"
    },
    {
      "type": "Feature",
      "properties": {
        "@id": "node/269134696",
        "ele": "1712",
        "man_made": "cross",
        "name": "Latschenkopf",
        "natural": "peak",
        "summit:cross": "yes",
        "summit:register": "no",
        "wikidata": "Q1399069",
        "wikipedia": "de:Latschenkopf (Benediktenwand)"
      },
      "geometry": {
        "type": "Point",
        "coordinates": [
          11.4990327,
          47.6565948
        ]
      },
      "id": "node/269134696"
    },
    {
      "type": "Feature",
      "properties": {
        "@id": "node/269413201",
        "ele": "1598",
        "name": "Spitzstein",
        "natural": "peak",
        "prominence": "851",
        "source": "geoimage.at MaxRes",
        "source:ele": "basemap.at",
        "summit:cross": "yes",
        "summit:cross:inscription": "Don Bosco",
        "summit:cross:material": "metal",
        "summit:cross:start_date": "2017-07-23",
        "wikidata": "Q185459",
        "wikipedia": "de:Spitzstein"
      },
      "geometry": {
        "type": "Point",
        "coordinates": [
          12.2469305,
          47.7109518
        ]
      },
      "id": "node/269413201"
    },
    {
      "type": "Feature",
      "properties": {
        "@id": "node/270091856",
        "ele": "733",
        "name": "Eidenberger Lusen",
        "natural": "peak",
        "summit:cross": "yes"
      },
      "geometry": {
        "type": "Point",
        "coordinates": [
          13.7841423,
          48.5728241
        ]
      },
      "id": "node/270091856"
    },
    {
      "type": "Feature",
      "properties": {
        "@id": "node/270581309",
        "ele": "1676",
        "name": "Martinskopf",
        "natural": "peak",
        "summit:cross": "yes",
        "summit:register": "no",
        "wikidata": "Q31531054"
      },
      "geometry": {
        "type": "Point",
        "coordinates": [
          11.3082424,
          47.6089787
        ]
      },
      "id": "node/270581309"
    },
    {
      "type": "Feature",
      "properties": {
        "@id": "node/276270971",
        "ele": "2224",
        "name": "Nebelhorn",
        "natural": "peak",
        "prominence": "53",
        "ref:avf": "1262",
        "summit:cross": "yes",
        "summit:register": "no",
        "wikidata": "Q696067",
        "wikipedia": "de:Nebelhorn (Allgäuer Alpen)"
      },
      "geometry": {
        "type": "Point",
        "coordinates": [
          10.3423461,
          47.4218727
        ]
      },
      "id": "node/276270971"
    },
    {
      "type": "Feature",
      "properties": {
        "@id": "node/276909078",
        "ele": "1563",
        "name": "Vogelsang",
        "natural": "peak",
        "source": "survey",
        "summit:cross": "yes",
        "wikidata": "Q31558406"
      },
      "geometry": {
        "type": "Point",
        "coordinates": [
          12.0349335,
          47.6616396
        ]
      },
      "id": "node/276909078"
    },
    {
      "type": "Feature",
      "properties": {
        "@id": "node/277715389",
        "ele": "1888",
        "name": "Notkarspitze",
        "natural": "peak",
        "summit:cross": "yes",
        "wikidata": "Q880033"
      },
      "geometry": {
        "type": "Point",
        "coordinates": [
          11.0550673,
          47.5534409
        ]
      },
      "id": "node/277715389"
    },
    {
      "type": "Feature",
      "properties": {
        "@id": "node/277716447",
        "ele": "1515",
        "name": "Ochsensitz",
        "natural": "peak",
        "note": "kein Rechtschreibfehler Ochsensitz und NICHT Ochsenspitz",
        "summit:cross": "yes",
        "summit:cross:material": "wood",
        "wikidata": "Q31528883"
      },
      "geometry": {
        "type": "Point",
        "coordinates": [
          11.0843703,
          47.5567233
        ]
      },
      "id": "node/277716447"
    },
    {
      "type": "Feature",
      "properties": {
        "@id": "node/277722457",
        "ele": "2053",
        "name": "Frieder",
        "natural": "peak",
        "summit:cross": "yes"
      },
      "geometry": {
        "type": "Point",
        "coordinates": [
          10.9595715,
          47.5217533
        ]
      },
      "id": "node/277722457"
    },
    {
      "type": "Feature",
      "properties": {
        "@id": "node/277722495",
        "ele": "2049",
        "name": "Friederspitz",
        "natural": "peak",
        "summit:cross": "yes",
        "wikidata": "Q315901"
      },
      "geometry": {
        "type": "Point",
        "coordinates": [
          10.9588323,
          47.5171414
        ]
      },
      "id": "node/277722495"
    },
    {
      "type": "Feature",
      "properties": {
        "@id": "node/277727364",
        "ele": "2052",
        "name": "Schellschlicht",
        "natural": "peak",
        "ref:avf": "2596",
        "summit:cross": "yes",
        "summit:register": "yes",
        "wikidata": "Q2233117"
      },
      "geometry": {
        "type": "Point",
        "coordinates": [
          10.9163331,
          47.5092999
        ]
      },
      "id": "node/277727364"
    },
    {
      "type": "Feature",
      "properties": {
        "@id": "node/280328857",
        "ele": "2020",
        "name": "Kuchelbergspitze",
        "natural": "peak",
        "summit:cross": "yes",
        "summit:register": "yes"
      },
      "geometry": {
        "type": "Point",
        "coordinates": [
          10.9425313,
          47.5414219
        ]
      },
      "id": "node/280328857"
    },
    {
      "type": "Feature",
      "properties": {
        "@id": "node/280421483",
        "ele": "1665",
        "name": "Weiherkopf",
        "natural": "peak",
        "prominence": "141",
        "ref:avf": "585",
        "summit:cross": "yes",
        "summit:register": "yes",
        "wikidata": "Q15061717",
        "wikipedia": "de:Weiherkopf (Allgäuer Alpen)"
      },
      "geometry": {
        "type": "Point",
        "coordinates": [
          10.20085,
          47.46509
        ]
      },
      "id": "node/280421483"
    },
    {
      "type": "Feature",
      "properties": {
        "@id": "node/280422989",
        "ele": "1616",
        "man_made": "cross",
        "name": "Rangiswanger Horn",
        "natural": "peak",
        "prominence": "63",
        "ref:avf": "582",
        "summit:cross": "yes",
        "summit:register": "yes",
        "wikidata": "Q2130960",
        "wikipedia": "de:Rangiswanger Horn"
      },
      "geometry": {
        "type": "Point",
        "coordinates": [
          10.20079,
          47.47846
        ]
      },
      "id": "node/280422989"
    },
    {
      "type": "Feature",
      "properties": {
        "@id": "node/280847105",
        "ele": "1839",
        "name": "Grubenkopf",
        "natural": "peak",
        "summit:cross": "yes",
        "wikidata": "Q1168790"
      },
      "geometry": {
        "type": "Point",
        "coordinates": [
          10.8689698,
          47.5791435
        ]
      },
      "id": "node/280847105"
    },
    {
      "type": "Feature",
      "properties": {
        "@id": "node/281348900",
        "alt_name": "Hermannstein",
        "ele": "989",
        "name": "Schönhaldenkopf",
        "natural": "peak",
        "prominence": "59",
        "summit:cross": "yes",
        "summit:register": "no",
        "wikidata": "Q130492229"
      },
      "geometry": {
        "type": "Point",
        "coordinates": [
          10.26578,
          47.43753
        ]
      },
      "id": "node/281348900"
    },
    {
      "type": "Feature",
      "properties": {
        "@id": "node/281349056",
        "ele": "1679",
        "man_made": "cross",
        "name": "Besler",
        "natural": "peak",
        "prominence": "337",
        "ref:avf": "630",
        "summit:cross": "yes",
        "summit:register": "yes",
        "wikidata": "Q829945",
        "wikipedia": "de:Besler (Berg)"
      },
      "geometry": {
        "type": "Point",
        "coordinates": [
          10.1880135,
          47.4252017
        ]
      },
      "id": "node/281349056"
    },
    {
      "type": "Feature",
      "properties": {
        "@id": "node/281349057",
        "ele": "975",
        "name": "Herrenberg",
        "natural": "peak",
        "prominence": "19",
        "summit:cross": "yes",
        "summit:register": "no",
        "wikidata": "Q130492259"
      },
      "geometry": {
        "type": "Point",
        "coordinates": [
          10.2315168,
          47.4410199
        ]
      },
      "id": "node/281349057"
    },
    {
      "type": "Feature",
      "properties": {
        "@id": "node/281349904",
        "ele": "1586",
        "name": "Bolsterlanger Horn",
        "natural": "peak",
        "prominence": "61",
        "summit:cross": "yes",
        "summit:register": "yes",
        "wikidata": "Q891604",
        "wikipedia": "de:Bolsterlanger Horn"
      },
      "geometry": {
        "type": "Point",
        "coordinates": [
          10.20833,
          47.45927
        ]
      },
      "id": "node/281349904"
    },
    {
      "type": "Feature",
      "properties": {
        "@id": "node/281499400",
        "ele": "1330",
        "ele:source": "Wikipedia",
        "name": "Rechelkopf",
        "natural": "peak",
        "summit:cross": "yes",
        "wikidata": "Q2135213",
        "wikipedia": "de:Rechelkopf"
      },
      "geometry": {
        "type": "Point",
        "coordinates": [
          11.6247509,
          47.7222953
        ]
      },
      "id": "node/281499400"
    },
    {
      "type": "Feature",
      "properties": {
        "@id": "node/281708195",
        "ele": "2280",
        "name": "Großer Daumen",
        "natural": "peak",
        "prominence": "344",
        "ref:avf": "1267",
        "summit:cross": "yes",
        "wikidata": "Q316061",
        "wikimedia_commons": "Category:Großer Daumen",
        "wikipedia": "de:Großer Daumen"
      },
      "geometry": {
        "type": "Point",
        "coordinates": [
          10.3755228,
          47.4415982
        ]
      },
      "id": "node/281708195"
    },
    {
      "type": "Feature",
      "properties": {
        "@id": "node/281961715",
        "ele": "1651",
        "man_made": "cross",
        "material": "wood",
        "name": "Spieser",
        "natural": "peak",
        "prominence": "179",
        "ref:avf": "952",
        "summit:cross": "yes",
        "summit:register": "yes",
        "wikidata": "Q1601977",
        "wikipedia": "de:Spieser (Berg)"
      },
      "geometry": {
        "type": "Point",
        "coordinates": [
          10.3836149,
          47.5265283
        ]
      },
      "id": "node/281961715"
    },
    {
      "type": "Feature",
      "properties": {
        "@id": "node/281963056",
        "alt_name": "Wertacher Hörnle Hauptgipfel",
        "ele": "1695",
        "name": "Wertacher Hörnle",
        "natural": "peak",
        "prominence": "543",
        "ref:avf": "962",
        "summit:cross": "yes",
        "wikidata": "Q131519410"
      },
      "geometry": {
        "type": "Point",
        "coordinates": [
          10.3862873,
          47.5495735
        ]
      },
      "id": "node/281963056"
    },
    {
      "type": "Feature",
      "properties": {
        "@id": "node/281997902",
        "alt_name": "Bischofshaube",
        "ele": "955",
        "name": "Silberberg",
        "natural": "peak",
        "summit:cross": "yes",
        "summit:register": "no",
        "wikidata": "Q2285737",
        "wikipedia": "de:Silberberg (Bodenmais)"
      },
      "geometry": {
        "type": "Point",
        "coordinates": [
          13.1243106,
          49.0571546
        ]
      },
      "id": "node/281997902"
    },
    {
      "type": "Feature",
      "properties": {
        "@id": "node/283733455",
        "ele": "1575",
        "name": "Breitenstein Westgipfel",
        "natural": "peak",
        "summit:cross": "yes",
        "summit:register": "yes",
        "wikidata": "Q31551984"
      },
      "geometry": {
        "type": "Point",
        "coordinates": [
          11.9828363,
          47.7211575
        ]
      },
      "id": "node/283733455"
    },
    {
      "type": "Feature",
      "properties": {
        "@id": "node/285972361",
        "alt_name": "Kemptner Köpfle;Kemptnerköpfle;Kempterle",
        "ele": "2191",
        "name": "Kemptner Kopf",
        "natural": "peak",
        "ref:avf": "703",
        "summit:cross": "yes",
        "wikidata": "Q1738567",
        "wikipedia": "de:Kemptner Kopf"
      },
      "geometry": {
        "type": "Point",
        "coordinates": [
          10.1990974,
          47.2975067
        ]
      },
      "id": "node/285972361"
    },
    {
      "type": "Feature",
      "properties": {
        "@id": "node/286411139",
        "alt_name": "Kreuzlesspitz;Kreuzelspitz",
        "ele": "1496",
        "name": "Burgberger Hörnle",
        "natural": "peak",
        "prominence": "59",
        "ref:avf": "940",
        "summit:cross": "yes",
        "summit:register": "yes",
        "wikidata": "Q31533205"
      },
      "geometry": {
        "type": "Point",
        "coordinates": [
          10.3017873,
          47.5469202
        ]
      },
      "id": "node/286411139"
    },
    {
      "type": "Feature",
      "properties": {
        "@id": "node/286687475",
        "alt_name": "Törl",
        "ele": "2202",
        "name": "Frauenalpl",
        "natural": "peak",
        "summit:cross": "yes",
        "summit:register": "no"
      },
      "geometry": {
        "type": "Point",
        "coordinates": [
          11.1175579,
          47.4142547
        ]
      },
      "id": "node/286687475"
    },
    {
      "type": "Feature",
      "properties": {
        "@id": "node/290506923",
        "ele": "1758",
        "name": "Teufelstättkopf",
        "natural": "peak",
        "summit:cross": "yes",
        "wikidata": "Q2407307"
      },
      "geometry": {
        "type": "Point",
        "coordinates": [
          10.9863449,
          47.5873731
        ]
      },
      "id": "node/290506923"
    },
    {
      "type": "Feature",
      "properties": {
        "@id": "node/291978603",
        "alt_name": "Walser Geißhorn",
        "communication:amateur_radio:sota": "OE/VB-213",
        "communication:amateur_radio:sota:points": "10",
        "ele": "2366",
        "ele:source": "Wikipedia",
        "name": "Geißhorn",
        "natural": "peak",
        "prominence": "181",
        "ref:avf": "811",
        "summit:cross": "yes",
        "wikidata": "Q320334",
        "wikipedia": "de:Geißhorn"
      },
      "geometry": {
        "type": "Point",
        "coordinates": [
          10.175332,
          47.28786
        ]
      },
      "id": "node/291978603"
    },
    {
      "type": "Feature",
      "properties": {
        "@id": "node/291994253",
        "ele": "1688",
        "massif": "Lattengebirge",
        "name": "Hochschlegel",
        "natural": "peak",
        "summit:cross": "yes",
        "summit:register": "no",
        "wikidata": "Q19285644"
      },
      "geometry": {
        "type": "Point",
        "coordinates": [
          12.8837574,
          47.6915825
        ]
      },
      "id": "node/291994253"
    },
    {
      "type": "Feature",
      "properties": {
        "@id": "node/292047296",
        "alt_name": "Riedbergerhorn",
        "ele": "1787",
        "name": "Riedberger Horn",
        "natural": "peak",
        "prominence": "460",
        "ref:avf": "594",
        "summit:cross": "yes",
        "summit:register": "yes",
        "wikidata": "Q1269347",
        "wikipedia": "de:Riedberger Horn"
      },
      "geometry": {
        "type": "Point",
        "coordinates": [
          10.1591,
          47.45148
        ]
      },
      "id": "node/292047296"
    },
    {
      "type": "Feature",
      "properties": {
        "@id": "node/292106128",
        "ele": "1821",
        "name": "Rindalphorn",
        "natural": "peak",
        "prominence": "193",
        "ref:avf": "512",
        "summit:cross": "yes",
        "summit:register": "yes",
        "wikidata": "Q131102553"
      },
      "geometry": {
        "type": "Point",
        "coordinates": [
          10.1076783,
          47.5049196
        ]
      },
      "id": "node/292106128"
    },
    {
      "type": "Feature",
      "properties": {
        "@id": "node/292106466",
        "ele": "1660",
        "name": "Steineberg Vorgipfel",
        "natural": "peak",
        "prominence": "7",
        "summit:cross": "yes",
        "summit:register": "yes",
        "wheelchair": "no"
      },
      "geometry": {
        "type": "Point",
        "coordinates": [
          10.19187,
          47.52726
        ]
      },
      "id": "node/292106466"
    },
    {
      "type": "Feature",
      "properties": {
        "@id": "node/292106469",
        "alt_name": "Bärenköpfle",
        "ele": "1476",
        "name": "Bärenkopf",
        "natural": "peak",
        "prominence": "75",
        "ref:avf": "492",
        "summit:cross": "yes",
        "summit:register": "no",
        "wikidata": "Q1019143",
        "wikipedia": "de:Bärenkopf (Hochgratkette)"
      },
      "geometry": {
        "type": "Point",
        "coordinates": [
          10.2106535,
          47.5309222
        ]
      },
      "id": "node/292106469"
    },
    {
      "type": "Feature",
      "properties": {
        "@id": "node/292352453",
        "ele": "1685",
        "name": "Brecherspitz",
        "natural": "peak",
        "summit:cross": "yes",
        "summit:register": "yes",
        "wikidata": "Q904144"
      },
      "geometry": {
        "type": "Point",
        "coordinates": [
          11.8710533,
          47.6764385
        ]
      },
      "id": "node/292352453"
    },
    {
      "type": "Feature",
      "properties": {
        "@id": "node/292392028",
        "ele": "1273",
        "name": "Farrenpoint",
        "natural": "peak",
        "source:ele": "label",
        "summit:cross": "yes",
        "wikidata": "Q1397113",
        "wikipedia": "de:Farrenpoint"
      },
      "geometry": {
        "type": "Point",
        "coordinates": [
          12.0355847,
          47.7433528
        ]
      },
      "id": "node/292392028"
    },
    {
      "type": "Feature",
      "properties": {
        "@id": "node/292566675",
        "ele": "1876",
        "man_made": "cross",
        "name": "Iseler",
        "natural": "peak",
        "ref:avf": "1111",
        "summit:cross": "yes",
        "wikidata": "Q187371"
      },
      "geometry": {
        "type": "Point",
        "coordinates": [
          10.4208349,
          47.4994417
        ]
      },
      "id": "node/292566675"
    },
    {
      "type": "Feature",
      "properties": {
        "@id": "node/295068783",
        "alt_name": "Leonhardistein",
        "ele": "1452",
        "name": "Leonhardstein",
        "natural": "peak",
        "summit:cross": "yes",
        "wikidata": "Q1819346",
        "wikimedia_commons": "Category:Leonhardstein",
        "wikipedia": "de:Leonhardstein"
      },
      "geometry": {
        "type": "Point",
        "coordinates": [
          11.7160997,
          47.6370434
        ]
      },
      "id": "node/295068783"
    },
    {
      "type": "Feature",
      "properties": {
        "@id": "node/296034076",
        "ele": "1342",
        "name": "Kofel",
        "natural": "peak",
        "summit:cross": "yes",
        "summit:register": "yes",
        "wikidata": "Q1641755",
        "wikipedia": "de:Kofel"
      },
      "geometry": {
        "type": "Point",
        "coordinates": [
          11.0595271,
          47.5868607
        ]
      },
      "id": "node/296034076"
    },
    {
      "type": "Feature",
      "properties": {
        "@id": "node/299676990",
        "ele": "439",
        "name": "Ospis",
        "natural": "peak",
        "summit:cross": "yes",
        "summit:register": "no",
        "wikidata": "Q770440"
      },
      "geometry": {
        "type": "Point",
        "coordinates": [
          9.2647628,
          49.7412288
        ]
      },
      "id": "node/299676990"
    },
    {
      "type": "Feature",
      "properties": {
        "@id": "node/300692479",
        "ele": "1633",
        "name": "Ettaler Manndl",
        "natural": "peak",
        "summit:cross": "yes",
        "summit:register": "yes",
        "wikidata": "Q1371732",
        "wikipedia": "de:Ettaler Manndl"
      },
      "geometry": {
        "type": "Point",
        "coordinates": [
          11.1156751,
          47.5846809
        ]
      },
      "id": "node/300692479"
    },
    {
      "type": "Feature",
      "properties": {
        "@id": "node/301642754",
        "ele": "1698",
        "ele:source": "Wikipedia",
        "name": "Roßstein",
        "natural": "peak",
        "summit:cross": "yes",
        "summit:register": "yes",
        "wikidata": "Q31524990",
        "wikimedia_commons": "Category:Roß- und Buchstein"
      },
      "geometry": {
        "type": "Point",
        "coordinates": [
          11.676304,
          47.6326069
        ]
      },
      "id": "node/301642754"
    },
    {
      "type": "Feature",
      "properties": {
        "@id": "node/304238134",
        "ele": "1771",
        "man_made": "cross",
        "name": "Hochstaufen",
        "natural": "peak",
        "summit:cross": "yes",
        "summit:register": "no",
        "wikidata": "Q571702",
        "wikipedia": "de:Hochstaufen"
      },
      "geometry": {
        "type": "Point",
        "coordinates": [
          12.8487577,
          47.7549634
        ]
      },
      "id": "node/304238134"
    },
    {
      "type": "Feature",
      "properties": {
        "@id": "node/304317008",
        "ele": "1619",
        "inscription": "Zum Gedenken der Toten u. Gefallenen des H.u.V.TV. Brünnstoana Stamm München 1992",
        "name": "Brünnstein",
        "natural": "peak",
        "summit:cross": "yes",
        "summit:register": "yes",
        "wikidata": "Q882165",
        "wikipedia": "de:Brünnstein"
      },
      "geometry": {
        "type": "Point",
        "coordinates": [
          12.0971096,
          47.6473418
        ]
      },
      "id": "node/304317008"
    },
    {
      "type": "Feature",
      "properties": {
        "@id": "node/304353179",
        "ele": "1780",
        "historic": "wayside_cross",
        "name": "Wank",
        "natural": "peak",
        "summit:cross": "yes",
        "summit:register": "no",
        "wikidata": "Q833896"
      },
      "geometry": {
        "type": "Point",
        "coordinates": [
          11.1430301,
          47.5087122
        ]
      },
      "id": "node/304353179"
    },
    {
      "type": "Feature",
      "properties": {
        "@id": "node/304477192",
        "ele": "1496",
        "name": "Mittleres Hörnle",
        "natural": "peak",
        "summit:cross": "yes",
        "summit:register": "no",
        "wikidata": "Q31530484"
      },
      "geometry": {
        "type": "Point",
        "coordinates": [
          11.0620958,
          47.6402678
        ]
      },
      "id": "node/304477192"
    },
    {
      "type": "Feature",
      "properties": {
        "@id": "node/304477193",
        "ele": "1548",
        "name": "Hinteres Hörnle",
        "natural": "peak",
        "summit:cross": "yes",
        "summit:register": "yes",
        "wikidata": "Q1651825"
      },
      "geometry": {
        "type": "Point",
        "coordinates": [
          11.0745117,
          47.6388178
        ]
      },
      "id": "node/304477193"
    },
    {
      "type": "Feature",
      "properties": {
        "@id": "node/307562003",
        "alt_name": "Watzmann-Hocheck",
        "ele": "2651",
        "historic": "wayside_cross",
        "name": "Hocheck",
        "natural": "peak",
        "ref:avf": "2520",
        "summit:cross": "yes",
        "summit:register": "no",
        "wikidata": "Q31354005"
      },
      "geometry": {
        "type": "Point",
        "coordinates": [
          12.9237899,
          47.558423
        ]
      },
      "id": "node/307562003"
    },
    {
      "type": "Feature",
      "properties": {
        "@id": "node/308257016",
        "alt_name": "Aggenstein Hauptgipfel",
        "ele": "1986",
        "image": "https://commons.wikimedia.org/wiki/File:Gipfelkreuz_des_Aggensteins_an_der_Grenze_von_AT_und_DE_s%C3%BCdlich_von_Steinach.jpg",
        "name": "Aggenstein",
        "natural": "peak",
        "ref:avf": "994",
        "summit:cross": "yes",
        "summit:register": "yes",
        "wikidata": "Q131535119"
      },
      "geometry": {
        "type": "Point",
        "coordinates": [
          10.5576442,
          47.5372478
        ]
      },
      "id": "node/308257016"
    },
    {
      "type": "Feature",
      "properties": {
        "@id": "node/309316120",
        "ele": "1724",
        "man_made": "summit_cross",
        "name": "Lacherspitz",
        "natural": "peak",
        "source:ele": "guidepost",
        "summit:cross": "yes",
        "summit:register": "no",
        "wikidata": "Q31532672"
      },
      "geometry": {
        "type": "Point",
        "coordinates": [
          12.0231674,
          47.6990563
        ]
      },
      "id": "node/309316120"
    },
    {
      "type": "Feature",
      "properties": {
        "@id": "node/310118303",
        "ele": "1484",
        "name": "Vorderes Hörnle",
        "natural": "peak",
        "summit:cross": "yes",
        "summit:register": "no"
      },
      "geometry": {
        "type": "Point",
        "coordinates": [
          11.0607161,
          47.6436274
        ]
      },
      "id": "node/310118303"
    },
    {
      "type": "Feature",
      "properties": {
        "@id": "node/311143265",
        "ele": "1363",
        "inscription": "Herr segne unsere Heimat - Gew. für Wilhelm Bruckbauer - Geweiht von Pater Fritz Kästner",
        "name": "Wasserwand",
        "natural": "peak",
        "summit:cross": "yes",
        "summit:register": "yes"
      },
      "geometry": {
        "type": "Point",
        "coordinates": [
          12.1849961,
          47.7275858
        ]
      },
      "id": "node/311143265"
    },
    {
      "type": "Feature",
      "properties": {
        "@id": "node/311986503",
        "ele": "1119",
        "name": "Sulzberg",
        "natural": "peak",
        "source:ele": "summit:register",
        "summit:cross": "yes",
        "summit:register": "yes",
        "wikidata": "Q2365083",
        "wikipedia": "de:Sulzberg (Mangfallgebirge)"
      },
      "geometry": {
        "type": "Point",
        "coordinates": [
          12.0626694,
          47.7446177
        ]
      },
      "id": "node/311986503"
    },
    {
      "type": "Feature",
      "properties": {
        "@id": "node/313133292",
        "ele": "1712",
        "name": "Sonnenkopf",
        "natural": "peak",
        "prominence": "32",
        "ref:avf": "1234",
        "summit:cross": "yes",
        "summit:register": "yes",
        "wikidata": "Q876764",
        "wikimedia_commons": "Category:Sonnenkopf (Allgäu Alps)",
        "wikipedia": "de:Sonnenkopf (Allgäuer Alpen)"
      },
      "geometry": {
        "type": "Point",
        "coordinates": [
          10.32992,
          47.45887
        ]
      },
      "id": "node/313133292"
    },
    {
      "type": "Feature",
      "properties": {
        "@id": "node/319471227",
        "ele": "953",
        "name": "Kalvarienberg",
        "natural": "peak",
        "summit:cross": "yes",
        "summit:register": "no",
        "wikidata": "Q133287750"
      },
      "geometry": {
        "type": "Point",
        "coordinates": [
          10.70435,
          47.56185
        ]
      },
      "id": "node/319471227"
    },
    {
      "type": "Feature",
      "properties": {
        "@id": "node/319472362",
        "ele": "1688",
        "name": "Schönkahler",
        "natural": "peak",
        "ref:avf": "1088",
        "summit:cross": "yes",
        "wikidata": "Q2259320",
        "wikimedia_commons": "Category:Schönkahler",
        "wikipedia": "de:Schönkahler"
      },
      "geometry": {
        "type": "Point",
        "coordinates": [
          10.4889121,
          47.540403
        ]
      },
      "id": "node/319472362"
    },
    {
      "type": "Feature",
      "properties": {
        "@id": "node/319482020",
        "ele": "2427",
        "name": "Kratzer",
        "natural": "peak",
        "prominence": "207",
        "ref:avf": "870",
        "summit:cross": "yes",
        "wikidata": "Q1767643",
        "wikipedia": "de:Kratzer (Berg)"
      },
      "geometry": {
        "type": "Point",
        "coordinates": [
          10.31748,
          47.30642
        ]
      },
      "id": "node/319482020"
    },
    {
      "type": "Feature",
      "properties": {
        "@id": "node/322058645",
        "natural": "peak",
        "summit:cross": "yes"
      },
      "geometry": {
        "type": "Point",
        "coordinates": [
          12.7528403,
          49.0465291
        ]
      },
      "id": "node/322058645"
    },
    {
      "type": "Feature",
      "properties": {
        "@id": "node/323621225",
        "ele": "1961",
        "name": "Sonntagshorn",
        "natural": "peak",
        "prominence": "1181",
        "summit:cross": "yes",
        "summit:register": "yes",
        "wikidata": "Q454128",
        "wikipedia": "de:Sonntagshorn"
      },
      "geometry": {
        "type": "Point",
        "coordinates": [
          12.6958024,
          47.6822111
        ]
      },
      "id": "node/323621225"
    },
    {
      "type": "Feature",
      "properties": {
        "@id": "node/323838844",
        "ele": "1092",
        "name": "Dreitannenriegel",
        "natural": "peak",
        "summit:cross": "yes",
        "summit:register": "yes",
        "tourism": "viewpoint",
        "wheelchair": "no",
        "wikidata": "Q1258188",
        "wikipedia": "de:Dreitannenriegel"
      },
      "geometry": {
        "type": "Point",
        "coordinates": [
          13.022115,
          48.8972514
        ]
      },
      "id": "node/323838844"
    },
    {
      "type": "Feature",
      "properties": {
        "@id": "node/323839344",
        "ele": "1121",
        "name": "Einödriegel",
        "natural": "peak",
        "summit:cross": "yes",
        "summit:register": "yes",
        "wikidata": "Q1310425",
        "wikimedia_commons": "Category:Einödriegel",
        "wikipedia": "de:Einödriegel (Bayerischer Wald)"
      },
      "geometry": {
        "type": "Point",
        "coordinates": [
          13.0276745,
          48.9281686
        ]
      },
      "id": "node/323839344"
    },
    {
      "type": "Feature",
      "properties": {
        "@id": "node/323850384",
        "alt_name": "Breitenau Riegel",
        "ele": "1114",
        "image": "https://photos.app.goo.gl/mRE7GwWuhPCEhYZf7",
        "loc_name": "Breitenauer Riegel",
        "name": "Breitenauriegel",
        "natural": "peak",
        "sport": "climbing",
        "summit:cross": "yes",
        "summit:register": "no",
        "tourism": "viewpoint",
        "wikidata": "Q906089",
        "wikipedia": "de:Breitenauriegel"
      },
      "geometry": {
        "type": "Point",
        "coordinates": [
          13.0300211,
          48.906548
        ]
      },
      "id": "node/323850384"
    },
    {
      "type": "Feature",
      "properties": {
        "@id": "node/339225056",
        "ele": "1687",
        "name": "Rothkogel",
        "natural": "peak",
        "summit:cross": "yes",
        "wikidata": "Q31804519"
      },
      "geometry": {
        "type": "Point",
        "coordinates": [
          11.8541997,
          47.60832
        ]
      },
      "id": "node/339225056"
    },
    {
      "type": "Feature",
      "properties": {
        "@id": "node/344347709",
        "ele": "1622",
        "name": "Sonnenberg",
        "natural": "peak",
        "summit:cross": "yes",
        "wikidata": "Q86751135",
        "wikipedia": "en:Sonnenspitze"
      },
      "geometry": {
        "type": "Point",
        "coordinates": [
          11.016306,
          47.5841989
        ]
      },
      "id": "node/344347709"
    },
    {
      "type": "Feature",
      "properties": {
        "@id": "node/364134323",
        "alt_name": "Watzmann",
        "ele": "2713",
        "name": "Watzmann-Mittelspitze",
        "natural": "peak",
        "ref:avf": "2530",
        "summit:cross": "yes",
        "summit:register": "yes",
        "wikidata": "Q31306014"
      },
      "geometry": {
        "type": "Point",
        "coordinates": [
          12.9220342,
          47.5543889
        ]
      },
      "id": "node/364134323"
    },
    {
      "type": "Feature",
      "properties": {
        "@id": "node/370007598",
        "ele": "675",
        "natural": "peak",
        "summit:cross": "yes",
        "tourism": "viewpoint",
        "wheelchair": "no"
      },
      "geometry": {
        "type": "Point",
        "coordinates": [
          11.188224,
          47.9066258
        ]
      },
      "id": "node/370007598"
    },
    {
      "type": "Feature",
      "properties": {
        "@id": "node/373373404",
        "ele": "733",
        "historic": "wayside_cross",
        "name": "Galgenbichl",
        "natural": "peak",
        "summit:cross": "yes"
      },
      "geometry": {
        "type": "Point",
        "coordinates": [
          10.8976709,
          47.8303146
        ]
      },
      "id": "node/373373404"
    },
    {
      "type": "Feature",
      "properties": {
        "@id": "node/378696078",
        "alt_name": "Hirschbichler Kreuz",
        "ele": "1837",
        "name": "Pfaffenkegel",
        "natural": "peak",
        "summit:cross": "yes",
        "summit:register": "no"
      },
      "geometry": {
        "type": "Point",
        "coordinates": [
          13.0404116,
          47.5760619
        ]
      },
      "id": "node/378696078"
    },
    {
      "type": "Feature",
      "properties": {
        "@id": "node/380989890",
        "alt_name": "Brunnensteinspitze",
        "ele": "2180",
        "name": "Brunnsteinspitze",
        "natural": "peak",
        "summit:cross": "yes",
        "summit:register": "no",
        "wikidata": "Q2169131"
      },
      "geometry": {
        "type": "Point",
        "coordinates": [
          11.2872676,
          47.4056113
        ]
      },
      "id": "node/380989890"
    },
    {
      "type": "Feature",
      "properties": {
        "@id": "node/382409477",
        "ele": "1047",
        "name": "Senkelekopf",
        "natural": "peak",
        "summit:cross": "yes",
        "summit:register": "yes",
        "wikidata": "Q31558021"
      },
      "geometry": {
        "type": "Point",
        "coordinates": [
          10.6586807,
          47.6359486
        ]
      },
      "id": "node/382409477"
    },
    {
      "type": "Feature",
      "properties": {
        "@id": "node/384846582",
        "check_date:summit:register": "2025-09-01",
        "ele": "1395",
        "name": "Rötelstein",
        "natural": "peak",
        "summit:cross": "yes",
        "summit:register": "yes",
        "wikidata": "Q15059629"
      },
      "geometry": {
        "type": "Point",
        "coordinates": [
          11.2849208,
          47.6310368
        ]
      },
      "id": "node/384846582"
    },
    {
      "type": "Feature",
      "properties": {
        "@id": "node/384913884",
        "description": "Gipfelkreuz zum Gedenken der Gefallenen und Vermissten der beiden Weltkriege.",
        "ele": "1187",
        "historic": "wayside_cross",
        "name": "Schwarzenberg",
        "natural": "peak",
        "source:ele": "guideposts",
        "summit:cross": "yes",
        "wikidata": "Q27342216"
      },
      "geometry": {
        "type": "Point",
        "coordinates": [
          11.9644133,
          47.7530482
        ]
      },
      "id": "node/384913884"
    },
    {
      "type": "Feature",
      "properties": {
        "@id": "node/387467327",
        "ele": "2593",
        "name": "Großer Hundstod",
        "natural": "peak",
        "ref:avf": "3460",
        "summit:cross": "yes",
        "wikidata": "Q565025",
        "wikimedia_commons": "File:Grosser Hundstod south.JPG",
        "wikipedia": "de:Großer Hundstod"
      },
      "geometry": {
        "type": "Point",
        "coordinates": [
          12.8849252,
          47.5127249
        ]
      },
      "id": "node/387467327"
    },
    {
      "type": "Feature",
      "properties": {
        "@id": "node/387481642",
        "ele": "515",
        "name": "Zuckerhut",
        "natural": "peak",
        "summit:cross": "yes",
        "summit:register": "no"
      },
      "geometry": {
        "type": "Point",
        "coordinates": [
          11.2133192,
          49.7882975
        ]
      },
      "id": "node/387481642"
    },
    {
      "type": "Feature",
      "properties": {
        "@id": "node/389080562",
        "alt_name": "Heiglesberg;Sickenberg",
        "ele": "1228",
        "name": "Steckenbergkreuz",
        "natural": "peak",
        "source": "local knowledge",
        "summit:cross": "yes"
      },
      "geometry": {
        "type": "Point",
        "coordinates": [
          11.0237552,
          47.6024309
        ]
      },
      "id": "node/389080562"
    },
    {
      "type": "Feature",
      "properties": {
        "@id": "node/389806119",
        "ele": "1213",
        "name": "Stallauer Eck",
        "natural": "peak",
        "summit:cross": "yes",
        "wikidata": "Q15848876",
        "wikipedia": "de:Stallauer Eck"
      },
      "geometry": {
        "type": "Point",
        "coordinates": [
          11.4786369,
          47.7337525
        ]
      },
      "id": "node/389806119"
    },
    {
      "type": "Feature",
      "properties": {
        "@id": "node/395347167",
        "name": "Enzenstein",
        "natural": "peak",
        "summit:cross": "yes"
      },
      "geometry": {
        "type": "Point",
        "coordinates": [
          11.3664588,
          49.5629468
        ]
      },
      "id": "node/395347167"
    },
    {
      "type": "Feature",
      "properties": {
        "@id": "node/401677244",
        "ele": "1125",
        "name": "Keilkopf",
        "natural": "peak",
        "summit:cross": "yes",
        "wikidata": "Q16832392"
      },
      "geometry": {
        "type": "Point",
        "coordinates": [
          11.6023771,
          47.6953903
        ]
      },
      "id": "node/401677244"
    },
    {
      "type": "Feature",
      "properties": {
        "@id": "node/401861393",
        "alt_name": "Soingipfel;Soin;Soinspitz",
        "ele": "1756",
        "name": "Soinwand",
        "natural": "peak",
        "source": "survey",
        "source:ele": "summit:register",
        "source:name": "summit:register",
        "summit:cross": "yes",
        "summit:register": "yes",
        "wikidata": "Q2297964"
      },
      "geometry": {
        "type": "Point",
        "coordinates": [
          12.0213573,
          47.7050076
        ]
      },
      "id": "node/401861393"
    },
    {
      "type": "Feature",
      "properties": {
        "@id": "node/402664587",
        "ele": "1333",
        "name": "Teisenberg",
        "natural": "peak",
        "summit:cross": "yes",
        "wikidata": "Q1445024"
      },
      "geometry": {
        "type": "Point",
        "coordinates": [
          12.7682071,
          47.8056554
        ]
      },
      "id": "node/402664587"
    },
    {
      "type": "Feature",
      "properties": {
        "@id": "node/402675243",
        "check_date:summit:register": "2021-04-10",
        "ele": "1586",
        "name": "Hochplatte",
        "natural": "peak",
        "source:ele": "summit:cross",
        "summit:cross": "yes",
        "summit:register": "yes",
        "wikidata": "Q1072432",
        "wikipedia": "de:Hochplatte (Chiemgauer Alpen)"
      },
      "geometry": {
        "type": "Point",
        "coordinates": [
          12.405001,
          47.7510894
        ]
      },
      "id": "node/402675243"
    },
    {
      "type": "Feature",
      "properties": {
        "@id": "node/402739186",
        "ele": "1578",
        "name": "Weissgrabenkopf",
        "natural": "peak",
        "summit:cross": "yes",
        "wikidata": "Q31284935"
      },
      "geometry": {
        "type": "Point",
        "coordinates": [
          12.5579537,
          47.7509878
        ]
      },
      "id": "node/402739186"
    },
    {
      "type": "Feature",
      "properties": {
        "@id": "node/403080335",
        "ele": "450",
        "name": "Mittelbergwand",
        "natural": "peak",
        "source:ele": "gps",
        "summit:cross": "yes"
      },
      "geometry": {
        "type": "Point",
        "coordinates": [
          11.5277691,
          49.5505647
        ]
      },
      "id": "node/403080335"
    },
    {
      "type": "Feature",
      "properties": {
        "@id": "node/403315504",
        "ele": "1079",
        "name": "Mühlriegel",
        "natural": "peak",
        "source": "wikipedia.de",
        "summit:cross": "yes",
        "summit:register": "yes",
        "viewpoint": "yes",
        "wikidata": "Q1958642",
        "wikipedia": "de:Mühlriegel (Bayerischer Wald)"
      },
      "geometry": {
        "type": "Point",
        "coordinates": [
          13.0149053,
          49.1569817
        ]
      },
      "id": "node/403315504"
    },
    {
      "type": "Feature",
      "properties": {
        "@id": "node/403753878",
        "alt_name": "Breitenberg Nordgipfel",
        "ele": "1893",
        "name": "Breitenberg",
        "natural": "peak",
        "prominence": "16",
        "ref:avf": "1285",
        "summit:cross": "yes",
        "summit:register": "yes",
        "wikidata": "Q131361699"
      },
      "geometry": {
        "type": "Point",
        "coordinates": [
          10.3825815,
          47.4699663
        ]
      },
      "id": "node/403753878"
    },
    {
      "type": "Feature",
      "properties": {
        "@id": "node/408910541",
        "alt_name": "Käserwand;Kasererwand;Kaserer",
        "ele": "1690",
        "inscription": "2019 Patrona Bavariae",
        "name": "Kaserwand",
        "natural": "peak",
        "summit:cross": "yes",
        "summit:register": "yes",
        "wikidata": "Q1734938"
      },
      "geometry": {
        "type": "Point",
        "coordinates": [
          12.0392719,
          47.7010424
        ]
      },
      "id": "node/408910541"
    },
    {
      "type": "Feature",
      "properties": {
        "@id": "node/410947529",
        "ele": "1373",
        "name": "Lusen",
        "name:cs": "Luzný",
        "name:de": "Lusen",
        "natural": "peak",
        "summit:cross": "yes",
        "summit:register": "no",
        "tourism": "viewpoint",
        "wheelchair": "no",
        "wikidata": "Q896982",
        "wikipedia": "de:Lusen"
      },
      "geometry": {
        "type": "Point",
        "coordinates": [
          13.5067775,
          48.9391964
        ]
      },
      "id": "node/410947529"
    },
    {
      "type": "Feature",
      "properties": {
        "@id": "node/412896267",
        "ele": "572",
        "name": "Bockberg",
        "natural": "peak",
        "source": "survey",
        "summit:cross": "yes",
        "summit:register": "no",
        "wikidata": "Q96527695",
        "wikimedia_commons": "File:Harburg (Schwaben) Bockberg Kreuz.jpg"
      },
      "geometry": {
        "type": "Point",
        "coordinates": [
          10.663442,
          48.7820339
        ]
      },
      "id": "node/412896267"
    },
    {
      "type": "Feature",
      "properties": {
        "@id": "node/413585849",
        "ele": "1514",
        "name": "Schweinsberg",
        "natural": "peak",
        "summit:cross": "yes",
        "summit:register": "no",
        "wikidata": "Q31804517"
      },
      "geometry": {
        "type": "Point",
        "coordinates": [
          11.9876722,
          47.7110389
        ]
      },
      "id": "node/413585849"
    },
    {
      "type": "Feature",
      "properties": {
        "@id": "node/413685640",
        "ele": "1555",
        "name": "Rabenkopf",
        "natural": "peak",
        "summit:cross": "yes",
        "summit:register": "yes",
        "wikidata": "Q2124967",
        "wikipedia": "de:Rabenkopf (Bayerische Voralpen)"
      },
      "geometry": {
        "type": "Point",
        "coordinates": [
          11.4120213,
          47.6503674
        ]
      },
      "id": "node/413685640"
    },
    {
      "type": "Feature",
      "properties": {
        "@id": "node/414071751",
        "ele": "2043",
        "name": "Entschenkopf",
        "natural": "peak",
        "prominence": "208",
        "ref:avf": "1247",
        "summit:cross": "yes",
        "summit:register": "yes",
        "wikidata": "Q831204",
        "wikipedia": "de:Entschenkopf"
      },
      "geometry": {
        "type": "Point",
        "coordinates": [
          10.3313126,
          47.4365673
        ]
      },
      "id": "node/414071751"
    },
    {
      "type": "Feature",
      "properties": {
        "@id": "node/414607685",
        "alt_name": "Heiglkopf",
        "ele": "1218",
        "name": "Heigelkopf",
        "natural": "peak",
        "old_name:1934-1945": "Hitler-Berg",
        "summit:cross": "yes",
        "summit:register": "yes",
        "wikidata": "Q869872",
        "wikipedia": "de:Heigelkopf"
      },
      "geometry": {
        "type": "Point",
        "coordinates": [
          11.5133539,
          47.727705
        ]
      },
      "id": "node/414607685"
    },
    {
      "type": "Feature",
      "properties": {
        "@id": "node/414734287",
        "ele": "1050",
        "name": "Rauher Kulm",
        "natural": "peak",
        "summit:cross": "yes",
        "summit:register": "no",
        "tourism": "viewpoint",
        "wikidata": "Q1319170"
      },
      "geometry": {
        "type": "Point",
        "coordinates": [
          12.8988447,
          48.9485091
        ]
      },
      "id": "node/414734287"
    },
    {
      "type": "Feature",
      "properties": {
        "@id": "node/415842732",
        "ele": "1753",
        "historic": "wayside_cross",
        "name": "Grasköpfl",
        "natural": "peak",
        "summit:cross": "yes",
        "summit:register": "yes",
        "wikidata": "Q20999869"
      },
      "geometry": {
        "type": "Point",
        "coordinates": [
          11.4715616,
          47.5369062
        ]
      },
      "id": "node/415842732"
    },
    {
      "type": "Feature",
      "properties": {
        "@id": "node/416644868",
        "alt_name": "Hühnerkobel",
        "ele": "965",
        "name": "Hennenkobel",
        "natural": "peak",
        "summit:cross": "yes",
        "summit:register": "yes",
        "wikidata": "Q1605368",
        "wikipedia": "de:Hennenkobel"
      },
      "geometry": {
        "type": "Point",
        "coordinates": [
          13.1815386,
          49.0450716
        ]
      },
      "id": "node/416644868"
    },
    {
      "type": "Feature",
      "properties": {
        "@id": "node/417792194",
        "ele": "585",
        "name": "Mettermich",
        "natural": "peak",
        "summit:cross": "yes",
        "summit:register": "yes",
        "wikidata": "Q1925983"
      },
      "geometry": {
        "type": "Point",
        "coordinates": [
          9.8446762,
          50.2851329
        ]
      },
      "id": "node/417792194"
    },
    {
      "type": "Feature",
      "properties": {
        "@id": "node/418778317",
        "ele": "1768",
        "name": "Hennenkopf",
        "natural": "peak",
        "summit:cross": "yes",
        "summit:register": "yes",
        "wikidata": "Q31541365"
      },
      "geometry": {
        "type": "Point",
        "coordinates": [
          10.9603882,
          47.5863533
        ]
      },
      "id": "node/418778317"
    },
    {
      "type": "Feature",
      "properties": {
        "@id": "node/419636761",
        "ele": "1229",
        "inscription": "Den Gefallenen der Pfarrei Nussdorf 1999 - Trachtenverein \"Alpenrose\"",
        "name": "Kindlwand",
        "natural": "peak",
        "source:ele": "summit:register",
        "summit:cross": "yes",
        "summit:register": "yes"
      },
      "geometry": {
        "type": "Point",
        "coordinates": [
          12.1808792,
          47.7310324
        ]
      },
      "id": "node/419636761"
    },
    {
      "type": "Feature",
      "properties": {
        "@id": "node/419804805",
        "ele": "1268",
        "name": "Grasleitenstein",
        "natural": "peak",
        "summit:cross": "yes",
        "summit:register": "yes",
        "wikidata": "Q30667662"
      },
      "geometry": {
        "type": "Point",
        "coordinates": [
          11.6185482,
          47.6552244
        ]
      },
      "id": "node/419804805"
    },
    {
      "type": "Feature",
      "properties": {
        "@id": "node/419804807",
        "ele": "1433",
        "name": "Grasleitenkopf",
        "natural": "peak",
        "summit:cross": "yes",
        "summit:register": "no",
        "wikidata": "Q31544861"
      },
      "geometry": {
        "type": "Point",
        "coordinates": [
          11.6297289,
          47.6539391
        ]
      },
      "id": "node/419804807"
    },
    {
      "type": "Feature",
      "properties": {
        "@id": "node/420154753",
        "ele": "1496",
        "man_made": "cross",
        "name": "Karkopf",
        "natural": "peak",
        "source:ele": "guidepost",
        "summit:cross": "yes",
        "summit:register": "no",
        "wikidata": "Q31536147"
      },
      "geometry": {
        "type": "Point",
        "coordinates": [
          12.2401937,
          47.7397207
        ]
      },
      "id": "node/420154753"
    },
    {
      "type": "Feature",
      "properties": {
        "@id": "node/424026576",
        "ele": "1554",
        "name": "Klausenberg",
        "natural": "peak",
        "summit:cross": "yes",
        "wikidata": "Q1745964"
      },
      "geometry": {
        "type": "Point",
        "coordinates": [
          12.266765,
          47.7388285
        ]
      },
      "id": "node/424026576"
    },
    {
      "type": "Feature",
      "properties": {
        "@id": "node/429230836",
        "alt_name": "Seewand",
        "ele": "1664",
        "name": "Seewandköpfl",
        "natural": "peak",
        "source:ele": "Gipfelbuch",
        "source:name": "Gipfelbuch",
        "summit:cross": "yes",
        "wikidata": "Q31567202"
      },
      "geometry": {
        "type": "Point",
        "coordinates": [
          12.0298647,
          47.701315
        ]
      },
      "id": "node/429230836"
    },
    {
      "type": "Feature",
      "properties": {
        "@id": "node/435237776",
        "ele": "959",
        "name": "Wagensonnriegel",
        "natural": "peak",
        "summit:cross": "yes",
        "wikidata": "Q2539113",
        "wikipedia": "de:Wagensonnriegel"
      },
      "geometry": {
        "type": "Point",
        "coordinates": [
          13.2790963,
          48.9504287
        ]
      },
      "id": "node/435237776"
    },
    {
      "type": "Feature",
      "properties": {
        "@id": "node/436158256",
        "ele": "914",
        "name": "Harlachberger Spitze",
        "natural": "peak",
        "summit:cross": "yes",
        "summit:register": "yes",
        "website": "https://regiowiki.pnp.de/index.php/Harlachberg_bei_Bodenmais",
        "wikidata": "Q31542264"
      },
      "geometry": {
        "type": "Point",
        "coordinates": [
          13.0806915,
          49.0494155
        ]
      },
      "id": "node/436158256"
    },
    {
      "type": "Feature",
      "properties": {
        "@id": "node/441306332",
        "ele": "1293",
        "name": "Ringspitz",
        "natural": "peak",
        "summit:cross": "yes",
        "wikidata": "Q26882765",
        "wikipedia": "de:Ringspitz"
      },
      "geometry": {
        "type": "Point",
        "coordinates": [
          11.7330155,
          47.6829037
        ]
      },
      "id": "node/441306332"
    },
    {
      "type": "Feature",
      "properties": {
        "@id": "node/441895641",
        "ele": "2082",
        "name": "Hahnenköpfle",
        "natural": "peak",
        "ref:avf": "690",
        "summit:cross": "yes",
        "wikidata": "Q130569470"
      },
      "geometry": {
        "type": "Point",
        "coordinates": [
          10.10215,
          47.35783
        ]
      },
      "id": "node/441895641"
    },
    {
      "type": "Feature",
      "properties": {
        "@id": "node/442148678",
        "ele": "1516",
        "inscription:de": "In de' Berg bin i' gern und do' freit mi' mei' lem A+B",
        "name": "Reitstein",
        "natural": "peak",
        "summit:cross": "yes",
        "summit:register": "no",
        "wikidata": "Q2142214",
        "wikipedia": "de:Reitstein"
      },
      "geometry": {
        "type": "Point",
        "coordinates": [
          11.6783223,
          47.5842349
        ]
      },
      "id": "node/442148678"
    },
    {
      "type": "Feature",
      "properties": {
        "@id": "node/443394312",
        "ele": "531",
        "name": "Hartenfels",
        "natural": "peak",
        "summit:cross": "yes",
        "summit:register": "yes"
      },
      "geometry": {
        "type": "Point",
        "coordinates": [
          11.6375184,
          49.5311465
        ]
      },
      "id": "node/443394312"
    },
    {
      "type": "Feature",
      "properties": {
        "@id": "node/443883206",
        "alt_name": "Rosskopf",
        "ele": "1579",
        "name": "Roßkopf",
        "natural": "peak",
        "source:ele": "guidepost",
        "source:name": "guidepost",
        "summit:cross": "yes",
        "summit:register": "yes",
        "tourism": "viewpoint",
        "wheelchair": "no",
        "wikidata": "Q2171355",
        "wikipedia": "de:Roßkopf (Mangfallgebirge)"
      },
      "geometry": {
        "type": "Point",
        "coordinates": [
          11.8618557,
          47.6556941
        ]
      },
      "id": "node/443883206"
    },
    {
      "type": "Feature",
      "properties": {
        "@id": "node/444733019",
        "ele": "1704",
        "massif": "Lattengebirge",
        "name": "Törlkopf",
        "natural": "peak",
        "summit:cross": "yes",
        "wikidata": "Q1643854"
      },
      "geometry": {
        "type": "Point",
        "coordinates": [
          12.892724,
          47.6768732
        ]
      },
      "id": "node/444733019"
    },
    {
      "type": "Feature",
      "properties": {
        "@id": "node/446719804",
        "ele": "885",
        "name": "Platte",
        "natural": "peak",
        "summit:cross": "yes",
        "wikidata": "Q2098704"
      },
      "geometry": {
        "type": "Point",
        "coordinates": [
          11.8901594,
          50.0184043
        ]
      },
      "id": "node/446719804"
    },
    {
      "type": "Feature",
      "properties": {
        "@id": "node/448824397",
        "alt_name": "Steintraithen; Steilner Joch",
        "description": "Aluminiumkreuz vom 1976 (Anläßlich 25 Jahrfeier der Agfa Hütte bei Grafenherberg)",
        "ele": "1747",
        "name": "Steilnerjoch",
        "natural": "peak",
        "source": "survey",
        "summit:cross": "yes",
        "summit:register": "no",
        "wikidata": "Q31519343"
      },
      "geometry": {
        "type": "Point",
        "coordinates": [
          12.054693,
          47.6457112
        ]
      },
      "id": "node/448824397"
    },
    {
      "type": "Feature",
      "properties": {
        "@id": "node/449238477",
        "ele": "1670",
        "man_made": "cross",
        "name": "Vorderer Kirchstein",
        "natural": "peak",
        "summit:cross": "yes",
        "wikidata": "Q31516270"
      },
      "geometry": {
        "type": "Point",
        "coordinates": [
          11.501544,
          47.6597349
        ]
      },
      "id": "node/449238477"
    },
    {
      "type": "Feature",
      "properties": {
        "@id": "node/449389006",
        "ele": "2049",
        "name": "Oberer Rißkopf",
        "natural": "peak",
        "summit:cross": "yes",
        "summit:register": "yes",
        "wikidata": "Q21996583",
        "wikipedia": "de:Oberer Rißkopf"
      },
      "geometry": {
        "type": "Point",
        "coordinates": [
          11.1852668,
          47.5488775
        ]
      },
      "id": "node/449389006"
    },
    {
      "type": "Feature",
      "properties": {
        "@id": "node/449491364",
        "ele": "2033",
        "name": "Bischof",
        "natural": "peak",
        "summit:cross": "yes",
        "summit:register": "yes",
        "wikidata": "Q866104"
      },
      "geometry": {
        "type": "Point",
        "coordinates": [
          11.1757851,
          47.5404528
        ]
      },
      "id": "node/449491364"
    },
    {
      "type": "Feature",
      "properties": {
        "@id": "node/452941377",
        "ele": "1682",
        "name": "Laber",
        "natural": "peak",
        "summit:cross": "yes",
        "summit:register": "yes",
        "wikidata": "Q1799411"
      },
      "geometry": {
        "type": "Point",
        "coordinates": [
          11.102169,
          47.5858442
        ]
      },
      "id": "node/452941377"
    },
    {
      "type": "Feature",
      "properties": {
        "@id": "node/454601148",
        "ele": "1640",
        "historic": "wayside_cross",
        "man_made": "cross",
        "name": "Schlehdorfer Kreuz",
        "natural": "peak",
        "summit:cross": "yes"
      },
      "geometry": {
        "type": "Point",
        "coordinates": [
          11.2995496,
          47.6150365
        ]
      },
      "id": "node/454601148"
    },
    {
      "type": "Feature",
      "properties": {
        "@id": "node/454666359",
        "ele": "2469",
        "image": "https://commons.wikimedia.org/wiki/File:Rappenseekopf_Gipfel_und_Grenzstein_(1).jpg",
        "name": "Rappenseekopf",
        "natural": "peak",
        "prominence": "157",
        "ref:avf": "913",
        "summit:cross": "yes",
        "summit:register": "no",
        "wikidata": "Q831402",
        "wikimedia_commons": "Category:Rappenseekopf",
        "wikipedia": "de:Rappenseekopf"
      },
      "geometry": {
        "type": "Point",
        "coordinates": [
          10.2548226,
          47.2809839
        ]
      },
      "id": "node/454666359"
    },
    {
      "type": "Feature",
      "properties": {
        "@id": "node/454899951",
        "alt_name": "Muttler",
        "ele": "2368",
        "name": "Muttlerkopf",
        "natural": "peak",
        "ref:avf": "1570",
        "summit:cross": "yes",
        "wikidata": "Q21873215",
        "wikipedia": "en:Muttlerkopf"
      },
      "geometry": {
        "type": "Point",
        "coordinates": [
          10.3412333,
          47.3144134
        ]
      },
      "id": "node/454899951"
    },
    {
      "type": "Feature",
      "properties": {
        "@id": "node/457003382",
        "ele": "1450",
        "name": "Gschwender Horn",
        "natural": "peak",
        "prominence": "61",
        "ref:avf": "554",
        "summit:cross": "yes",
        "wikidata": "Q31543232",
        "wikipedia": "de:Gschwender Horn"
      },
      "geometry": {
        "type": "Point",
        "coordinates": [
          10.1694921,
          47.551041
        ]
      },
      "id": "node/457003382"
    },
    {
      "type": "Feature",
      "properties": {
        "@id": "node/457009524",
        "ele": "1118",
        "name": "Kalzhofner Höhe",
        "natural": "peak",
        "prominence": "60",
        "source:ele": "sign",
        "summit:cross": "yes",
        "wikidata": "Q124356322"
      },
      "geometry": {
        "type": "Point",
        "coordinates": [
          10.06248,
          47.58015
        ]
      },
      "id": "node/457009524"
    },
    {
      "type": "Feature",
      "properties": {
        "@id": "node/458147335",
        "ele": "1712",
        "name": "Wannenkopf",
        "natural": "peak",
        "noexit": "yes",
        "prominence": "117",
        "ref:avf": "591",
        "summit:cross": "yes",
        "wikidata": "Q1670546",
        "wikipedia": "de:Wannenkopf (Hörnergruppe)"
      },
      "geometry": {
        "type": "Point",
        "coordinates": [
          10.19206,
          47.44829
        ]
      },
      "id": "node/458147335"
    },
    {
      "type": "Feature",
      "properties": {
        "@id": "node/459569909",
        "ele": "831",
        "name": "Büchelstein",
        "natural": "peak",
        "summit:cross": "yes",
        "tourism": "viewpoint",
        "wikidata": "Q1020315",
        "wikipedia": "de:Büchelstein"
      },
      "geometry": {
        "type": "Point",
        "coordinates": [
          13.1754956,
          48.8082788
        ]
      },
      "id": "node/459569909"
    },
    {
      "type": "Feature",
      "properties": {
        "@id": "node/461147403",
        "alt_name": "Gerenstein",
        "ele": "1489",
        "name": "Immenstädter Horn",
        "natural": "peak",
        "note": "Immenstädter Horn heißt der ganze Bergrücken bis zur Kanzel",
        "prominence": "176",
        "ref:avf": "550",
        "summit:cross": "yes",
        "summit:register": "yes",
        "wikidata": "Q993388",
        "wikipedia": "de:Immenstädter Horn"
      },
      "geometry": {
        "type": "Point",
        "coordinates": [
          10.1868055,
          47.5540252
        ]
      },
      "id": "node/461147403"
    },
    {
      "type": "Feature",
      "properties": {
        "@id": "node/469207035",
        "alt_name": "Rotspitze",
        "ele": "2034",
        "name": "Rotspitz",
        "natural": "peak",
        "prominence": "139",
        "ref:avf": "1282",
        "summit:cross": "yes",
        "wikidata": "Q830784",
        "wikipedia": "de:Rotspitz (Allgäuer Alpen)"
      },
      "geometry": {
        "type": "Point",
        "coordinates": [
          10.369341,
          47.4595011
        ]
      },
      "id": "node/469207035"
    },
    {
      "type": "Feature",
      "properties": {
        "@id": "node/469207188",
        "ele": "2197",
        "name": "Kleiner Daumen",
        "natural": "peak",
        "prominence": "31",
        "ref:avf": "1272",
        "summit:cross": "yes",
        "wikidata": "Q1311878",
        "wikimedia_commons": "Category:Kleiner Daumen",
        "wikipedia": "de:Kleiner Daumen"
      },
      "geometry": {
        "type": "Point",
        "coordinates": [
          10.3861731,
          47.4470862
        ]
      },
      "id": "node/469207188"
    },
    {
      "type": "Feature",
      "properties": {
        "@id": "node/469612933",
        "ele": "1450",
        "man_made": "cross",
        "name": "Riesenberg",
        "natural": "peak",
        "summit:cross": "yes",
        "summit:register": "yes",
        "wikidata": "Q31526071"
      },
      "geometry": {
        "type": "Point",
        "coordinates": [
          12.2695032,
          47.759754
        ]
      },
      "id": "node/469612933"
    },
    {
      "type": "Feature",
      "properties": {
        "@id": "node/473011240",
        "ele": "1615",
        "name": "Weitlahnerkopf",
        "natural": "peak",
        "summit:cross": "yes",
        "summit:register": "no",
        "wikidata": "Q31558947"
      },
      "geometry": {
        "type": "Point",
        "coordinates": [
          12.3431991,
          47.7232228
        ]
      },
      "id": "node/473011240"
    },
    {
      "type": "Feature",
      "properties": {
        "@id": "node/473665202",
        "ele": "1562",
        "name": "Gröhrkopf",
        "natural": "peak",
        "summit:cross": "yes",
        "summit:register": "yes",
        "wikidata": "Q31354483"
      },
      "geometry": {
        "type": "Point",
        "coordinates": [
          12.5598032,
          47.7454644
        ]
      },
      "id": "node/473665202"
    },
    {
      "type": "Feature",
      "properties": {
        "@id": "node/475537031",
        "ele": "2712",
        "name": "Watzmann-Südspitze",
        "natural": "peak",
        "old_name": "Schönfeldspitze",
        "ref:avf": "2540",
        "summit:cross": "yes",
        "summit:register": "yes",
        "wikidata": "Q31354390"
      },
      "geometry": {
        "type": "Point",
        "coordinates": [
          12.9169564,
          47.5480306
        ]
      },
      "id": "node/475537031"
    },
    {
      "type": "Feature",
      "properties": {
        "@id": "node/476276692",
        "ele": "1336",
        "man_made": "cross",
        "name": "Zinkenkopf",
        "natural": "peak",
        "summit:cross": "yes",
        "wikidata": "Q204741"
      },
      "geometry": {
        "type": "Point",
        "coordinates": [
          13.08619,
          47.64767
        ]
      },
      "id": "node/476276692"
    },
    {
      "type": "Feature",
      "properties": {
        "@id": "node/477726426",
        "ele": "1746",
        "name": "Siplingerkopf",
        "natural": "peak",
        "prominence": "257",
        "ref:avf": "608",
        "summit:cross": "yes",
        "summit:register": "yes",
        "wikidata": "Q1694753",
        "wikipedia": "de:Siplingerkopf"
      },
      "geometry": {
        "type": "Point",
        "coordinates": [
          10.1255666,
          47.4800188
        ]
      },
      "id": "node/477726426"
    },
    {
      "type": "Feature",
      "properties": {
        "@id": "node/480760326",
        "ele": "2058",
        "name": "Kanzelwand",
        "name:de-AT": "Kanzelwand",
        "name:de-DE": "Warmatsgundkopf",
        "natural": "peak",
        "ref:avf": "766;1022",
        "summit:cross": "yes",
        "wikidata": "Q872350",
        "wikipedia": "de:Kanzelwand"
      },
      "geometry": {
        "type": "Point",
        "coordinates": [
          10.2077026,
          47.3347816
        ]
      },
      "id": "node/480760326"
    },
    {
      "type": "Feature",
      "properties": {
        "@id": "node/489343790",
        "check_date": "2025-10-04",
        "fee": "no",
        "foot": "yes",
        "name": "Brotfelsen",
        "name:cs": "Chlebová skála",
        "name:de": "Brotfelsen",
        "name:en": "Bread rock",
        "natural": "peak",
        "summit:cross": "yes"
      },
      "geometry": {
        "type": "Point",
        "coordinates": [
          12.3978822,
          49.7355379
        ]
      },
      "id": "node/489343790"
    },
    {
      "type": "Feature",
      "properties": {
        "@id": "node/506889891",
        "ele": "2236",
        "name": "Wildpalfen",
        "natural": "peak",
        "ref:avf": "3010",
        "summit:cross": "yes"
      },
      "geometry": {
        "type": "Point",
        "coordinates": [
          13.0377259,
          47.4969696
        ]
      },
      "id": "node/506889891"
    },
    {
      "type": "Feature",
      "properties": {
        "@id": "node/507017751",
        "ele": "1940",
        "name": "Rothspielscheibe",
        "natural": "peak",
        "ref:avf": "2860",
        "summit:cross": "yes"
      },
      "geometry": {
        "type": "Point",
        "coordinates": [
          13.0329717,
          47.5569375
        ]
      },
      "id": "node/507017751"
    },
    {
      "type": "Feature",
      "properties": {
        "@id": "node/507105613",
        "ele": "2153",
        "name": "Schärtenspitze",
        "natural": "peak",
        "ref:avf": "2020",
        "source": "survey",
        "summit:cross": "yes",
        "summit:register": "yes",
        "wikipedia": "de:Hochkalter#Schärtenspitze"
      },
      "geometry": {
        "type": "Point",
        "coordinates": [
          12.8746816,
          47.5822
        ]
      },
      "id": "node/507105613"
    },
    {
      "type": "Feature",
      "properties": {
        "@id": "node/507108005",
        "ele": "1815",
        "name": "Mooslahnerkopf",
        "natural": "peak",
        "ref:avf": "2430",
        "summit:cross": "yes",
        "wikidata": "Q31304888"
      },
      "geometry": {
        "type": "Point",
        "coordinates": [
          12.9561134,
          47.5605048
        ]
      },
      "id": "node/507108005"
    },
    {
      "type": "Feature",
      "properties": {
        "@id": "node/507516441",
        "ele": "1662",
        "name": "Großer Ochsenkopf",
        "natural": "peak",
        "prominence": "109",
        "ref:avf": "588",
        "summit:cross": "yes",
        "summit:register": "yes",
        "wikidata": "Q20999879",
        "wikipedia": "de:Großer Ochsenkopf"
      },
      "geometry": {
        "type": "Point",
        "coordinates": [
          10.1805642,
          47.4636916
        ]
      },
      "id": "node/507516441"
    },
    {
      "type": "Feature",
      "properties": {
        "@id": "node/510815115",
        "ele": "1584",
        "name": "Haidwand",
        "natural": "peak",
        "summit:cross": "yes",
        "summit:register": "yes"
      },
      "geometry": {
        "type": "Point",
        "coordinates": [
          12.0189667,
          47.7153576
        ]
      },
      "id": "node/510815115"
    },
    {
      "type": "Feature",
      "properties": {
        "@id": "node/513262143",
        "ele": "1726",
        "man_made": "cross",
        "name": "Zunderkopf",
        "natural": "peak",
        "ref:avf": "2625",
        "source": "Airborne Laser Scanning 2019",
        "summit:cross": "yes"
      },
      "geometry": {
        "type": "Point",
        "coordinates": [
          10.7670365,
          47.5294705
        ]
      },
      "id": "node/513262143"
    },
    {
      "type": "Feature",
      "properties": {
        "@id": "node/519688895",
        "ele": "1940",
        "name": "Hoher Fricken",
        "natural": "peak",
        "summit:cross": "yes",
        "summit:register": "yes",
        "wikidata": "Q315767"
      },
      "geometry": {
        "type": "Point",
        "coordinates": [
          11.1531653,
          47.5313452
        ]
      },
      "id": "node/519688895"
    },
    {
      "type": "Feature",
      "properties": {
        "@id": "node/521724724",
        "alt:NHN": "1645",
        "alt:WGS84": "1691",
        "ele": "1645",
        "name": "Rauschberg",
        "natural": "peak",
        "note": "Laut Wanderschilder der Gemeinde Ruhpolding Höhe=1648m, aber in Wikipedia steht 1645m und 1645m steht auch schon lange in OSM, sodass ich es so lasse.",
        "summit:cross": "yes",
        "wikidata": "Q2133484",
        "wikipedia": "de:Rauschberg"
      },
      "geometry": {
        "type": "Point",
        "coordinates": [
          12.6839381,
          47.7329541
        ]
      },
      "id": "node/521724724"
    },
    {
      "type": "Feature",
      "properties": {
        "@id": "node/530747886",
        "ele": "2381",
        "name": "Westlicher Berg der guten Hoffnung",
        "natural": "peak",
        "prominence": "24",
        "ref:avf": "877",
        "summit:cross": "yes",
        "wikidata": "Q31555081"
      },
      "geometry": {
        "type": "Point",
        "coordinates": [
          10.2854154,
          47.2979555
        ]
      },
      "id": "node/530747886"
    },
    {
      "type": "Feature",
      "properties": {
        "@id": "node/530747888",
        "ele": "2595",
        "name": "Trettachspitze",
        "natural": "peak",
        "prominence": "145",
        "ref:avf": "860",
        "summit:cross": "yes",
        "wikidata": "Q450837",
        "wikipedia": "de:Trettachspitze"
      },
      "geometry": {
        "type": "Point",
        "coordinates": [
          10.29545,
          47.30362
        ]
      },
      "id": "node/530747888"
    },
    {
      "type": "Feature",
      "properties": {
        "@id": "node/530774128",
        "alt_name": "Hahnenköpfle",
        "ele": "1735",
        "name": "Hahnenkopf",
        "natural": "peak",
        "prominence": "33",
        "ref:avf": "1337",
        "summit:cross": "yes",
        "summit:register": "yes",
        "wikidata": "Q831424",
        "wikipedia": "de:Hahnenkopf (Bayern)"
      },
      "geometry": {
        "type": "Point",
        "coordinates": [
          10.32482,
          47.37922
        ]
      },
      "id": "node/530774128"
    },
    {
      "type": "Feature",
      "properties": {
        "@id": "node/535311216",
        "alt_name": "Griesgundkopf",
        "ele": "2164",
        "name": "Grießgundkopf",
        "natural": "peak",
        "prominence": "38",
        "ref:avf": "781",
        "summit:cross": "yes",
        "summit:register": "yes",
        "wikidata": "Q1546508",
        "wikipedia": "de:Griesgundkopf"
      },
      "geometry": {
        "type": "Point",
        "coordinates": [
          10.239598,
          47.3236352
        ]
      },
      "id": "node/535311216"
    },
    {
      "type": "Feature",
      "properties": {
        "@id": "node/538726639",
        "alt_name": "Kleiner Hochvogel",
        "ele": "1444",
        "name": "Kreuzbichel",
        "natural": "peak",
        "prominence": "8",
        "summit:cross": "yes",
        "wikidata": "Q130544740"
      },
      "geometry": {
        "type": "Point",
        "coordinates": [
          10.4489507,
          47.4752701
        ]
      },
      "id": "node/538726639"
    },
    {
      "type": "Feature",
      "properties": {
        "@id": "node/568503689",
        "ele": "1135",
        "name": "Inzeller Kienbergl (Kreuzspitz)",
        "natural": "peak",
        "summit:cross": "yes"
      },
      "geometry": {
        "type": "Point",
        "coordinates": [
          12.7420541,
          47.746641
        ]
      },
      "id": "node/568503689"
    },
    {
      "type": "Feature",
      "properties": {
        "@id": "node/606320617",
        "alt_name": "Hoher Madron",
        "ele": "942",
        "name": "Großer Madron",
        "natural": "peak",
        "note:summit:cross": "Einfaches selbstgemachtes Holzkreuz",
        "summit:cross": "yes",
        "summit:register": "yes"
      },
      "geometry": {
        "type": "Point",
        "coordinates": [
          12.1301792,
          47.7110102
        ]
      },
      "id": "node/606320617"
    },
    {
      "type": "Feature",
      "properties": {
        "@id": "node/618771886",
        "ele": "1613",
        "man_made": "cross",
        "name": "Hennenkopf",
        "natural": "peak",
        "summit:cross": "yes",
        "summit:register": "yes"
      },
      "geometry": {
        "type": "Point",
        "coordinates": [
          11.481904,
          47.662083
        ]
      },
      "id": "node/618771886"
    },
    {
      "type": "Feature",
      "properties": {
        "@id": "node/618771984",
        "ele": "1589",
        "man_made": "cross",
        "name": "Probstenwand",
        "natural": "peak",
        "summit:cross": "yes",
        "summit:register": "yes"
      },
      "geometry": {
        "type": "Point",
        "coordinates": [
          11.4845246,
          47.6619839
        ]
      },
      "id": "node/618771984"
    },
    {
      "type": "Feature",
      "properties": {
        "@id": "node/619240391",
        "ele": "926",
        "historic": "wayside_cross",
        "inscription": "Gelobt sei Jesus Christus",
        "name": "Mühlegg",
        "natural": "peak",
        "religion": "christian",
        "start_date": "1908",
        "summit:cross": "yes",
        "tourism": "viewpoint"
      },
      "geometry": {
        "type": "Point",
        "coordinates": [
          10.9398997,
          47.7150662
        ]
      },
      "id": "node/619240391"
    },
    {
      "type": "Feature",
      "properties": {
        "@id": "node/643653863",
        "ele": "1638",
        "man_made": "cross",
        "name": "Hohe Bleick",
        "natural": "peak",
        "ref:avf": "2277",
        "summit:cross": "yes",
        "summit:register": "yes",
        "wikidata": "Q1515166",
        "wikipedia": "de:Hohe Bleick"
      },
      "geometry": {
        "type": "Point",
        "coordinates": [
          10.9077723,
          47.6298713
        ]
      },
      "id": "node/643653863"
    },
    {
      "type": "Feature",
      "properties": {
        "@id": "node/643653896",
        "ele": "1396",
        "name": "Hochschergen",
        "natural": "peak",
        "summit:cross": "yes",
        "wikidata": "Q31539804"
      },
      "geometry": {
        "type": "Point",
        "coordinates": [
          10.9920024,
          47.6307827
        ]
      },
      "id": "node/643653896"
    },
    {
      "type": "Feature",
      "properties": {
        "@id": "node/658981816",
        "alt_name": "Wiedemer",
        "ele": "2163",
        "name": "Wiedemerkopf",
        "natural": "peak",
        "ref:avf": "1441",
        "summit:cross": "yes",
        "wikidata": "Q2568292",
        "wikipedia": "de:Wiedemerkopf"
      },
      "geometry": {
        "type": "Point",
        "coordinates": [
          10.41699,
          47.39012
        ]
      },
      "id": "node/658981816"
    },
    {
      "type": "Feature",
      "properties": {
        "@id": "node/672931871",
        "ele": "1336",
        "name": "Osterfeuerköpfl",
        "natural": "peak",
        "summit:cross": "yes"
      },
      "geometry": {
        "type": "Point",
        "coordinates": [
          11.2145558,
          47.6023232
        ]
      },
      "id": "node/672931871"
    },
    {
      "type": "Feature",
      "properties": {
        "@id": "node/687903328",
        "alt_name": "Breitsol",
        "ele": "586",
        "inscription": "Geiersberg – 586m ü. NN – Höchster Berg im Spessart – Initiative Geiersberg 2014",
        "name": "Geiersberg",
        "natural": "peak",
        "note:name": "gemäß Gipfelkreuz und allgemeinem Sprachgebrauch. Mehrere amtliche Kartenwerke ziehen den Namen „Breitsol“ vor (etwa Bayernatlas – neuester Digitaler Atlas verwendet beide Namen gleichwertig)",
        "summit:cross": "yes",
        "summit:register": "yes",
        "wikidata": "Q788188",
        "wikipedia": "de:Geiersberg (Spessart)"
      },
      "geometry": {
        "type": "Point",
        "coordinates": [
          9.4305339,
          49.9066525
        ]
      },
      "id": "node/687903328"
    },
    {
      "type": "Feature",
      "properties": {
        "@id": "node/698876141",
        "ele": "499",
        "name": "Schlüsselstein",
        "natural": "peak",
        "summit:cross": "yes"
      },
      "geometry": {
        "type": "Point",
        "coordinates": [
          11.1986691,
          49.7734244
        ]
      },
      "id": "node/698876141"
    },
    {
      "type": "Feature",
      "properties": {
        "@id": "node/700907767",
        "ele": "1115",
        "name": "Kundl",
        "natural": "peak",
        "source:ele": "gps",
        "sport": "climbing",
        "summit:cross": "yes",
        "website": "https://www.stadler-markus.de/sportklettern/bayern/klettergebiete/news/kundl-und-backofen-am-heuberg.html"
      },
      "geometry": {
        "type": "Point",
        "coordinates": [
          12.177601,
          47.7256963
        ]
      },
      "id": "node/700907767"
    },
    {
      "type": "Feature",
      "properties": {
        "@id": "node/701066939",
        "ele": "1338",
        "inscription": "Wir dienen - 1961",
        "name": "Rehleitenkopf",
        "natural": "peak",
        "source:ele": "summit:register",
        "summit:cross": "yes",
        "summit:register": "yes",
        "wikidata": "Q31526565",
        "wikipedia": "de:Rehleitenkopf"
      },
      "geometry": {
        "type": "Point",
        "coordinates": [
          12.103677,
          47.7025666
        ]
      },
      "id": "node/701066939"
    },
    {
      "type": "Feature",
      "properties": {
        "@id": "node/701093144",
        "ele": "1241",
        "name": "Hirschnagel",
        "natural": "peak",
        "summit:cross": "yes",
        "summit:register": "yes"
      },
      "geometry": {
        "type": "Point",
        "coordinates": [
          12.100621,
          47.7070849
        ]
      },
      "id": "node/701093144"
    },
    {
      "type": "Feature",
      "properties": {
        "@id": "node/701385037",
        "ele": "1135",
        "name": "Maiwand",
        "natural": "peak",
        "note": "Neues Gipfelkreuz Ende Mai 2025 von den Goaßmaß-Freunden Flintsbach aufgestellt",
        "source:ele": "summit:cross",
        "summit:cross": "yes",
        "summit:register": "yes",
        "wikidata": "Q1885965",
        "wikipedia": "de:Maiwand (Berg)"
      },
      "geometry": {
        "type": "Point",
        "coordinates": [
          12.1148096,
          47.7102985
        ]
      },
      "id": "node/701385037"
    },
    {
      "type": "Feature",
      "properties": {
        "@id": "node/702260997",
        "ele": "1466",
        "name": "Großer Laber",
        "natural": "peak",
        "summit:cross": "yes",
        "summit:register": "yes",
        "wikidata": "Q31543959"
      },
      "geometry": {
        "type": "Point",
        "coordinates": [
          11.1185921,
          47.5778643
        ]
      },
      "id": "node/702260997"
    },
    {
      "type": "Feature",
      "properties": {
        "@id": "node/703834458",
        "ele": "1435",
        "natural": "peak",
        "summit:cross": "yes"
      },
      "geometry": {
        "type": "Point",
        "coordinates": [
          11.1239997,
          47.5879186
        ]
      },
      "id": "node/703834458"
    },
    {
      "type": "Feature",
      "properties": {
        "@id": "node/705155390",
        "ele": "1310",
        "name": "Waxenstein",
        "natural": "peak",
        "summit:cross": "yes",
        "summit:register": "yes",
        "wikidata": "Q31558507"
      },
      "geometry": {
        "type": "Point",
        "coordinates": [
          11.5427384,
          47.6658503
        ]
      },
      "id": "node/705155390"
    },
    {
      "type": "Feature",
      "properties": {
        "@id": "node/725055111",
        "alt_name": "Lechnerköpfl",
        "ele": "1547",
        "name": "Lechnerkopf",
        "natural": "peak",
        "source:ele": "Gipfelbuch",
        "summit:cross": "yes",
        "summit:register": "yes",
        "wikidata": "Q31558918",
        "wikipedia": "de:Lechnerkopf"
      },
      "geometry": {
        "type": "Point",
        "coordinates": [
          12.0369322,
          47.7186747
        ]
      },
      "id": "node/725055111"
    },
    {
      "type": "Feature",
      "properties": {
        "@id": "node/736758343",
        "alt_name": "Kleiner Madron",
        "ele": "842",
        "name": "Petersberg",
        "natural": "peak",
        "summit:cross": "yes",
        "summit:register": "yes",
        "wikidata": "Q2079549",
        "wikipedia": "de:Kleiner Madron"
      },
      "geometry": {
        "type": "Point",
        "coordinates": [
          12.1251184,
          47.7118549
        ]
      },
      "id": "node/736758343"
    },
    {
      "type": "Feature",
      "properties": {
        "@id": "node/747347485",
        "ele": "924",
        "name": "Rabenstein (westl.)",
        "natural": "peak",
        "summit:cross": "yes",
        "summit:register": "no"
      },
      "geometry": {
        "type": "Point",
        "coordinates": [
          12.6183863,
          47.7858562
        ]
      },
      "id": "node/747347485"
    },
    {
      "type": "Feature",
      "properties": {
        "@id": "node/748804706",
        "ele": "1269",
        "name": "Sonnenspitz",
        "natural": "peak",
        "summit:cross": "yes",
        "summit:cross:height": "0.8",
        "wikidata": "Q109019807",
        "wikipedia": "de:Sonnenspitz (Kochel)"
      },
      "geometry": {
        "type": "Point",
        "coordinates": [
          11.3760576,
          47.6393841
        ]
      },
      "id": "node/748804706"
    },
    {
      "type": "Feature",
      "properties": {
        "@id": "node/751812974",
        "ele": "1594",
        "name": "Haaralmschneid",
        "natural": "peak",
        "summit:cross": "yes",
        "summit:register": "yes",
        "wikidata": "Q31354459"
      },
      "geometry": {
        "type": "Point",
        "coordinates": [
          12.5604918,
          47.7419348
        ]
      },
      "id": "node/751812974"
    },
    {
      "type": "Feature",
      "properties": {
        "@id": "node/765097941",
        "ele": "1422",
        "name": "Rampoldplatte",
        "natural": "peak",
        "source:ele": "guidepost",
        "summit:cross": "yes",
        "summit:register": "yes",
        "wikidata": "Q980656"
      },
      "geometry": {
        "type": "Point",
        "coordinates": [
          12.0435958,
          47.7239382
        ]
      },
      "id": "node/765097941"
    },
    {
      "type": "Feature",
      "properties": {
        "@id": "node/765737740",
        "alt_name": "Wildenstein",
        "ele": "744",
        "name": "Wildstein",
        "natural": "peak",
        "summit:cross": "yes",
        "wikidata": "Q15992150",
        "wikipedia": "de:Wildstein (Oberpfälzer Wald)"
      },
      "geometry": {
        "type": "Point",
        "coordinates": [
          12.406944,
          49.521198
        ]
      },
      "id": "node/765737740"
    },
    {
      "type": "Feature",
      "properties": {
        "@id": "node/767907047",
        "name": "Hörndl",
        "natural": "peak",
        "summit:cross": "yes",
        "summit:register": "yes"
      },
      "geometry": {
        "type": "Point",
        "coordinates": [
          12.5840238,
          47.7062158
        ]
      },
      "id": "node/767907047"
    },
    {
      "type": "Feature",
      "properties": {
        "@id": "node/774990761",
        "ele": "1480",
        "name": "Gschwandtpfeiler",
        "natural": "peak",
        "summit:cross": "yes"
      },
      "geometry": {
        "type": "Point",
        "coordinates": [
          12.0305994,
          47.7064977
        ]
      },
      "id": "node/774990761"
    },
    {
      "type": "Feature",
      "properties": {
        "@id": "node/793933283",
        "check_date:summit:register": "2025-09-09",
        "ele": "1594",
        "ele:source": "Wanderschilder der Gemeinde Ruhpolding",
        "name": "Streicher",
        "natural": "peak",
        "summit:cross": "yes",
        "summit:register": "yes",
        "wikidata": "Q31518293"
      },
      "geometry": {
        "type": "Point",
        "coordinates": [
          12.7122774,
          47.7358916
        ]
      },
      "id": "node/793933283"
    },
    {
      "type": "Feature",
      "properties": {
        "@id": "node/819329650",
        "ele": "1545",
        "name": "Brünnsteinschanze",
        "natural": "peak",
        "summit:cross": "yes",
        "summit:register": "no",
        "wikidata": "Q120444189"
      },
      "geometry": {
        "type": "Point",
        "coordinates": [
          12.081399,
          47.6516661
        ]
      },
      "id": "node/819329650"
    },
    {
      "type": "Feature",
      "properties": {
        "@id": "node/822263083",
        "ele": "2268",
        "man_made": "cross",
        "name": "Schneck",
        "natural": "peak",
        "ref:avf": "1326",
        "summit:cross": "yes",
        "wikidata": "Q831188"
      },
      "geometry": {
        "type": "Point",
        "coordinates": [
          10.382386,
          47.3859171
        ]
      },
      "id": "node/822263083"
    },
    {
      "type": "Feature",
      "properties": {
        "@id": "node/829067169",
        "ele": "572",
        "ele:source": "gps",
        "name": "Luginsland",
        "natural": "peak",
        "noexit": "yes",
        "summit:cross": "yes",
        "tourism": "viewpoint"
      },
      "geometry": {
        "type": "Point",
        "coordinates": [
          11.5405763,
          49.5473328
        ]
      },
      "id": "node/829067169"
    },
    {
      "type": "Feature",
      "properties": {
        "@id": "node/833677920",
        "ele": "1685",
        "name": "Heidenkopf",
        "natural": "peak",
        "prominence": "41",
        "ref:avf": "615",
        "summit:cross": "yes",
        "summit:register": "no",
        "wikidata": "Q17575466",
        "wikipedia": "de:Heidenkopf (Allgäuer Alpen)"
      },
      "geometry": {
        "type": "Point",
        "coordinates": [
          10.1117153,
          47.4811571
        ]
      },
      "id": "node/833677920"
    },
    {
      "type": "Feature",
      "properties": {
        "@id": "node/841768928",
        "ele": "951",
        "name": "Gsengetstein",
        "natural": "peak",
        "note": "Gipfelbuch ja",
        "summit:cross": "yes",
        "summit:register": "yes",
        "wikidata": "Q1552497",
        "wikipedia": "de:Gsengetstein"
      },
      "geometry": {
        "type": "Point",
        "coordinates": [
          13.2580614,
          48.9318145
        ]
      },
      "id": "node/841768928"
    },
    {
      "type": "Feature",
      "properties": {
        "@id": "node/841832445",
        "ele": "2111",
        "name": "Seebichel",
        "natural": "peak",
        "prominence": "30",
        "summit:cross": "yes",
        "summit:register": "no",
        "wikidata": "Q130486776"
      },
      "geometry": {
        "type": "Point",
        "coordinates": [
          10.2524866,
          47.2879221
        ]
      },
      "id": "node/841832445"
    },
    {
      "type": "Feature",
      "properties": {
        "@id": "node/880892898",
        "ele": "1684",
        "name": "Hörndlwand",
        "natural": "peak",
        "summit:cross": "yes",
        "summit:register": "yes",
        "wikidata": "Q977119",
        "wikipedia": "de:Hörndlwand"
      },
      "geometry": {
        "type": "Point",
        "coordinates": [
          12.5839435,
          47.7062685
        ]
      },
      "id": "node/880892898"
    },
    {
      "type": "Feature",
      "properties": {
        "@id": "node/885182782",
        "ele": "824",
        "name": "Gletscherblick",
        "natural": "peak",
        "summit:cross": "yes",
        "summit:register": "no"
      },
      "geometry": {
        "type": "Point",
        "coordinates": [
          12.1489342,
          47.6482196
        ]
      },
      "id": "node/885182782"
    },
    {
      "type": "Feature",
      "properties": {
        "@id": "node/912161031",
        "alt_name": "Gaißalphorn;Geißalphorn",
        "ele": "1953",
        "name": "Gaisalphorn",
        "natural": "peak",
        "prominence": "70",
        "ref:avf": "1258",
        "summit:cross": "yes",
        "wikidata": "Q1255455",
        "wikipedia": "de:Gaisalphorn"
      },
      "geometry": {
        "type": "Point",
        "coordinates": [
          10.318142,
          47.4193652
        ]
      },
      "id": "node/912161031"
    },
    {
      "type": "Feature",
      "properties": {
        "@id": "node/912352427",
        "ele": "2172",
        "name": "Balken",
        "natural": "peak",
        "ref:avf": "1406",
        "summit:cross": "yes",
        "wikidata": "Q130532150"
      },
      "geometry": {
        "type": "Point",
        "coordinates": [
          10.43009,
          47.38883
        ]
      },
      "id": "node/912352427"
    },
    {
      "type": "Feature",
      "properties": {
        "@id": "node/913868690",
        "ele": "2008",
        "name": "Heubatspitze",
        "natural": "peak",
        "prominence": "63",
        "ref:avf": "1280",
        "summit:cross": "yes",
        "summit:register": "yes",
        "wikidata": "Q8553229",
        "wikipedia": "de:Heubatspitze"
      },
      "geometry": {
        "type": "Point",
        "coordinates": [
          10.3810226,
          47.4589308
        ]
      },
      "id": "node/913868690"
    },
    {
      "type": "Feature",
      "properties": {
        "@id": "node/914498793",
        "ele": "1655",
        "name": "Beslerkopf",
        "natural": "peak",
        "prominence": "23",
        "ref:avf": "630",
        "summit:cross": "yes",
        "wikidata": "Q31555633"
      },
      "geometry": {
        "type": "Point",
        "coordinates": [
          10.1796573,
          47.4261718
        ]
      },
      "id": "node/914498793"
    },
    {
      "type": "Feature",
      "properties": {
        "@id": "node/914498805",
        "ele": "1669",
        "name": "Bleicherhorn",
        "natural": "peak",
        "prominence": "19",
        "ref:avf": "600",
        "summit:cross": "yes",
        "summit:register": "yes",
        "wikidata": "Q31552166"
      },
      "geometry": {
        "type": "Point",
        "coordinates": [
          10.1402018,
          47.4701058
        ]
      },
      "id": "node/914498805"
    },
    {
      "type": "Feature",
      "properties": {
        "@id": "node/914498814",
        "ele": "1669",
        "name": "Höllritzereck",
        "natural": "peak",
        "prominence": "165",
        "ref:avf": "600",
        "summit:cross": "yes",
        "summit:register": "yes",
        "wikidata": "Q130492979"
      },
      "geometry": {
        "type": "Point",
        "coordinates": [
          10.1435058,
          47.4680448
        ]
      },
      "id": "node/914498814"
    },
    {
      "type": "Feature",
      "properties": {
        "@id": "node/914505742",
        "ele": "1552",
        "name": "Hochschelpen",
        "natural": "peak",
        "prominence": "118",
        "ref:avf": "652",
        "summit:cross": "yes",
        "summit:register": "yes",
        "wikidata": "Q31539820"
      },
      "geometry": {
        "type": "Point",
        "coordinates": [
          10.1093641,
          47.4345246
        ]
      },
      "id": "node/914505742"
    },
    {
      "type": "Feature",
      "properties": {
        "@id": "node/914583279",
        "ele": "1067",
        "name": "Stoffelberg",
        "natural": "peak",
        "prominence": "85",
        "summit:cross": "yes",
        "wikidata": "Q31518458"
      },
      "geometry": {
        "type": "Point",
        "coordinates": [
          10.2238117,
          47.637024
        ]
      },
      "id": "node/914583279"
    },
    {
      "type": "Feature",
      "properties": {
        "@id": "node/915072979",
        "alt_name": "Sederer Stuiben;Sederer",
        "ele": "1737",
        "man_made": "cross",
        "name": "Sedererstuiben",
        "natural": "peak",
        "prominence": "61",
        "ref:avf": "503",
        "summit:cross": "yes",
        "summit:register": "no",
        "wikidata": "Q2264325",
        "wikipedia": "de:Sedererstuiben"
      },
      "geometry": {
        "type": "Point",
        "coordinates": [
          10.1531167,
          47.5144029
        ]
      },
      "id": "node/915072979"
    },
    {
      "type": "Feature",
      "properties": {
        "@id": "node/915105278",
        "alt_name": "Riederspitz",
        "ele": "1613",
        "name": "Zinken",
        "natural": "peak",
        "ref:avf": "972",
        "summit:cross": "yes",
        "wikidata": "Q21875910"
      },
      "geometry": {
        "type": "Point",
        "coordinates": [
          10.4511981,
          47.5546598
        ]
      },
      "id": "node/915105278"
    },
    {
      "type": "Feature",
      "properties": {
        "@id": "node/915528963",
        "ele": "1918",
        "name": "Gumpenkarspitze",
        "natural": "peak",
        "ref:avf": "2440",
        "source": "Bayerische Vermessungsverwaltung – www.geodaten.bayern.de",
        "summit:cross": "yes",
        "summit:register": "yes",
        "wikidata": "Q31556661"
      },
      "geometry": {
        "type": "Point",
        "coordinates": [
          10.8264154,
          47.5571038
        ]
      },
      "id": "node/915528963"
    },
    {
      "type": "Feature",
      "properties": {
        "@id": "node/919730944",
        "ele": "1270",
        "name": "Saurüsselkopf",
        "natural": "peak",
        "summit:cross": "yes",
        "wikidata": "Q31523888"
      },
      "geometry": {
        "type": "Point",
        "coordinates": [
          12.6493523,
          47.6969604
        ]
      },
      "id": "node/919730944"
    },
    {
      "type": "Feature",
      "properties": {
        "@id": "node/921168074",
        "ele": "585",
        "man_made": "cross",
        "name": "Kuschberg",
        "natural": "peak",
        "summit:cross": "yes",
        "tourism": "viewpoint",
        "wikidata": "Q31323740"
      },
      "geometry": {
        "type": "Point",
        "coordinates": [
          11.9615229,
          49.8349565
        ]
      },
      "id": "node/921168074"
    },
    {
      "type": "Feature",
      "properties": {
        "@id": "node/926396862",
        "ele": "1493",
        "image": "http://commons.wikimedia.org/wiki/File:Gruberhörndl.jpg",
        "name": "Gruberhörndl",
        "natural": "peak",
        "summit:cross": "yes",
        "wikidata": "Q31543415"
      },
      "geometry": {
        "type": "Point",
        "coordinates": [
          12.7845789,
          47.7523055
        ]
      },
      "id": "node/926396862"
    },
    {
      "type": "Feature",
      "properties": {
        "@id": "node/935524539",
        "ele": "1214",
        "name": "Mitterberg",
        "natural": "peak",
        "summit:cross": "yes",
        "wikidata": "Q31530580"
      },
      "geometry": {
        "type": "Point",
        "coordinates": [
          12.041971,
          47.7344286
        ]
      },
      "id": "node/935524539"
    },
    {
      "type": "Feature",
      "properties": {
        "@id": "node/965990748",
        "ele": "1462",
        "name": "Strohnkopf",
        "natural": "peak",
        "summit:cross": "yes"
      },
      "geometry": {
        "type": "Point",
        "coordinates": [
          12.5814756,
          47.7609552
        ]
      },
      "id": "node/965990748"
    },
    {
      "type": "Feature",
      "properties": {
        "@id": "node/1011372360",
        "ele": "1025",
        "name": "Schrofen",
        "natural": "peak",
        "summit:cross": "yes",
        "summit:register": "yes",
        "wikidata": "Q31521765"
      },
      "geometry": {
        "type": "Point",
        "coordinates": [
          12.0652001,
          47.7330311
        ]
      },
      "id": "node/1011372360"
    },
    {
      "type": "Feature",
      "properties": {
        "@id": "node/1032980659",
        "ele": "593",
        "man_made": "cross",
        "name": "Anzenstein",
        "natural": "peak",
        "summit:cross": "yes",
        "url": "http://www.vfmg-weiden.de/anzen.htm"
      },
      "geometry": {
        "type": "Point",
        "coordinates": [
          11.9192444,
          49.8685106
        ]
      },
      "id": "node/1032980659"
    },
    {
      "type": "Feature",
      "properties": {
        "@id": "node/1055345002",
        "ele": "1820",
        "name": "Großer Heubergkopf",
        "natural": "peak",
        "ref:avf": "1140",
        "summit:cross": "yes"
      },
      "geometry": {
        "type": "Point",
        "coordinates": [
          13.0031728,
          47.7144664
        ]
      },
      "id": "node/1055345002"
    },
    {
      "type": "Feature",
      "properties": {
        "@id": "node/1055352004",
        "ele": "2481",
        "name": "Blaueisspitze",
        "natural": "peak",
        "source": "estimated from height lines",
        "summit:cross": "yes",
        "wikidata": "Q31354412"
      },
      "geometry": {
        "type": "Point",
        "coordinates": [
          12.8694054,
          47.5720037
        ]
      },
      "id": "node/1055352004"
    },
    {
      "type": "Feature",
      "properties": {
        "@id": "node/1055352011",
        "ele": "2065",
        "name": "Steinberg",
        "natural": "peak",
        "ref:avf": "2010",
        "summit:cross": "yes"
      },
      "geometry": {
        "type": "Point",
        "coordinates": [
          12.8776064,
          47.585734
        ]
      },
      "id": "node/1055352011"
    },
    {
      "type": "Feature",
      "properties": {
        "@id": "node/1059571696",
        "ele": "1805",
        "name": "Brettgabel",
        "natural": "peak",
        "ref:avf": "2730",
        "source": "estimated from height lines",
        "summit:cross": "yes",
        "wikidata": "Q910965"
      },
      "geometry": {
        "type": "Point",
        "coordinates": [
          13.0326456,
          47.5912276
        ]
      },
      "id": "node/1059571696"
    },
    {
      "type": "Feature",
      "properties": {
        "@id": "node/1060100549",
        "ele": "2073",
        "name": "Hochsäul",
        "natural": "peak",
        "ref:avf": "2980",
        "summit:cross": "yes",
        "wikidata": "Q31353952"
      },
      "geometry": {
        "type": "Point",
        "coordinates": [
          13.0275981,
          47.514663
        ]
      },
      "id": "node/1060100549"
    },
    {
      "type": "Feature",
      "properties": {
        "@id": "node/1060100551",
        "ele": "2211",
        "name": "Windschartenkopf",
        "natural": "peak",
        "ref:avf": "2900",
        "summit:cross": "yes",
        "wikidata": "Q93958735"
      },
      "geometry": {
        "type": "Point",
        "coordinates": [
          13.0446421,
          47.5502715
        ]
      },
      "id": "node/1060100551"
    },
    {
      "type": "Feature",
      "properties": {
        "@id": "node/1072579874",
        "ele": "673",
        "name": "Höhenberg",
        "natural": "peak",
        "summit:cross": "yes"
      },
      "geometry": {
        "type": "Point",
        "coordinates": [
          11.2376396,
          48.0217126
        ]
      },
      "id": "node/1072579874"
    },
    {
      "type": "Feature",
      "properties": {
        "@id": "node/1085532056",
        "alt_name": "Lindlähnekopf",
        "alt_name_1": "Lindlahnkopf",
        "ele": "1795",
        "name": "Lindenkopf",
        "name:bar": "Lindlähnkopf",
        "natural": "peak",
        "summit:cross": "yes",
        "summit:register": "yes"
      },
      "geometry": {
        "type": "Point",
        "coordinates": [
          11.2775224,
          47.4260867
        ]
      },
      "id": "node/1085532056"
    },
    {
      "type": "Feature",
      "properties": {
        "@id": "node/1129365627",
        "ele": "1669",
        "name": "Bodenschneid",
        "natural": "peak",
        "summit:cross": "yes",
        "summit:register": "yes",
        "wikidata": "Q889652",
        "wikipedia": "de:Bodenschneid"
      },
      "geometry": {
        "type": "Point",
        "coordinates": [
          11.8381005,
          47.6717531
        ]
      },
      "id": "node/1129365627"
    },
    {
      "type": "Feature",
      "properties": {
        "@id": "node/1141059170",
        "alt_name": "Fuderheuberg",
        "ele": "1321",
        "name": "Fuderheustein",
        "natural": "peak",
        "summit:cross": "yes",
        "summit:register": "yes"
      },
      "geometry": {
        "type": "Point",
        "coordinates": [
          12.8761479,
          47.7537784
        ]
      },
      "id": "node/1141059170"
    },
    {
      "type": "Feature",
      "properties": {
        "@id": "node/1189234948",
        "ele": "1794",
        "name": "Seilhenker Westgipfel",
        "natural": "peak",
        "prominence": "41",
        "summit:cross": "yes",
        "wikidata": "Q131295483"
      },
      "geometry": {
        "type": "Point",
        "coordinates": [
          10.36086,
          47.37076
        ]
      },
      "id": "node/1189234948"
    },
    {
      "type": "Feature",
      "properties": {
        "@id": "node/1254353477",
        "ele": "1158",
        "name": "Demelspitze",
        "natural": "peak",
        "summit:cross": "yes",
        "wikidata": "Q31558539"
      },
      "geometry": {
        "type": "Point",
        "coordinates": [
          11.5445739,
          47.6690451
        ]
      },
      "id": "node/1254353477"
    },
    {
      "type": "Feature",
      "properties": {
        "@id": "node/1255480017",
        "ele": "970",
        "name": "Hintereck",
        "natural": "peak",
        "prominence": "48",
        "summit:cross": "yes",
        "tourism": "viewpoint",
        "wikidata": "Q31540840"
      },
      "geometry": {
        "type": "Point",
        "coordinates": [
          10.0883433,
          47.6125945
        ]
      },
      "id": "node/1255480017"
    },
    {
      "type": "Feature",
      "properties": {
        "@id": "node/1272507425",
        "ele": "1022",
        "name": "Vogelsang",
        "natural": "peak",
        "summit:cross": "yes",
        "summit:register": "yes",
        "wikidata": "Q1300942",
        "wikipedia": "de:Vogelsang (Bayerischer Wald)"
      },
      "geometry": {
        "type": "Point",
        "coordinates": [
          12.9435651,
          48.9343916
        ]
      },
      "id": "node/1272507425"
    },
    {
      "type": "Feature",
      "properties": {
        "@id": "node/1276074774",
        "ele": "1564",
        "ele:source": "Wikipedia",
        "man_made": "cross",
        "name": "Fockenstein",
        "natural": "peak",
        "summit:cross": "yes",
        "summit:register": "yes",
        "wikidata": "Q880217",
        "wikipedia": "de:Fockenstein"
      },
      "geometry": {
        "type": "Point",
        "coordinates": [
          11.6522131,
          47.6843889
        ]
      },
      "id": "node/1276074774"
    },
    {
      "type": "Feature",
      "properties": {
        "@id": "node/1337213883",
        "alt_name": "Pfarrer Leibl Kreuz",
        "ele": "1518",
        "inscription": "Pfr. G. Leibl Kreuz",
        "name": "Mühlhörndl",
        "natural": "peak",
        "summit:cross": "yes",
        "wikidata": "Q31530014"
      },
      "geometry": {
        "type": "Point",
        "coordinates": [
          12.2993926,
          47.7047687
        ]
      },
      "id": "node/1337213883"
    },
    {
      "type": "Feature",
      "properties": {
        "@id": "node/1350032421",
        "ele": "1193",
        "name": "Scheuereckberg",
        "natural": "peak",
        "summit:cross": "yes",
        "wikidata": "Q2233940",
        "wikipedia": "de:Scheuereckberg"
      },
      "geometry": {
        "type": "Point",
        "coordinates": [
          13.3311385,
          49.0673998
        ]
      },
      "id": "node/1350032421"
    },
    {
      "type": "Feature",
      "properties": {
        "@id": "node/1370150731",
        "ele": "1005",
        "historic": "wayside_cross",
        "image": "https://d2exd72xrrp1s7.cloudfront.net/www/000/1k6/1h/1hbj81a18e8qd1cgloguq65tv4473armr3-uhi50478702/0?width=3072&height=2304&crop=false&q=70",
        "name": "Felsen",
        "natural": "peak",
        "summit:cross": "yes"
      },
      "geometry": {
        "type": "Point",
        "coordinates": [
          10.7024459,
          47.6442663
        ]
      },
      "id": "node/1370150731"
    },
    {
      "type": "Feature",
      "properties": {
        "@id": "node/1385168503",
        "ele": "479",
        "name": "Lohwitzenberg (Lobitze)",
        "natural": "peak",
        "summit:cross": "yes"
      },
      "geometry": {
        "type": "Point",
        "coordinates": [
          11.3425462,
          49.9046695
        ]
      },
      "id": "node/1385168503"
    },
    {
      "type": "Feature",
      "properties": {
        "@id": "node/1399515171",
        "ele": "775",
        "name": "Butzen",
        "natural": "peak",
        "summit:cross": "yes",
        "summit:register": "yes"
      },
      "geometry": {
        "type": "Point",
        "coordinates": [
          12.9476403,
          48.906167
        ]
      },
      "id": "node/1399515171"
    },
    {
      "type": "Feature",
      "properties": {
        "@id": "node/1406919071",
        "ele": "1278",
        "name": "Hammerstein",
        "natural": "peak",
        "summit:cross": "yes",
        "wikidata": "Q31559045"
      },
      "geometry": {
        "type": "Point",
        "coordinates": [
          12.2949779,
          47.7599108
        ]
      },
      "id": "node/1406919071"
    },
    {
      "type": "Feature",
      "properties": {
        "@id": "node/1406931812",
        "ele": "1396",
        "name": "Jagerwand",
        "natural": "peak",
        "summit:cross": "yes",
        "summit:register": "yes"
      },
      "geometry": {
        "type": "Point",
        "coordinates": [
          12.2917573,
          47.7541177
        ]
      },
      "id": "node/1406931812"
    },
    {
      "type": "Feature",
      "properties": {
        "@id": "node/1406932400",
        "ele": "1360",
        "name": "Zellerhorn",
        "natural": "peak",
        "source:ele": "gps",
        "summit:cross": "yes",
        "summit:register": "yes"
      },
      "geometry": {
        "type": "Point",
        "coordinates": [
          12.2941252,
          47.7559031
        ]
      },
      "id": "node/1406932400"
    },
    {
      "type": "Feature",
      "properties": {
        "@id": "node/1406932403",
        "ele": "1415",
        "name": "Zellerwand",
        "natural": "peak",
        "summit:cross": "yes",
        "summit:register": "no"
      },
      "geometry": {
        "type": "Point",
        "coordinates": [
          12.2891318,
          47.7532498
        ]
      },
      "id": "node/1406932403"
    },
    {
      "type": "Feature",
      "properties": {
        "@id": "node/1407404123",
        "ele": "818",
        "name": "Bornstein",
        "natural": "peak",
        "summit:cross": "yes"
      },
      "geometry": {
        "type": "Point",
        "coordinates": [
          13.0456657,
          48.9526445
        ]
      },
      "id": "node/1407404123"
    },
    {
      "type": "Feature",
      "properties": {
        "@id": "node/1407484391",
        "ele": "1048",
        "name": "Klausenstein",
        "natural": "peak",
        "note": "Provisorisches Gipfelkreuz",
        "summit:cross": "yes",
        "summit:register": "no",
        "tourism": "viewpoint",
        "wikidata": "Q212723",
        "wikipedia": "de:Klausenstein (Bayern)"
      },
      "geometry": {
        "type": "Point",
        "coordinates": [
          12.8961756,
          48.9503368
        ]
      },
      "id": "node/1407484391"
    },
    {
      "type": "Feature",
      "properties": {
        "@id": "node/1409857323",
        "ele": "1278",
        "man_made": "cross",
        "name": "Sonnwendköpfl",
        "natural": "peak",
        "summit:cross": "yes",
        "summit:register": "yes"
      },
      "geometry": {
        "type": "Point",
        "coordinates": [
          12.4326504,
          47.6945821
        ]
      },
      "id": "node/1409857323"
    },
    {
      "type": "Feature",
      "properties": {
        "@id": "node/1412836122",
        "ele": "1808",
        "inscription": "Geigelstein 1808 mtr",
        "name": "Geigelstein",
        "natural": "peak",
        "prominence": "1148",
        "summit:cross": "yes",
        "summit:register": "yes",
        "wikidata": "Q315546",
        "wikipedia": "de:Geigelstein"
      },
      "geometry": {
        "type": "Point",
        "coordinates": [
          12.3345097,
          47.7075521
        ]
      },
      "id": "node/1412836122"
    },
    {
      "type": "Feature",
      "properties": {
        "@id": "node/1424023833",
        "ele": "1151",
        "name": "Burgkranzegger Horn",
        "natural": "peak",
        "prominence": "121",
        "summit:cross": "yes",
        "wikidata": "Q130733316"
      },
      "geometry": {
        "type": "Point",
        "coordinates": [
          10.4069128,
          47.6300412
        ]
      },
      "id": "node/1424023833"
    },
    {
      "type": "Feature",
      "properties": {
        "@id": "node/1425360278",
        "alt_name": "Alpspitze",
        "direction": "0-360",
        "ele": "1575",
        "mapillary": "822457732005968",
        "name": "Alpspitz",
        "natural": "peak",
        "ref:avf": "980",
        "summit:cross": "yes",
        "summit:register": "yes",
        "tourism": "viewpoint",
        "wikidata": "Q8553197",
        "wikipedia": "de:Alpspitz (Allgäuer Alpen)"
      },
      "geometry": {
        "type": "Point",
        "coordinates": [
          10.49605,
          47.59785
        ]
      },
      "id": "node/1425360278"
    },
    {
      "type": "Feature",
      "properties": {
        "@id": "node/1426054102",
        "ele": "1633",
        "name": "Zwölferspitz",
        "natural": "peak",
        "summit:cross": "yes",
        "wikidata": "Q31354506"
      },
      "geometry": {
        "type": "Point",
        "coordinates": [
          12.5005503,
          47.7520245
        ]
      },
      "id": "node/1426054102"
    },
    {
      "type": "Feature",
      "properties": {
        "@id": "node/1431131387",
        "ele": "1990",
        "name": "Oberes Lichteck",
        "natural": "peak",
        "summit:cross": "yes",
        "wikidata": "Q31529172",
        "wikipedia": "de:Oberes Lichteck"
      },
      "geometry": {
        "type": "Point",
        "coordinates": [
          11.4916485,
          47.514604
        ]
      },
      "id": "node/1431131387"
    },
    {
      "type": "Feature",
      "properties": {
        "@id": "node/1432769334",
        "ele": "1398",
        "name": "Gederer Wand",
        "natural": "peak",
        "summit:cross": "yes",
        "summit:register": "yes"
      },
      "geometry": {
        "type": "Point",
        "coordinates": [
          12.3816461,
          47.7670965
        ]
      },
      "id": "node/1432769334"
    },
    {
      "type": "Feature",
      "properties": {
        "@id": "node/1432769540",
        "ele": "1467",
        "name": "Sulten",
        "natural": "peak",
        "summit:cross": "yes",
        "summit:register": "no",
        "wikidata": "Q31559061"
      },
      "geometry": {
        "type": "Point",
        "coordinates": [
          12.3686166,
          47.7633689
        ]
      },
      "id": "node/1432769540"
    },
    {
      "type": "Feature",
      "properties": {
        "@id": "node/1454992104",
        "ele": "689.4",
        "name": "Hesselberg",
        "natural": "peak",
        "prominence": "217",
        "summit:cross": "yes",
        "wikidata": "Q880238",
        "wikipedia": "de:Hesselberg"
      },
      "geometry": {
        "type": "Point",
        "coordinates": [
          10.5261142,
          49.0686202
        ]
      },
      "id": "node/1454992104"
    },
    {
      "type": "Feature",
      "properties": {
        "@id": "node/1459938884",
        "ele": "1520",
        "name": "Hochlerch",
        "natural": "peak",
        "source:ele": "gps",
        "source_ref": "http://www.flickr.com/photos/kogo59/6123658464/",
        "summit:cross": "yes",
        "summit:register": "yes",
        "wikidata": "Q30724430"
      },
      "geometry": {
        "type": "Point",
        "coordinates": [
          12.4968958,
          47.7525003
        ]
      },
      "id": "node/1459938884"
    },
    {
      "type": "Feature",
      "properties": {
        "@id": "node/1468921785",
        "ele": "1615",
        "inscription": "''s' wuide Freillein'' 1615m aufgestellt im Oktober 2013 vom Ädi",
        "name": "Wilde Fräulein",
        "natural": "peak",
        "summit:cross": "yes",
        "wikidata": "Q126947088",
        "wikipedia": "de:Wilde Fräulein"
      },
      "geometry": {
        "type": "Point",
        "coordinates": [
          11.9035253,
          47.6679845
        ]
      },
      "id": "node/1468921785"
    },
    {
      "type": "Feature",
      "properties": {
        "@id": "node/1470722107",
        "ele": "1546",
        "name": "Daffenstein",
        "natural": "peak",
        "sport": "climbing",
        "summit:cross": "yes",
        "wikidata": "Q31558128"
      },
      "geometry": {
        "type": "Point",
        "coordinates": [
          11.7806027,
          47.6424542
        ]
      },
      "id": "node/1470722107"
    },
    {
      "type": "Feature",
      "properties": {
        "@id": "node/1471175589",
        "ele": "1512",
        "inscription": "Ave Maria S.A. 1987",
        "name": "Sonnwendwand",
        "natural": "peak",
        "source:ele": "summit:register",
        "summit:cross": "yes",
        "summit:register": "yes",
        "wikidata": "Q31558995"
      },
      "geometry": {
        "type": "Point",
        "coordinates": [
          12.3344809,
          47.7462816
        ]
      },
      "id": "node/1471175589"
    },
    {
      "type": "Feature",
      "properties": {
        "@id": "node/1471256251",
        "ele": "1580",
        "inscription": "JHS 1992",
        "name": "Bauernwand",
        "natural": "peak",
        "source:ele": "summit:register",
        "summit:cross": "yes",
        "summit:register": "yes"
      },
      "geometry": {
        "type": "Point",
        "coordinates": [
          12.3479854,
          47.7495571
        ]
      },
      "id": "node/1471256251"
    },
    {
      "type": "Feature",
      "properties": {
        "@id": "node/1471256354",
        "ele": "1598",
        "inscription": "Errichtet von Georg Püschel im Okt. 1998",
        "name": "Scheibenwand",
        "natural": "peak",
        "source:ele": "summit:register",
        "summit:cross": "yes",
        "summit:register": "yes"
      },
      "geometry": {
        "type": "Point",
        "coordinates": [
          12.3483288,
          47.7516068
        ]
      },
      "id": "node/1471256354"
    },
    {
      "type": "Feature",
      "properties": {
        "@id": "node/1472279573",
        "alt_name": "Ankelspitz",
        "ele": "1112",
        "name": "Anklspitz",
        "natural": "peak",
        "summit:cross": "yes",
        "summit:register": "no"
      },
      "geometry": {
        "type": "Point",
        "coordinates": [
          11.8708218,
          47.6952837
        ]
      },
      "id": "node/1472279573"
    },
    {
      "type": "Feature",
      "properties": {
        "@id": "node/1479351579",
        "amenity": "bench",
        "ele": "319",
        "name": "Spitzberg",
        "natural": "peak",
        "summit:cross": "yes",
        "wikidata": "Q31313849"
      },
      "geometry": {
        "type": "Point",
        "coordinates": [
          10.6097686,
          49.9827011
        ]
      },
      "id": "node/1479351579"
    },
    {
      "type": "Feature",
      "properties": {
        "@id": "node/1479475021",
        "ele": "1565",
        "inscription": "Erbauer der Kogelhütte Thedy Metzler +5.2.82 Muki Weger +2.8.54 Sepp Detl +27.2.83",
        "name": "Zinnenberg",
        "natural": "peak",
        "summit:cross": "yes",
        "wikidata": "Q21864167"
      },
      "geometry": {
        "type": "Point",
        "coordinates": [
          12.265369,
          47.7325675
        ]
      },
      "id": "node/1479475021"
    },
    {
      "type": "Feature",
      "properties": {
        "@id": "node/1486951280",
        "ele": "1466",
        "name": "Kleiner Rechenberg",
        "natural": "peak",
        "summit:cross": "yes",
        "summit:register": "yes",
        "wikidata": "Q31340010"
      },
      "geometry": {
        "type": "Point",
        "coordinates": [
          12.5148757,
          47.7268752
        ]
      },
      "id": "node/1486951280"
    },
    {
      "type": "Feature",
      "properties": {
        "@id": "node/1486951525",
        "ele": "1425",
        "name": "Dampfschiff",
        "natural": "peak",
        "source_ref": "https://flic.kr/p/AKm9qM",
        "summit:cross": "yes",
        "summit:register": "yes"
      },
      "geometry": {
        "type": "Point",
        "coordinates": [
          12.5091109,
          47.7267975
        ]
      },
      "id": "node/1486951525"
    },
    {
      "type": "Feature",
      "properties": {
        "@id": "node/1487169532",
        "ele": "1366",
        "name": "Großer Rechenberg",
        "natural": "peak",
        "summit:cross": "yes",
        "wikidata": "Q30659854"
      },
      "geometry": {
        "type": "Point",
        "coordinates": [
          12.500925,
          47.7269721
        ]
      },
      "id": "node/1487169532"
    },
    {
      "type": "Feature",
      "properties": {
        "@id": "node/1501785910",
        "ele": "1450",
        "name": "Grafinger Köpferl",
        "natural": "peak",
        "source": "Bing",
        "summit:cross": "yes"
      },
      "geometry": {
        "type": "Point",
        "coordinates": [
          12.0122042,
          47.7127729
        ]
      },
      "id": "node/1501785910"
    },
    {
      "type": "Feature",
      "properties": {
        "@id": "node/1508756034",
        "ele": "1566",
        "name": "Ristfeuchthorn Kreuzgipfel",
        "natural": "peak",
        "summit:cross": "yes",
        "summit:register": "yes"
      },
      "geometry": {
        "type": "Point",
        "coordinates": [
          12.7833271,
          47.6970414
        ]
      },
      "id": "node/1508756034"
    },
    {
      "type": "Feature",
      "properties": {
        "@id": "node/1512928578",
        "ele": "913",
        "name": "Kleiner Aschenstein",
        "natural": "peak",
        "note": "das hier separat aufgestellte Kreuz ist vom Charakter und Aussehen nach eher ein Wegkreuz, etliche bezeichnen es allerdings als Gipfelkreuz",
        "summit:cross": "yes"
      },
      "geometry": {
        "type": "Point",
        "coordinates": [
          13.258588,
          48.8133171
        ]
      },
      "id": "node/1512928578"
    },
    {
      "type": "Feature",
      "properties": {
        "@id": "node/1566157975",
        "ele": "1625",
        "name": "Hochsalwand",
        "natural": "peak",
        "source:ele": "guidepost",
        "summit:cross": "yes",
        "summit:register": "yes",
        "wikidata": "Q1622038",
        "wikipedia": "de:Hochsalwand"
      },
      "geometry": {
        "type": "Point",
        "coordinates": [
          12.035762,
          47.7168007
        ]
      },
      "id": "node/1566157975"
    },
    {
      "type": "Feature",
      "properties": {
        "@id": "node/1579437934",
        "ele": "1552",
        "name": "Wasserspitz",
        "natural": "peak",
        "summit:cross": "yes",
        "wikidata": "Q31515706",
        "wikipedia": "de:Wasserspitz"
      },
      "geometry": {
        "type": "Point",
        "coordinates": [
          11.8359142,
          47.6803875
        ]
      },
      "id": "node/1579437934"
    },
    {
      "type": "Feature",
      "properties": {
        "@id": "node/1679600826",
        "ele": "1350",
        "name": "Breitensteinfensterl",
        "natural": "peak",
        "summit:cross": "yes",
        "summit:register": "yes"
      },
      "geometry": {
        "type": "Point",
        "coordinates": [
          11.9776495,
          47.7187677
        ]
      },
      "id": "node/1679600826"
    },
    {
      "type": "Feature",
      "properties": {
        "@id": "node/1696601988",
        "ele:unkown": "517",
        "name": "Wachknock",
        "natural": "peak",
        "summit:cross": "yes",
        "summit:register": "no",
        "wikidata": "Q31292395"
      },
      "geometry": {
        "type": "Point",
        "coordinates": [
          11.1610075,
          49.7808243
        ]
      },
      "id": "node/1696601988"
    },
    {
      "type": "Feature",
      "properties": {
        "@id": "node/1699496391",
        "ele": "1594",
        "name": "Schreistein",
        "natural": "peak",
        "source": "survey",
        "sport": "climbing",
        "summit:cross": "yes",
        "wikidata": "Q30134209",
        "wikimedia_commons": "File:Schreistein, Gipfel.jpg",
        "wikipedia": "de:Schreistein"
      },
      "geometry": {
        "type": "Point",
        "coordinates": [
          11.8120433,
          47.6422591
        ]
      },
      "id": "node/1699496391"
    },
    {
      "type": "Feature",
      "properties": {
        "@id": "node/1704155750",
        "ele": "1399",
        "name": "Kitzstein",
        "natural": "peak",
        "summit:cross": "yes",
        "summit:register": "yes"
      },
      "geometry": {
        "type": "Point",
        "coordinates": [
          12.188521,
          47.723057
        ]
      },
      "id": "node/1704155750"
    },
    {
      "type": "Feature",
      "properties": {
        "@id": "node/1704184549",
        "ele": "608.7",
        "name": "Schützinger Berg",
        "natural": "peak",
        "summit:cross": "yes",
        "summit:register": "no"
      },
      "geometry": {
        "type": "Point",
        "coordinates": [
          13.0266154,
          48.827204
        ]
      },
      "id": "node/1704184549"
    },
    {
      "type": "Feature",
      "properties": {
        "@id": "node/1737571711",
        "ele": "1430",
        "name": "Spielberg",
        "natural": "peak",
        "summit:cross": "yes",
        "wikidata": "Q31520136"
      },
      "geometry": {
        "type": "Point",
        "coordinates": [
          12.2676528,
          47.7534353
        ]
      },
      "id": "node/1737571711"
    },
    {
      "type": "Feature",
      "properties": {
        "@id": "node/1740669874",
        "check_date:summit:register": "2025-08-18",
        "ele": "1350",
        "name": "Laubenstein",
        "natural": "peak",
        "summit:cross": "yes",
        "summit:register": "yes",
        "wikidata": "Q31559029"
      },
      "geometry": {
        "type": "Point",
        "coordinates": [
          12.2885294,
          47.7571992
        ]
      },
      "id": "node/1740669874"
    },
    {
      "type": "Feature",
      "properties": {
        "@id": "node/1741371913",
        "alt_name": "Rhonberg",
        "ele": "1257",
        "name": "Rohnberg (Schliersberg)",
        "natural": "peak",
        "summit:cross": "yes",
        "summit:register": "yes",
        "wikidata": "Q15059837",
        "wikipedia": "de:Schliersberg"
      },
      "geometry": {
        "type": "Point",
        "coordinates": [
          11.8883149,
          47.7427943
        ]
      },
      "id": "node/1741371913"
    },
    {
      "type": "Feature",
      "properties": {
        "@id": "node/1770485972",
        "alt_name": "Irlberg Spitz",
        "ele": "1134",
        "name": "Erlbergkopf",
        "natural": "peak",
        "summit:cross": "yes",
        "wikidata": "Q31547954"
      },
      "geometry": {
        "type": "Point",
        "coordinates": [
          12.3764839,
          47.7783013
        ]
      },
      "id": "node/1770485972"
    },
    {
      "type": "Feature",
      "properties": {
        "@id": "node/1772597126",
        "ele": "1452",
        "name": "Hemmerstein",
        "natural": "peak",
        "summit:cross": "yes"
      },
      "geometry": {
        "type": "Point",
        "coordinates": [
          12.3564243,
          47.7462539
        ]
      },
      "id": "node/1772597126"
    },
    {
      "type": "Feature",
      "properties": {
        "@id": "node/1776057910",
        "ele": "1505",
        "name": "Heuraffelkopf",
        "natural": "peak",
        "summit:cross": "yes",
        "summit:register": "yes",
        "wikidata": "Q31559012"
      },
      "geometry": {
        "type": "Point",
        "coordinates": [
          12.2800839,
          47.7481443
        ]
      },
      "id": "node/1776057910"
    },
    {
      "type": "Feature",
      "properties": {
        "@id": "node/1779231021",
        "ele": "1494",
        "name": "Predigtstuhl",
        "natural": "peak",
        "source:ele": "guidepost",
        "summit:cross": "yes",
        "wikidata": "Q31527790"
      },
      "geometry": {
        "type": "Point",
        "coordinates": [
          12.2725502,
          47.7435644
        ]
      },
      "id": "node/1779231021"
    },
    {
      "type": "Feature",
      "properties": {
        "@id": "node/1800860554",
        "ele": "1640.7",
        "massif": "Lattengebirge",
        "name": "Karspitz",
        "natural": "peak",
        "summit:cross": "yes",
        "wikidata": "Q1734422"
      },
      "geometry": {
        "type": "Point",
        "coordinates": [
          12.8792182,
          47.6486385
        ]
      },
      "id": "node/1800860554"
    },
    {
      "type": "Feature",
      "properties": {
        "@id": "node/1800905693",
        "ele": "1920",
        "name": "Seeköpfle",
        "natural": "peak",
        "prominence": "94",
        "ref:avf": "1299",
        "source": "survey",
        "summit:cross": "yes",
        "summit:register": "yes",
        "wikidata": "Q1022377",
        "wikipedia": "de:Seeköpfle"
      },
      "geometry": {
        "type": "Point",
        "coordinates": [
          10.3323434,
          47.4010037
        ]
      },
      "id": "node/1800905693"
    },
    {
      "type": "Feature",
      "properties": {
        "@id": "node/1831217333",
        "ele": "1796",
        "inscription": "Errichtet im Juli 2017 von der DAV-Sektion Bergbund Hausham anlässlich ihres 70-jährigen Bestehens.",
        "name": "Bayerischer Schinder",
        "natural": "peak",
        "summit:cross": "yes",
        "wikidata": "Q112157029"
      },
      "geometry": {
        "type": "Point",
        "coordinates": [
          11.8515893,
          47.6028273
        ]
      },
      "id": "node/1831217333"
    },
    {
      "type": "Feature",
      "properties": {
        "@id": "node/1833449085",
        "ele": "2288",
        "name": "Hoher Gaif",
        "natural": "peak",
        "summit:cross": "yes",
        "wikidata": "Q31539054"
      },
      "geometry": {
        "type": "Point",
        "coordinates": [
          11.0633797,
          47.4223324
        ]
      },
      "id": "node/1833449085"
    },
    {
      "type": "Feature",
      "properties": {
        "@id": "node/1841764370",
        "ele": "1565",
        "name": "Jochberg",
        "natural": "peak",
        "summit:cross": "yes",
        "summit:register": "yes",
        "wikidata": "Q322506",
        "wikipedia": "de:Jochberg (Berg)"
      },
      "geometry": {
        "type": "Point",
        "coordinates": [
          11.3718596,
          47.625939
        ]
      },
      "id": "node/1841764370"
    },
    {
      "type": "Feature",
      "properties": {
        "@id": "node/1843315194",
        "check_date": "2025-05-06",
        "check_date:summit:register": "2025-05-06",
        "ele": "1076",
        "name": "Hausleite",
        "natural": "peak",
        "source:ele": "summit:cross",
        "summit:cross": "yes",
        "summit:register": "no"
      },
      "geometry": {
        "type": "Point",
        "coordinates": [
          12.4261707,
          47.7563485
        ]
      },
      "id": "node/1843315194"
    },
    {
      "type": "Feature",
      "properties": {
        "@id": "node/1854368462",
        "fixme": "resurvey",
        "name": "Hörndlwand (Ostgipfel)",
        "natural": "peak",
        "source": "estimation;photo",
        "summit:cross": "yes",
        "summit:register": "yes"
      },
      "geometry": {
        "type": "Point",
        "coordinates": [
          12.5855996,
          47.7073642
        ]
      },
      "id": "node/1854368462"
    },
    {
      "type": "Feature",
      "properties": {
        "@id": "node/1854368740",
        "ele": "1691",
        "name": "Gurnwandkopf",
        "natural": "peak",
        "summit:cross": "yes",
        "summit:register": "yes",
        "wikidata": "Q31354117"
      },
      "geometry": {
        "type": "Point",
        "coordinates": [
          12.5776823,
          47.7052109
        ]
      },
      "id": "node/1854368740"
    },
    {
      "type": "Feature",
      "properties": {
        "@id": "node/1855826972",
        "ele": "847",
        "man_made": "cross",
        "name": "Jordans Kapf",
        "natural": "peak",
        "prominence": "11",
        "summit:cross": "yes"
      },
      "geometry": {
        "type": "Point",
        "coordinates": [
          10.0901662,
          47.653336
        ]
      },
      "id": "node/1855826972"
    },
    {
      "type": "Feature",
      "properties": {
        "@id": "node/1857507754",
        "description": "Im 30-Jährigen Krieg sollen sich hier die Priester, Ministranten usw versteckt haben. Daher der Name \"geistlicher Stein\" Viele Klettersportler trainieren hier das frei klettern.",
        "ele": "671",
        "name": "Geistlicher Stein",
        "natural": "peak",
        "source": "Stoana",
        "summit:cross": "yes"
      },
      "geometry": {
        "type": "Point",
        "coordinates": [
          13.4559508,
          48.8292768
        ]
      },
      "id": "node/1857507754"
    },
    {
      "type": "Feature",
      "properties": {
        "@id": "node/1863945735",
        "ele": "1468",
        "ele:NN": "1468",
        "ele:source": "GPS",
        "ele:wgs84": "1516",
        "man_made": "cross",
        "natural": "peak",
        "summit:cross": "yes"
      },
      "geometry": {
        "type": "Point",
        "coordinates": [
          11.4590376,
          47.6572994
        ]
      },
      "id": "node/1863945735"
    },
    {
      "type": "Feature",
      "properties": {
        "@id": "node/1964114027",
        "ele": "1756",
        "name": "Zenokopf",
        "natural": "peak",
        "summit:cross": "yes",
        "summit:register": "yes"
      },
      "geometry": {
        "type": "Point",
        "coordinates": [
          12.8185354,
          47.7536403
        ]
      },
      "id": "node/1964114027"
    },
    {
      "type": "Feature",
      "properties": {
        "@id": "node/1964114028",
        "ele": "1657",
        "inscription": "Den gestorbenen und gefallenen Mitgliedern // DAV Sektion Teisendorf",
        "name": "Mittelstaufen",
        "natural": "peak",
        "summit:cross": "yes",
        "summit:cross:material": "wood",
        "summit:register": "yes",
        "wikidata": "Q31530667"
      },
      "geometry": {
        "type": "Point",
        "coordinates": [
          12.8382857,
          47.7534737
        ]
      },
      "id": "node/1964114028"
    },
    {
      "type": "Feature",
      "properties": {
        "@id": "node/1976803003",
        "ele": "1703",
        "name": "Tanzeck",
        "natural": "peak",
        "summit:cross": "yes"
      },
      "geometry": {
        "type": "Point",
        "coordinates": [
          11.9205621,
          47.6718782
        ]
      },
      "id": "node/1976803003"
    },
    {
      "type": "Feature",
      "properties": {
        "@id": "node/1978075738",
        "ele": "1411",
        "name": "Laberköpfl",
        "natural": "peak",
        "summit:cross": "yes",
        "summit:register": "yes"
      },
      "geometry": {
        "type": "Point",
        "coordinates": [
          11.1020561,
          47.5931161
        ]
      },
      "id": "node/1978075738"
    },
    {
      "type": "Feature",
      "properties": {
        "@id": "node/2069160104",
        "ele": "503",
        "name": "Eiselberg",
        "natural": "peak",
        "summit:cross": "yes",
        "wikidata": "Q30779821"
      },
      "geometry": {
        "type": "Point",
        "coordinates": [
          10.6396659,
          49.0531401
        ]
      },
      "id": "node/2069160104"
    },
    {
      "type": "Feature",
      "properties": {
        "@id": "node/2076476475",
        "ele": "2010",
        "name": "Gumpenkarspitze",
        "natural": "peak",
        "source_ref": "http://www.flickr.com/photos/kogo59/8290882081/",
        "summit:cross": "yes",
        "wikidata": "Q15111956"
      },
      "geometry": {
        "type": "Point",
        "coordinates": [
          11.3610059,
          47.4920061
        ]
      },
      "id": "node/2076476475"
    },
    {
      "type": "Feature",
      "properties": {
        "@id": "node/2081253533",
        "ele": "968",
        "name": "Kienstein",
        "natural": "peak",
        "summit:cross": "yes",
        "summit:register": "no"
      },
      "geometry": {
        "type": "Point",
        "coordinates": [
          11.3727532,
          47.6443372
        ]
      },
      "id": "node/2081253533"
    },
    {
      "type": "Feature",
      "properties": {
        "@id": "node/2153509227",
        "natural": "peak",
        "summit:cross": "yes"
      },
      "geometry": {
        "type": "Point",
        "coordinates": [
          12.7295176,
          49.0397986
        ]
      },
      "id": "node/2153509227"
    },
    {
      "type": "Feature",
      "properties": {
        "@id": "node/2166805597",
        "ele": "312",
        "name": "Luisenhöhe",
        "natural": "peak",
        "summit:cross": "yes"
      },
      "geometry": {
        "type": "Point",
        "coordinates": [
          10.1497306,
          49.9330987
        ]
      },
      "id": "node/2166805597"
    },
    {
      "type": "Feature",
      "properties": {
        "@id": "node/2213748620",
        "ele": "1065",
        "man_made": "cross",
        "material": "wood",
        "name": "Pfliegeleck",
        "natural": "peak",
        "summit:cross": "yes",
        "summit:register": "no"
      },
      "geometry": {
        "type": "Point",
        "coordinates": [
          11.7706673,
          47.7070306
        ]
      },
      "id": "node/2213748620"
    },
    {
      "type": "Feature",
      "properties": {
        "@id": "node/2272725401",
        "ele": "1881",
        "name": "Kehlstein",
        "name:zh": "鹰巢",
        "natural": "peak",
        "summit:cross": "yes",
        "wikidata": "Q2511014",
        "wikipedia": "de:Kehlstein"
      },
      "geometry": {
        "type": "Point",
        "coordinates": [
          13.0459547,
          47.609693
        ]
      },
      "id": "node/2272725401"
    },
    {
      "type": "Feature",
      "properties": {
        "@id": "node/2381559896",
        "ele": "448",
        "name": "Hörlberg",
        "natural": "peak",
        "summit:cross": "yes",
        "summit:register": "yes",
        "wikidata": "Q30670795"
      },
      "geometry": {
        "type": "Point",
        "coordinates": [
          10.9749966,
          49.1847225
        ]
      },
      "id": "node/2381559896"
    },
    {
      "type": "Feature",
      "properties": {
        "@id": "node/2388719375",
        "ele": "742",
        "name": "Haidstein",
        "natural": "peak",
        "summit:cross": "yes",
        "wikidata": "Q31542692"
      },
      "geometry": {
        "type": "Point",
        "coordinates": [
          12.8065002,
          49.2160822
        ]
      },
      "id": "node/2388719375"
    },
    {
      "type": "Feature",
      "properties": {
        "@id": "node/2406897291",
        "alt_name": "Köpfle",
        "ele": "1021",
        "name": "Jugetköpfle",
        "natural": "peak",
        "prominence": "45",
        "summit:cross": "yes",
        "wikidata": "Q124356299"
      },
      "geometry": {
        "type": "Point",
        "coordinates": [
          10.159,
          47.58648
        ]
      },
      "id": "node/2406897291"
    },
    {
      "type": "Feature",
      "properties": {
        "@id": "node/2419126850",
        "ele": "2110",
        "name": "Krapfenkarspitze",
        "natural": "peak",
        "source_ref": "http://www.flickr.com/photos/kogo59/5413924577/",
        "summit:cross": "yes",
        "summit:register": "yes",
        "wikidata": "Q15057166"
      },
      "geometry": {
        "type": "Point",
        "coordinates": [
          11.3690903,
          47.4935477
        ]
      },
      "id": "node/2419126850"
    },
    {
      "type": "Feature",
      "properties": {
        "@id": "node/2425615806",
        "alt_name": "Röthlwandkopf",
        "ele": "1379",
        "name": "Rötlwandkopf",
        "natural": "peak",
        "summit:cross": "yes",
        "summit:register": "yes",
        "wikidata": "Q31345519"
      },
      "geometry": {
        "type": "Point",
        "coordinates": [
          12.5458676,
          47.7609246
        ]
      },
      "id": "node/2425615806"
    },
    {
      "type": "Feature",
      "properties": {
        "@id": "node/2430346251",
        "ele": "1344",
        "natural": "peak",
        "summit:cross": "yes"
      },
      "geometry": {
        "type": "Point",
        "coordinates": [
          10.5137648,
          47.6013176
        ]
      },
      "id": "node/2430346251"
    },
    {
      "type": "Feature",
      "properties": {
        "@id": "node/2431151640",
        "ele": "1668",
        "man_made": "cross",
        "name": "Beslergrat",
        "natural": "peak",
        "prominence": "34",
        "ref:avf": "632",
        "summit:cross": "yes",
        "summit:register": "no",
        "wikidata": "Q130488853"
      },
      "geometry": {
        "type": "Point",
        "coordinates": [
          10.1829294,
          47.4259402
        ]
      },
      "id": "node/2431151640"
    },
    {
      "type": "Feature",
      "properties": {
        "@id": "node/2452343798",
        "ele": "1042",
        "name": "Kleiner Riedelstein",
        "natural": "peak",
        "summit:cross": "yes",
        "summit:register": "yes"
      },
      "geometry": {
        "type": "Point",
        "coordinates": [
          12.974748,
          49.1613125
        ]
      },
      "id": "node/2452343798"
    },
    {
      "type": "Feature",
      "properties": {
        "@id": "node/2473199330",
        "ele": "1942",
        "name": "Rubihorn Nebengipfel",
        "natural": "peak",
        "prominence": "7",
        "summit:cross": "yes",
        "summit:register": "yes"
      },
      "geometry": {
        "type": "Point",
        "coordinates": [
          10.3144356,
          47.4247206
        ]
      },
      "id": "node/2473199330"
    },
    {
      "type": "Feature",
      "properties": {
        "@id": "node/2489067962",
        "ele": "2283",
        "name": "Kleines Teufelshorn",
        "natural": "peak",
        "ref:avf": "3040",
        "summit:cross": "yes",
        "wikidata": "Q21873203"
      },
      "geometry": {
        "type": "Point",
        "coordinates": [
          13.0315637,
          47.4868317
        ]
      },
      "id": "node/2489067962"
    },
    {
      "type": "Feature",
      "properties": {
        "@id": "node/2490047553",
        "ele": "972",
        "name": "Engelstein",
        "natural": "peak",
        "sport": "climbing",
        "summit:cross": "yes",
        "summit:register": "yes",
        "website": "http://www.chiemgau-wandern.de/bergen/zum-engelstein/"
      },
      "geometry": {
        "type": "Point",
        "coordinates": [
          12.5508081,
          47.7866732
        ]
      },
      "id": "node/2490047553"
    },
    {
      "type": "Feature",
      "properties": {
        "@id": "node/2493960939",
        "ele": "1437",
        "name": "Nesselauer Schneid",
        "natural": "peak",
        "source": "bing / survey",
        "source:ele": "gps_average",
        "source_ref": "http://www.flickr.com/photos/kogo59/10227130485/",
        "summit:cross": "yes"
      },
      "geometry": {
        "type": "Point",
        "coordinates": [
          12.571246,
          47.7465771
        ]
      },
      "id": "node/2493960939"
    },
    {
      "type": "Feature",
      "properties": {
        "@id": "node/2498250593",
        "ele": "2578.4",
        "name": "Funtenseetauern",
        "natural": "peak",
        "ref:avf": "3350",
        "summit:cross": "yes",
        "wikidata": "Q316715",
        "wikipedia": "de:Funtenseetauern"
      },
      "geometry": {
        "type": "Point",
        "coordinates": [
          12.9767787,
          47.4850145
        ]
      },
      "id": "node/2498250593"
    },
    {
      "type": "Feature",
      "properties": {
        "@id": "node/2498250705",
        "ele": "2362",
        "name": "Großes Teufelshorn",
        "natural": "peak",
        "ref:avf": "3030",
        "summit:cross": "yes",
        "wikidata": "Q320734"
      },
      "geometry": {
        "type": "Point",
        "coordinates": [
          13.0362619,
          47.4891572
        ]
      },
      "id": "node/2498250705"
    },
    {
      "type": "Feature",
      "properties": {
        "@id": "node/2510815534",
        "ele": "1487",
        "name": "Latschenkopf",
        "natural": "peak",
        "summit:cross": "yes",
        "summit:register": "yes",
        "wikidata": "Q1470235"
      },
      "geometry": {
        "type": "Point",
        "coordinates": [
          11.4639849,
          47.6310273
        ]
      },
      "id": "node/2510815534"
    },
    {
      "type": "Feature",
      "properties": {
        "@id": "node/2533220255",
        "name": "Kreuzfelsen",
        "natural": "peak",
        "summit:cross": "yes"
      },
      "geometry": {
        "type": "Point",
        "coordinates": [
          11.7927065,
          48.9339953
        ]
      },
      "id": "node/2533220255"
    },
    {
      "type": "Feature",
      "properties": {
        "@id": "node/2621341672",
        "ele": "1217",
        "name": "Roßsteinwand",
        "natural": "peak",
        "summit:cross": "yes",
        "wikidata": "Q111660094",
        "wikipedia": "de:Roßsteinwand"
      },
      "geometry": {
        "type": "Point",
        "coordinates": [
          11.7665988,
          47.6555628
        ]
      },
      "id": "node/2621341672"
    },
    {
      "type": "Feature",
      "properties": {
        "@id": "node/2704446436",
        "ele": "1587",
        "man_made": "summit_cross",
        "name": "Hasenpoint",
        "natural": "peak",
        "note": "position estimated",
        "source": "photo",
        "summit:cross": "yes",
        "summit:register": "yes",
        "wikidata": "Q31354471"
      },
      "geometry": {
        "type": "Point",
        "coordinates": [
          12.5131464,
          47.7447764
        ]
      },
      "id": "node/2704446436"
    },
    {
      "type": "Feature",
      "properties": {
        "@id": "node/2741185833",
        "natural": "peak",
        "summit:cross": "yes"
      },
      "geometry": {
        "type": "Point",
        "coordinates": [
          11.8482426,
          49.1998013
        ]
      },
      "id": "node/2741185833"
    },
    {
      "type": "Feature",
      "properties": {
        "@id": "node/2804321236",
        "alt_name": "Rossfeld",
        "ele": "1537",
        "man_made": "cross",
        "material": "wood",
        "name": "Roßfeld",
        "natural": "peak",
        "summit:cross": "yes",
        "wikidata": "Q1738892"
      },
      "geometry": {
        "type": "Point",
        "coordinates": [
          13.0955784,
          47.6279679
        ]
      },
      "id": "node/2804321236"
    },
    {
      "type": "Feature",
      "properties": {
        "@id": "node/2806937086",
        "ele": "580",
        "man_made": "cross",
        "name": "Galgenberg",
        "natural": "peak",
        "summit:cross": "yes"
      },
      "geometry": {
        "type": "Point",
        "coordinates": [
          11.9529037,
          49.8606724
        ]
      },
      "id": "node/2806937086"
    },
    {
      "type": "Feature",
      "properties": {
        "@id": "node/2833611504",
        "check_date": "2025-03-02",
        "ele": "1250",
        "name": "Schnappenberg",
        "natural": "peak",
        "note": "Originally indicated altitude of 1.260m did not match the digital altitude data on the official map and the barometric altitude recorded on site. Corrected to roughly 1.250m.",
        "summit:cross": "yes",
        "wikidata": "Q1671120",
        "wikipedia": "de:Schnappenberg"
      },
      "geometry": {
        "type": "Point",
        "coordinates": [
          12.4866789,
          47.7629492
        ]
      },
      "id": "node/2833611504"
    },
    {
      "type": "Feature",
      "properties": {
        "@id": "node/2874031001",
        "ele": "1283",
        "name": "Bairerkopf",
        "natural": "peak",
        "summit:cross": "yes",
        "summit:register": "yes",
        "wikidata": "Q31354310"
      },
      "geometry": {
        "type": "Point",
        "coordinates": [
          12.5273079,
          47.7730979
        ]
      },
      "id": "node/2874031001"
    },
    {
      "type": "Feature",
      "properties": {
        "@id": "node/2874060727",
        "check_date:summit:register": "2025-11-16",
        "ele": "1416",
        "name": "Schlösselschneid",
        "natural": "peak",
        "summit:cross": "yes",
        "summit:register": "yes",
        "wikidata": "Q102764364"
      },
      "geometry": {
        "type": "Point",
        "coordinates": [
          12.6013961,
          47.7047797
        ]
      },
      "id": "node/2874060727"
    },
    {
      "type": "Feature",
      "properties": {
        "@id": "node/2874061445",
        "name": "Zwillingswand",
        "natural": "peak",
        "summit:cross": "yes"
      },
      "geometry": {
        "type": "Point",
        "coordinates": [
          12.40989,
          47.7474231
        ]
      },
      "id": "node/2874061445"
    },
    {
      "type": "Feature",
      "properties": {
        "@id": "node/2876163900",
        "alt_name": "Labsattel",
        "ele": "1878",
        "name": "Hanauerlaubköpfl",
        "natural": "peak",
        "summit:cross": "yes"
      },
      "geometry": {
        "type": "Point",
        "coordinates": [
          13.0240531,
          47.5089185
        ]
      },
      "id": "node/2876163900"
    },
    {
      "type": "Feature",
      "properties": {
        "@id": "node/2876784910",
        "ele": "1521",
        "name": "Sulzgrabenkopf",
        "natural": "peak",
        "summit:cross": "yes",
        "summit:register": "yes",
        "wikidata": "Q31301859"
      },
      "geometry": {
        "type": "Point",
        "coordinates": [
          12.5913188,
          47.7172306
        ]
      },
      "id": "node/2876784910"
    },
    {
      "type": "Feature",
      "properties": {
        "@id": "node/2878239768",
        "ele": "1474",
        "name": "Hochscharten",
        "natural": "peak",
        "summit:cross": "yes",
        "wikidata": "Q101245838"
      },
      "geometry": {
        "type": "Point",
        "coordinates": [
          12.5391215,
          47.7023768
        ]
      },
      "id": "node/2878239768"
    },
    {
      "type": "Feature",
      "properties": {
        "@id": "node/2880084780",
        "ele": "1338",
        "name": "Mittlerer Adlerkopf",
        "natural": "peak",
        "summit:cross": "yes",
        "summit:register": "yes"
      },
      "geometry": {
        "type": "Point",
        "coordinates": [
          12.6677871,
          47.6960642
        ]
      },
      "id": "node/2880084780"
    },
    {
      "type": "Feature",
      "properties": {
        "@id": "node/2895269085",
        "ele": "1756",
        "name": "Aibleck",
        "natural": "peak",
        "source_ref": "https://flic.kr/p/qi2A6D",
        "summit:cross": "yes",
        "wikidata": "Q31558686"
      },
      "geometry": {
        "type": "Point",
        "coordinates": [
          12.7080575,
          47.6895334
        ]
      },
      "id": "node/2895269085"
    },
    {
      "type": "Feature",
      "properties": {
        "@id": "node/2896177129",
        "ele": "1908",
        "name": "Bayerkarspitze",
        "natural": "peak",
        "source_ref": "http://www.flickr.com/photos/kogo59/8290696525/",
        "summit:cross": "yes"
      },
      "geometry": {
        "type": "Point",
        "coordinates": [
          11.3861963,
          47.5024603
        ]
      },
      "id": "node/2896177129"
    },
    {
      "type": "Feature",
      "properties": {
        "@id": "node/2907604853",
        "name": "Kreuzfelsen",
        "natural": "peak",
        "summit:cross": "yes"
      },
      "geometry": {
        "type": "Point",
        "coordinates": [
          11.8783712,
          50.0721403
        ]
      },
      "id": "node/2907604853"
    },
    {
      "type": "Feature",
      "properties": {
        "@id": "node/2911951692",
        "ele": "1769",
        "name": "Hirschangerkopf",
        "natural": "peak",
        "summit:cross": "yes",
        "summit:register": "yes",
        "wikidata": "Q21871733"
      },
      "geometry": {
        "type": "Point",
        "coordinates": [
          12.9555054,
          47.707793
        ]
      },
      "id": "node/2911951692"
    },
    {
      "type": "Feature",
      "properties": {
        "@id": "node/2932373412",
        "ele": "1499",
        "name": "Hochbrunstkopf",
        "natural": "peak",
        "summit:cross": "yes"
      },
      "geometry": {
        "type": "Point",
        "coordinates": [
          12.6313799,
          47.6856313
        ]
      },
      "id": "node/2932373412"
    },
    {
      "type": "Feature",
      "properties": {
        "@id": "node/2983909328",
        "ele": "1593",
        "name": "Heißenplatte",
        "natural": "peak",
        "summit:cross": "yes",
        "summit:register": "yes",
        "wikidata": "Q31541594"
      },
      "geometry": {
        "type": "Point",
        "coordinates": [
          11.9307431,
          47.6832002
        ]
      },
      "id": "node/2983909328"
    },
    {
      "type": "Feature",
      "properties": {
        "@id": "node/2996241293",
        "ele": "1257",
        "name": "Großer Hahnenbogen",
        "natural": "peak",
        "summit:cross": "yes",
        "wikidata": "Q1568879"
      },
      "geometry": {
        "type": "Point",
        "coordinates": [
          13.3631037,
          49.0452334
        ]
      },
      "id": "node/2996241293"
    },
    {
      "type": "Feature",
      "properties": {
        "@id": "node/3008227733",
        "alt_name": "Am Buch",
        "ele": "1055",
        "historic": "wayside_cross",
        "image": "https://d2exd72xrrp1s7.cloudfront.net/www/000/1k1/1j/1j6vz88zzf7r9ycsgpuz0g12z29fo5kvv-uhi1341616/0?width=3072&height=2304&crop=false&q=70",
        "man_made": "cross",
        "name": "Buch / Zwieselberg",
        "natural": "peak",
        "note": "Auf Wanderschilder steht meist Buch / Zwieselberg",
        "summit:cross": "yes",
        "tourism": "viewpoint"
      },
      "geometry": {
        "type": "Point",
        "coordinates": [
          10.6930316,
          47.6435033
        ]
      },
      "id": "node/3008227733"
    },
    {
      "type": "Feature",
      "properties": {
        "@id": "node/3009214864",
        "height": "857",
        "man_made": "cross",
        "name": "Ribenzingriegel",
        "natural": "peak",
        "summit:cross": "yes"
      },
      "geometry": {
        "type": "Point",
        "coordinates": [
          12.9308205,
          49.2284712
        ]
      },
      "id": "node/3009214864"
    },
    {
      "type": "Feature",
      "properties": {
        "@id": "node/3013916975",
        "ele": "1290",
        "name": "Hochwurz",
        "natural": "peak",
        "summit:cross": "yes",
        "summit:register": "no"
      },
      "geometry": {
        "type": "Point",
        "coordinates": [
          12.5225578,
          47.7695976
        ]
      },
      "id": "node/3013916975"
    },
    {
      "type": "Feature",
      "properties": {
        "@id": "node/3068662784",
        "bench": "yes",
        "ele": "1719",
        "name": "Ziegelspitz",
        "natural": "peak",
        "summit:cross": "yes",
        "summit:cross:material": "metal",
        "wikidata": "Q31556628"
      },
      "geometry": {
        "type": "Point",
        "coordinates": [
          11.071442,
          47.5558435
        ]
      },
      "id": "node/3068662784"
    },
    {
      "type": "Feature",
      "properties": {
        "@id": "node/3071580434",
        "name": "Hirlplatte",
        "natural": "peak",
        "summit:cross": "yes"
      },
      "geometry": {
        "type": "Point",
        "coordinates": [
          11.9375698,
          49.3447465
        ]
      },
      "id": "node/3071580434"
    },
    {
      "type": "Feature",
      "properties": {
        "@id": "node/3083028700",
        "alt_name": "Straußberg",
        "ele": "1556",
        "name": "Strausberg",
        "natural": "peak",
        "prominence": "11",
        "summit:cross": "yes",
        "wikidata": "Q124666068"
      },
      "geometry": {
        "type": "Point",
        "coordinates": [
          10.358,
          47.47971
        ]
      },
      "id": "node/3083028700"
    },
    {
      "type": "Feature",
      "properties": {
        "@id": "node/3092935257",
        "ele": "1782",
        "name": "Zwiesel",
        "natural": "peak",
        "note": "Lage lt Gipfelkreuz, welches mit \"Zwiesel 1782 m\" beschriftet ist (ursprünglich 1981 errichtet, erneuert 2021). Die Lage lt TK25 rd 230 m westlich steht dazu offenkundig im Widerspruch.",
        "prominence": "1060",
        "source:ele": "inscription on summit cross",
        "summit:cross": "yes",
        "summit:register": "yes",
        "wikidata": "Q244657"
      },
      "geometry": {
        "type": "Point",
        "coordinates": [
          12.8172991,
          47.7552187
        ]
      },
      "id": "node/3092935257"
    },
    {
      "type": "Feature",
      "properties": {
        "@id": "node/3101680939",
        "ele": "1071",
        "name": "Kleines Kienbergl (Kreuzspitz)",
        "natural": "peak",
        "summit:cross": "yes",
        "summit:register": "yes"
      },
      "geometry": {
        "type": "Point",
        "coordinates": [
          12.7378819,
          47.7472806
        ]
      },
      "id": "node/3101680939"
    },
    {
      "type": "Feature",
      "properties": {
        "@id": "node/3105285406",
        "ele": "1488",
        "name": "Eisenberg",
        "natural": "peak",
        "summit:cross": "yes",
        "wikidata": "Q30778520"
      },
      "geometry": {
        "type": "Point",
        "coordinates": [
          12.6213062,
          47.7288151
        ]
      },
      "id": "node/3105285406"
    },
    {
      "type": "Feature",
      "properties": {
        "@id": "node/3141368197",
        "ele": "1147",
        "name": "Breitenberg",
        "natural": "peak",
        "summit:cross": "yes",
        "wikidata": "Q31551390"
      },
      "geometry": {
        "type": "Point",
        "coordinates": [
          12.0646098,
          47.7256291
        ]
      },
      "id": "node/3141368197"
    },
    {
      "type": "Feature",
      "properties": {
        "@id": "node/3186071317",
        "ele": "2522",
        "man_made": "cross",
        "name": "Hoher Göll",
        "natural": "peak",
        "prominence": "789",
        "ref:avf": "2690",
        "summit:cross": "yes",
        "wikidata": "Q549503",
        "wikimedia_commons": "File:Hoher Göll - Gipfelkreuz.jpg",
        "wikipedia": "de:Hoher Göll"
      },
      "geometry": {
        "type": "Point",
        "coordinates": [
          13.0671406,
          47.5939262
        ]
      },
      "id": "node/3186071317"
    },
    {
      "type": "Feature",
      "properties": {
        "@id": "node/3191281746",
        "ele": "1290",
        "name": "Desselkopf",
        "natural": "peak",
        "summit:cross": "yes",
        "wikidata": "Q115787218",
        "wikipedia": "de:Desselkopf"
      },
      "geometry": {
        "type": "Point",
        "coordinates": [
          11.3579688,
          47.6183935
        ]
      },
      "id": "node/3191281746"
    },
    {
      "type": "Feature",
      "properties": {
        "@id": "node/3194358028",
        "ele": "1145",
        "loc_name": "Geiernest",
        "name": "Schwarzbachriegel",
        "natural": "peak",
        "summit:cross": "yes"
      },
      "geometry": {
        "type": "Point",
        "coordinates": [
          13.2876243,
          49.0787465
        ]
      },
      "id": "node/3194358028"
    },
    {
      "type": "Feature",
      "properties": {
        "@id": "node/3230301401",
        "ele": "1322",
        "name": "Richtstrichkopf",
        "natural": "peak",
        "summit:cross": "yes"
      },
      "geometry": {
        "type": "Point",
        "coordinates": [
          12.6296324,
          47.695447
        ]
      },
      "id": "node/3230301401"
    },
    {
      "type": "Feature",
      "properties": {
        "@id": "node/3230301403",
        "ele": "1173",
        "name": "Seekopf",
        "natural": "peak",
        "summit:cross": "yes",
        "wikidata": "Q31521114"
      },
      "geometry": {
        "type": "Point",
        "coordinates": [
          12.6223813,
          47.7050299
        ]
      },
      "id": "node/3230301403"
    },
    {
      "type": "Feature",
      "properties": {
        "@id": "node/3233350789",
        "ele": "1106",
        "name": "Gscheuerwand",
        "natural": "peak",
        "summit:cross": "yes",
        "summit:register": "no"
      },
      "geometry": {
        "type": "Point",
        "coordinates": [
          12.4340511,
          47.7204615
        ]
      },
      "id": "node/3233350789"
    },
    {
      "type": "Feature",
      "properties": {
        "@id": "node/3253363153",
        "ele": "1425",
        "name": "Rosengarten",
        "natural": "peak",
        "summit:cross": "yes",
        "summit:register": "no",
        "wikidata": "Q31525331"
      },
      "geometry": {
        "type": "Point",
        "coordinates": [
          11.0038927,
          47.6018138
        ]
      },
      "id": "node/3253363153"
    },
    {
      "type": "Feature",
      "properties": {
        "@id": "node/3253369961",
        "ele": "1372",
        "name": "Schartenköpfl",
        "natural": "peak",
        "source_ref": "https://flic.kr/p/qnVPd3",
        "summit:cross": "yes",
        "summit:register": "yes"
      },
      "geometry": {
        "type": "Point",
        "coordinates": [
          11.0056656,
          47.6068666
        ]
      },
      "id": "node/3253369961"
    },
    {
      "type": "Feature",
      "properties": {
        "@id": "node/3382512685",
        "ele": "498",
        "name": "Gügel",
        "natural": "peak",
        "summit:cross": "yes"
      },
      "geometry": {
        "type": "Point",
        "coordinates": [
          12.2116621,
          49.730273
        ]
      },
      "id": "node/3382512685"
    },
    {
      "type": "Feature",
      "properties": {
        "@id": "node/3485810457",
        "ele": "1356",
        "name": "Scharnkopf",
        "natural": "peak",
        "summit:cross": "yes",
        "wikidata": "Q31523561"
      },
      "geometry": {
        "type": "Point",
        "coordinates": [
          12.7706877,
          47.7388807
        ]
      },
      "id": "node/3485810457"
    },
    {
      "type": "Feature",
      "properties": {
        "@id": "node/3544588110",
        "ele": "1142",
        "hiking": "yes",
        "information": "guidepost",
        "name": "Buchenberg",
        "natural": "peak",
        "operator": "Gemeinde Halblech",
        "ref": "777173-142",
        "summit:cross": "yes",
        "summit:register": "yes",
        "wikidata": "Q998255",
        "wikipedia": "de:Buchenberg (Ammergauer Alpen)"
      },
      "geometry": {
        "type": "Point",
        "coordinates": [
          10.8114706,
          47.6064182
        ]
      },
      "id": "node/3544588110"
    },
    {
      "type": "Feature",
      "properties": {
        "@id": "node/3580272393",
        "ele": "1674",
        "name": "Hochfelln",
        "natural": "peak",
        "summit:cross": "yes",
        "summit:register": "yes",
        "wikidata": "Q1621782",
        "wikipedia": "de:Hochfelln"
      },
      "geometry": {
        "type": "Point",
        "coordinates": [
          12.5592205,
          47.7623481
        ]
      },
      "id": "node/3580272393"
    },
    {
      "type": "Feature",
      "properties": {
        "@id": "node/3586554893",
        "ele": "1526",
        "man_made": "cross",
        "name": "Wolfskopf",
        "natural": "peak",
        "summit:cross": "yes",
        "wikidata": "Q1493678"
      },
      "geometry": {
        "type": "Point",
        "coordinates": [
          10.8680033,
          47.6312722
        ]
      },
      "id": "node/3586554893"
    },
    {
      "type": "Feature",
      "properties": {
        "@id": "node/3595142245",
        "ele": "516",
        "name": "Rote Marter",
        "natural": "peak",
        "summit:cross": "yes"
      },
      "geometry": {
        "type": "Point",
        "coordinates": [
          12.7108444,
          49.2025805
        ]
      },
      "id": "node/3595142245"
    },
    {
      "type": "Feature",
      "properties": {
        "@id": "node/3608887019",
        "ele": "1539",
        "man_made": "cross",
        "name": "Reuterwanne",
        "natural": "peak",
        "ref:avf": "976",
        "summit:cross": "yes",
        "summit:register": "yes",
        "wikidata": "Q20884085",
        "wikipedia": "de:Reuterwanne"
      },
      "geometry": {
        "type": "Point",
        "coordinates": [
          10.4602335,
          47.5904142
        ]
      },
      "id": "node/3608887019"
    },
    {
      "type": "Feature",
      "properties": {
        "@id": "node/3633598457",
        "ele": "1350",
        "name": "Koteck",
        "natural": "peak",
        "summit:cross": "yes",
        "summit:register": "yes"
      },
      "geometry": {
        "type": "Point",
        "coordinates": [
          11.5381086,
          47.6669824
        ]
      },
      "id": "node/3633598457"
    },
    {
      "type": "Feature",
      "properties": {
        "@id": "node/3634965711",
        "ele": "2626",
        "name": "Partenkirchner Dreitorspitze, Nordostgipfel",
        "natural": "peak",
        "summit:cross": "yes"
      },
      "geometry": {
        "type": "Point",
        "coordinates": [
          11.1256736,
          47.4091248
        ]
      },
      "id": "node/3634965711"
    },
    {
      "type": "Feature",
      "properties": {
        "@id": "node/3662166614",
        "ele": "1615",
        "else": "1580",
        "name": "Am Zahn",
        "natural": "peak",
        "summit:cross": "yes",
        "wikidata": "Q31557182"
      },
      "geometry": {
        "type": "Point",
        "coordinates": [
          11.0267772,
          47.5840874
        ]
      },
      "id": "node/3662166614"
    },
    {
      "type": "Feature",
      "properties": {
        "@id": "node/3673432656",
        "ele": "757",
        "name": "Auf der Schanz",
        "natural": "peak",
        "summit:cross": "yes"
      },
      "geometry": {
        "type": "Point",
        "coordinates": [
          13.049184,
          49.2534585
        ]
      },
      "id": "node/3673432656"
    },
    {
      "type": "Feature",
      "properties": {
        "@id": "node/3676274841",
        "ele": "1312",
        "name": "Vorderer Adlerkopf",
        "natural": "peak",
        "summit:cross": "yes",
        "summit:register": "yes"
      },
      "geometry": {
        "type": "Point",
        "coordinates": [
          12.6670165,
          47.6969394
        ]
      },
      "id": "node/3676274841"
    },
    {
      "type": "Feature",
      "properties": {
        "@id": "node/3676910411",
        "natural": "peak",
        "summit:cross": "yes"
      },
      "geometry": {
        "type": "Point",
        "coordinates": [
          12.7902558,
          49.1691353
        ]
      },
      "id": "node/3676910411"
    },
    {
      "type": "Feature",
      "properties": {
        "@id": "node/3678888819",
        "ele": "830",
        "man_made": "cross",
        "name": "Burgstein",
        "natural": "peak",
        "summit:cross": "yes",
        "tourism": "viewpoint",
        "wikidata": "Q30810343"
      },
      "geometry": {
        "type": "Point",
        "coordinates": [
          12.9053977,
          48.9337549
        ]
      },
      "id": "node/3678888819"
    },
    {
      "type": "Feature",
      "properties": {
        "@id": "node/3699490844",
        "ele": "1677",
        "man_made": "cross",
        "name": "Latschenschrofen",
        "natural": "peak",
        "source": "GPS",
        "summit:cross": "yes"
      },
      "geometry": {
        "type": "Point",
        "coordinates": [
          10.7863478,
          47.5632274
        ]
      },
      "id": "node/3699490844"
    },
    {
      "type": "Feature",
      "properties": {
        "@id": "node/3721738280",
        "ele": "1222",
        "name": "Kemeikopf",
        "natural": "peak",
        "source": "bing-sat / survey",
        "source:ele": "gps_average",
        "summit:cross": "yes"
      },
      "geometry": {
        "type": "Point",
        "coordinates": [
          12.586438,
          47.7463097
        ]
      },
      "id": "node/3721738280"
    },
    {
      "type": "Feature",
      "properties": {
        "@id": "node/3743153796",
        "alt_name": "B'schießer",
        "ele": "2000",
        "name": "B'schießer",
        "name:at": "Bscheißer",
        "name:de": "B'schießer",
        "natural": "peak",
        "prominence": "107",
        "ref:avf": "1122",
        "summit:cross": "yes",
        "wikidata": "Q323910",
        "wikimedia_commons": "Category:Bschiesser",
        "wikipedia": "de:Bschießer"
      },
      "geometry": {
        "type": "Point",
        "coordinates": [
          10.440407,
          47.4879802
        ]
      },
      "id": "node/3743153796"
    },
    {
      "type": "Feature",
      "properties": {
        "@id": "node/3743479379",
        "ele": "1260",
        "name": "Dürnbachwand",
        "natural": "peak",
        "summit:cross": "yes",
        "summit:register": "no"
      },
      "geometry": {
        "type": "Point",
        "coordinates": [
          11.8665749,
          47.694642
        ]
      },
      "id": "node/3743479379"
    },
    {
      "type": "Feature",
      "properties": {
        "@id": "node/3777140322",
        "ele": "2351.5",
        "name": "Frauenalplkopf",
        "natural": "peak",
        "summit:cross": "yes",
        "wikidata": "Q31555471"
      },
      "geometry": {
        "type": "Point",
        "coordinates": [
          11.1277051,
          47.4166877
        ]
      },
      "id": "node/3777140322"
    },
    {
      "type": "Feature",
      "properties": {
        "@id": "node/3887657698",
        "alt_name": "Josberg",
        "ele": "964",
        "image": "https://d2exd72xrrp1s7.cloudfront.net/www/000/1k5/1v/1vxq4ma88l9n7qcmmrctvebbf3upeslm5-uhi37943905/0?width=2560&crop=false&q=70",
        "name": "Großer Josberg",
        "natural": "peak",
        "summit:cross": "yes",
        "tourism": "viewpoint",
        "wikidata": "Q130748834"
      },
      "geometry": {
        "type": "Point",
        "coordinates": [
          10.547153,
          47.5981893
        ]
      },
      "id": "node/3887657698"
    },
    {
      "type": "Feature",
      "properties": {
        "@id": "node/3912536730",
        "ele": "1064",
        "name": "Wetterkreuz",
        "natural": "peak",
        "summit:cross": "yes",
        "summit:cross:inscription": "Vor Blitz und Ungewitter bewahre uns HERR Jesus Christus",
        "summit:register": "no"
      },
      "geometry": {
        "type": "Point",
        "coordinates": [
          12.457229,
          47.6826069
        ]
      },
      "id": "node/3912536730"
    },
    {
      "type": "Feature",
      "properties": {
        "@id": "node/4006145387",
        "name": "Probstrieder Hörnle",
        "natural": "peak",
        "source:summit": "survey",
        "summit:cross": "yes",
        "summit:register": "yes",
        "survey:date": "2018-08-14"
      },
      "geometry": {
        "type": "Point",
        "coordinates": [
          10.3297726,
          47.8269216
        ]
      },
      "id": "node/4006145387"
    },
    {
      "type": "Feature",
      "properties": {
        "@id": "node/4011728798",
        "ele": "1322",
        "name": "Schortenkopf",
        "natural": "peak",
        "summit:cross": "yes",
        "wikidata": "Q31521871",
        "wikipedia": "de:Schortenkopf"
      },
      "geometry": {
        "type": "Point",
        "coordinates": [
          12.06338,
          47.700905
        ]
      },
      "id": "node/4011728798"
    },
    {
      "type": "Feature",
      "properties": {
        "@id": "node/4104421921",
        "ele": "1589",
        "man_made": "cross",
        "name": "Niederbleick",
        "natural": "peak",
        "summit:cross": "yes",
        "summit:register": "yes",
        "wikidata": "Q31529542"
      },
      "geometry": {
        "type": "Point",
        "coordinates": [
          10.9114845,
          47.6346821
        ]
      },
      "id": "node/4104421921"
    },
    {
      "type": "Feature",
      "properties": {
        "@id": "node/4111930372",
        "direction": "E-W;NNW-NNE",
        "ele": "1630",
        "man_made": "cross",
        "name": "Edelsberg",
        "natural": "peak",
        "ref:avf": "980",
        "summit:cross": "yes",
        "tourism": "viewpoint",
        "wikidata": "Q1283352",
        "wikipedia": "de:Edelsberg (Allgäuer Alpen)"
      },
      "geometry": {
        "type": "Point",
        "coordinates": [
          10.4965208,
          47.5919004
        ]
      },
      "id": "node/4111930372"
    },
    {
      "type": "Feature",
      "properties": {
        "@id": "node/4117207289",
        "ele": "1358",
        "name": "Bogn Nosn",
        "natural": "peak",
        "note": "Höhenangabe aus Gipfelbuch",
        "summit:cross": "yes"
      },
      "geometry": {
        "type": "Point",
        "coordinates": [
          12.579788,
          47.7521794
        ]
      },
      "id": "node/4117207289"
    },
    {
      "type": "Feature",
      "properties": {
        "@id": "node/4200404317",
        "ele": "1565",
        "loc_name": "Feiaschtoa",
        "name": "Silleck",
        "natural": "peak",
        "summit:cross": "yes",
        "summit:register": "yes",
        "wikidata": "Q31317490"
      },
      "geometry": {
        "type": "Point",
        "coordinates": [
          12.5233723,
          47.7550973
        ]
      },
      "id": "node/4200404317"
    },
    {
      "type": "Feature",
      "properties": {
        "@id": "node/4202440718",
        "ele": "1749",
        "historic": "wayside_cross",
        "name": "Eckenberg",
        "natural": "peak",
        "summit:cross": "yes",
        "summit:register": "no"
      },
      "geometry": {
        "type": "Point",
        "coordinates": [
          11.1391779,
          47.5119774
        ]
      },
      "id": "node/4202440718"
    },
    {
      "type": "Feature",
      "properties": {
        "@id": "node/4256065428",
        "ele": "1910",
        "name": "Hanauerlabl",
        "natural": "peak",
        "note": "ung. Höhe",
        "summit:cross": "yes"
      },
      "geometry": {
        "type": "Point",
        "coordinates": [
          13.0253735,
          47.5064567
        ]
      },
      "id": "node/4256065428"
    },
    {
      "type": "Feature",
      "properties": {
        "@id": "node/4301419041",
        "natural": "peak",
        "summit:cross": "yes"
      },
      "geometry": {
        "type": "Point",
        "coordinates": [
          12.2698683,
          47.7648655
        ]
      },
      "id": "node/4301419041"
    },
    {
      "type": "Feature",
      "properties": {
        "@id": "node/4404067646",
        "ele": "392",
        "name": "Brachberg",
        "natural": "peak",
        "summit:cross": "yes",
        "wikidata": "Q30668833"
      },
      "geometry": {
        "type": "Point",
        "coordinates": [
          10.0559565,
          50.1254429
        ]
      },
      "id": "node/4404067646"
    },
    {
      "type": "Feature",
      "properties": {
        "@id": "node/4455052988",
        "check_date": "2025-08-09",
        "ele": "1562",
        "name": "Fahsteigenschneid",
        "natural": "peak",
        "summit:cross": "yes"
      },
      "geometry": {
        "type": "Point",
        "coordinates": [
          12.632909,
          47.6810288
        ]
      },
      "id": "node/4455052988"
    },
    {
      "type": "Feature",
      "properties": {
        "@id": "node/4525759392",
        "ele": "429",
        "name": "Weyhershauk",
        "natural": "peak",
        "summit:cross": "yes"
      },
      "geometry": {
        "type": "Point",
        "coordinates": [
          10.2242295,
          50.4716864
        ]
      },
      "id": "node/4525759392"
    },
    {
      "type": "Feature",
      "properties": {
        "@id": "node/4547463685",
        "ele": "1651",
        "name": "Kreuzeck",
        "natural": "peak",
        "summit:cross": "yes",
        "wikidata": "Q268125",
        "wikipedia": "de:Kreuzeck (Wettersteingebirge)"
      },
      "geometry": {
        "type": "Point",
        "coordinates": [
          11.0666481,
          47.4524243
        ]
      },
      "id": "node/4547463685"
    },
    {
      "type": "Feature",
      "properties": {
        "@id": "node/4697716905",
        "ele": "1013",
        "natural": "peak",
        "prominence": "32",
        "summit:cross": "yes",
        "tourism": "viewpoint",
        "wikidata": "Q132676986"
      },
      "geometry": {
        "type": "Point",
        "coordinates": [
          10.1920622,
          47.7452228
        ]
      },
      "id": "node/4697716905"
    },
    {
      "type": "Feature",
      "properties": {
        "@id": "node/4978104062",
        "ele": "1315",
        "name": "Großer Falkenstein",
        "natural": "peak",
        "summit:cross": "yes",
        "wikidata": "Q895753",
        "wikipedia": "de:Großer Falkenstein"
      },
      "geometry": {
        "type": "Point",
        "coordinates": [
          13.2799821,
          49.0847366
        ]
      },
      "id": "node/4978104062"
    },
    {
      "type": "Feature",
      "properties": {
        "@id": "node/4997627646",
        "ele": "2003",
        "name": "Falkenberg",
        "natural": "peak",
        "summit:cross": "yes",
        "wikidata": "Q130525275"
      },
      "geometry": {
        "type": "Point",
        "coordinates": [
          10.35144,
          47.36145
        ]
      },
      "id": "node/4997627646"
    },
    {
      "type": "Feature",
      "properties": {
        "@id": "node/5001267261",
        "ele": "395",
        "name": "Lahnberg",
        "natural": "peak",
        "summit:cross": "yes",
        "wikidata": "Q31323167"
      },
      "geometry": {
        "type": "Point",
        "coordinates": [
          10.5124716,
          50.320007
        ]
      },
      "id": "node/5001267261"
    },
    {
      "type": "Feature",
      "properties": {
        "@id": "node/5020840350",
        "man_made": "cross",
        "natural": "peak",
        "summit:cross": "yes"
      },
      "geometry": {
        "type": "Point",
        "coordinates": [
          12.9697831,
          47.5932666
        ]
      },
      "id": "node/5020840350"
    },
    {
      "type": "Feature",
      "properties": {
        "@id": "node/5079866695",
        "ele": "2340",
        "name": "Hohes Brett",
        "natural": "peak",
        "note": "ele was 2331.8",
        "ref:avf": "2720",
        "summit:cross": "yes",
        "wikidata": "Q1623963",
        "wikipedia": "de:Hohes Brett"
      },
      "geometry": {
        "type": "Point",
        "coordinates": [
          13.0496897,
          47.5843857
        ]
      },
      "id": "node/5079866695"
    },
    {
      "type": "Feature",
      "properties": {
        "@id": "node/5354099556",
        "alt_name": "Hündle",
        "ele": "1112",
        "man_made": "cross",
        "name": "Hündlekopf",
        "natural": "peak",
        "prominence": "23",
        "summit:cross": "yes",
        "summit:register": "no",
        "wikidata": "Q31556479",
        "wikipedia": "de:Hündlekopf"
      },
      "geometry": {
        "type": "Point",
        "coordinates": [
          10.0577923,
          47.5405962
        ]
      },
      "id": "node/5354099556"
    },
    {
      "type": "Feature",
      "properties": {
        "@id": "node/5434460328",
        "ele": "1184",
        "name": "Huberriegel",
        "natural": "peak",
        "summit:cross": "yes"
      },
      "geometry": {
        "type": "Point",
        "coordinates": [
          13.1215709,
          49.198256
        ]
      },
      "id": "node/5434460328"
    },
    {
      "type": "Feature",
      "properties": {
        "@id": "node/5614147165",
        "ele": "1105",
        "natural": "peak",
        "noname": "yes",
        "summit:cross": "yes"
      },
      "geometry": {
        "type": "Point",
        "coordinates": [
          13.3405805,
          48.9811233
        ]
      },
      "id": "node/5614147165"
    },
    {
      "type": "Feature",
      "properties": {
        "@id": "node/5695084434",
        "name": "Brunnstein",
        "natural": "peak",
        "summit:cross": "yes"
      },
      "geometry": {
        "type": "Point",
        "coordinates": [
          12.3381728,
          47.7586532
        ]
      },
      "id": "node/5695084434"
    },
    {
      "type": "Feature",
      "properties": {
        "@id": "node/5774972193",
        "ele": "1285",
        "name": "Spechtenkopf",
        "natural": "peak",
        "summit:cross": "yes",
        "summit:register": "yes",
        "website": "https://www.spechtenkopf.de/"
      },
      "geometry": {
        "type": "Point",
        "coordinates": [
          12.8839484,
          47.704072
        ]
      },
      "id": "node/5774972193"
    },
    {
      "type": "Feature",
      "properties": {
        "@id": "node/5782851140",
        "ele": "1680",
        "name": "Dreisesselberg",
        "natural": "peak",
        "summit:cross": "yes",
        "wikidata": "Q1258124",
        "wikipedia": "de:Dreisesselberg (Lattengebirge)"
      },
      "geometry": {
        "type": "Point",
        "coordinates": [
          12.8977074,
          47.6915651
        ]
      },
      "id": "node/5782851140"
    },
    {
      "type": "Feature",
      "properties": {
        "@id": "node/5838488010",
        "ele": "1042",
        "name": "Steinberg",
        "natural": "peak",
        "prominence": "30",
        "summit:cross": "yes",
        "summit:register": "no",
        "wikidata": "Q130480102"
      },
      "geometry": {
        "type": "Point",
        "coordinates": [
          10.1355824,
          47.714942
        ]
      },
      "id": "node/5838488010"
    },
    {
      "type": "Feature",
      "properties": {
        "@id": "node/5902441419",
        "ele": "1609",
        "natural": "peak",
        "summit:cross": "yes"
      },
      "geometry": {
        "type": "Point",
        "coordinates": [
          10.5636348,
          47.5458433
        ]
      },
      "id": "node/5902441419"
    },
    {
      "type": "Feature",
      "properties": {
        "@id": "node/5997401877",
        "ele": "1509",
        "name": "Latschenköpferl",
        "natural": "peak",
        "summit:cross": "yes",
        "summit:register": "yes"
      },
      "geometry": {
        "type": "Point",
        "coordinates": [
          11.0884033,
          47.5820479
        ]
      },
      "id": "node/5997401877"
    },
    {
      "type": "Feature",
      "properties": {
        "@id": "node/6152393364",
        "ele": "2021",
        "name": "Sattelköpfle",
        "natural": "peak",
        "prominence": "40",
        "summit:cross": "yes",
        "summit:register": "yes",
        "wikidata": "Q130532433"
      },
      "geometry": {
        "type": "Point",
        "coordinates": [
          10.434995,
          47.413656
        ]
      },
      "id": "node/6152393364"
    },
    {
      "type": "Feature",
      "properties": {
        "@id": "node/6423595939",
        "ele": "1393",
        "name": "Schoberwaldkreuz",
        "natural": "peak",
        "summit:cross": "yes",
        "summit:register": "yes"
      },
      "geometry": {
        "type": "Point",
        "coordinates": [
          11.1261585,
          47.5952472
        ]
      },
      "id": "node/6423595939"
    },
    {
      "type": "Feature",
      "properties": {
        "@id": "node/6541735425",
        "ele": "729",
        "name": "Reuter Hausberg",
        "natural": "peak",
        "summit:cross": "yes"
      },
      "geometry": {
        "type": "Point",
        "coordinates": [
          11.5571313,
          47.7927669
        ]
      },
      "id": "node/6541735425"
    },
    {
      "type": "Feature",
      "properties": {
        "@id": "node/6835921044",
        "ele": "1834",
        "name": "Hochgrat",
        "natural": "peak",
        "prominence": "731",
        "ref:avf": "516",
        "summit:cross": "yes",
        "summit:register": "no",
        "wikidata": "Q459121",
        "wikipedia": "de:Hochgrat"
      },
      "geometry": {
        "type": "Point",
        "coordinates": [
          10.078628,
          47.4953531
        ]
      },
      "id": "node/6835921044"
    },
    {
      "type": "Feature",
      "properties": {
        "@id": "node/6855251442",
        "ele": "805",
        "name": "Schindelberg",
        "natural": "peak",
        "summit:cross": "yes",
        "wikidata": "Q31523018"
      },
      "geometry": {
        "type": "Point",
        "coordinates": [
          11.6076604,
          47.8247168
        ]
      },
      "id": "node/6855251442"
    },
    {
      "type": "Feature",
      "properties": {
        "@id": "node/7280161690",
        "ele": "593",
        "material": "wood",
        "name": "Buchaberg",
        "natural": "peak",
        "summit:cross": "yes"
      },
      "geometry": {
        "type": "Point",
        "coordinates": [
          12.7586805,
          48.9578661
        ]
      },
      "id": "node/7280161690"
    },
    {
      "type": "Feature",
      "properties": {
        "@id": "node/7678135853",
        "ele": "1908",
        "name": "Stuibenspitze",
        "natural": "peak",
        "summit:cross": "yes"
      },
      "geometry": {
        "type": "Point",
        "coordinates": [
          11.0793022,
          47.4258526
        ]
      },
      "id": "node/7678135853"
    },
    {
      "type": "Feature",
      "properties": {
        "@id": "node/7850348989",
        "name": "Mittagswandl",
        "natural": "peak",
        "summit:cross": "yes"
      },
      "geometry": {
        "type": "Point",
        "coordinates": [
          12.6131178,
          47.7276165
        ]
      },
      "id": "node/7850348989"
    },
    {
      "type": "Feature",
      "properties": {
        "@id": "node/8170621076",
        "ele": "681",
        "name": "Galgenbühl",
        "natural": "peak",
        "summit:cross": "yes"
      },
      "geometry": {
        "type": "Point",
        "coordinates": [
          11.207823,
          48.0016994
        ]
      },
      "id": "node/8170621076"
    },
    {
      "type": "Feature",
      "properties": {
        "@id": "node/8208555682",
        "name": "Brandkopf",
        "natural": "peak",
        "sport": "climbing",
        "summit:cross": "yes"
      },
      "geometry": {
        "type": "Point",
        "coordinates": [
          12.8665346,
          47.7022445
        ]
      },
      "id": "node/8208555682"
    },
    {
      "type": "Feature",
      "properties": {
        "@id": "node/8247190717",
        "check_date": "2025-10-03",
        "check_date:summit:register": "2025-10-03",
        "ele": "1221",
        "name": "Bründlingköpfl",
        "natural": "peak",
        "summit:cross": "yes",
        "summit:register": "no"
      },
      "geometry": {
        "type": "Point",
        "coordinates": [
          12.5638071,
          47.7696331
        ]
      },
      "id": "node/8247190717"
    },
    {
      "type": "Feature",
      "properties": {
        "@id": "node/8644201561",
        "name": "Juchee",
        "natural": "peak",
        "source": "survey",
        "source:name": "local_knowledge",
        "summit:cross": "yes",
        "summit:register": "yes",
        "surface": "ground",
        "survey:date": "2021-04-02"
      },
      "geometry": {
        "type": "Point",
        "coordinates": [
          10.1239896,
          47.896809
        ]
      },
      "id": "node/8644201561"
    },
    {
      "type": "Feature",
      "properties": {
        "@id": "node/8873030252",
        "ele": "504",
        "name": "Petersberg",
        "natural": "peak",
        "summit:cross": "yes",
        "summit:register": "yes",
        "tourism": "viewpoint",
        "wikidata": "Q1475254",
        "wikipedia": "de:Petersberg (Frankenhöhe)"
      },
      "geometry": {
        "type": "Point",
        "coordinates": [
          10.3807705,
          49.4365635
        ]
      },
      "id": "node/8873030252"
    },
    {
      "type": "Feature",
      "properties": {
        "@id": "node/9196153697",
        "ele": "1000",
        "name": "Steinberg",
        "natural": "peak",
        "summit:cross": "yes",
        "summit:register": "no",
        "wikidata": "Q31519185"
      },
      "geometry": {
        "type": "Point",
        "coordinates": [
          13.00033,
          48.9114981
        ]
      },
      "id": "node/9196153697"
    },
    {
      "type": "Feature",
      "properties": {
        "@id": "node/9799272977",
        "ele": "1554",
        "ele:source": "gps",
        "natural": "peak",
        "summit:cross": "yes"
      },
      "geometry": {
        "type": "Point",
        "coordinates": [
          12.5125628,
          47.7459938
        ]
      },
      "id": "node/9799272977"
    },
    {
      "type": "Feature",
      "properties": {
        "@id": "node/9830833897",
        "ele": "1326",
        "name": "Hinterer Adlerkopf",
        "natural": "peak",
        "summit:cross": "yes",
        "summit:register": "yes"
      },
      "geometry": {
        "type": "Point",
        "coordinates": [
          12.6690576,
          47.6953066
        ]
      },
      "id": "node/9830833897"
    },
    {
      "type": "Feature",
      "properties": {
        "@id": "node/9898131852",
        "ele": "1721",
        "name": "Kesselwand",
        "natural": "peak",
        "source": "survey",
        "summit:cross": "yes",
        "summit:register": "no",
        "wikidata": "Q15056989"
      },
      "geometry": {
        "type": "Point",
        "coordinates": [
          12.0211102,
          47.7018393
        ]
      },
      "id": "node/9898131852"
    },
    {
      "type": "Feature",
      "properties": {
        "@id": "node/9958672261",
        "description": "herrlicher Blick auf den Krottensee",
        "ele": "1480",
        "name": "Kohlerhörndl",
        "natural": "peak",
        "start_date": "2019",
        "summit:cross": "yes"
      },
      "geometry": {
        "type": "Point",
        "coordinates": [
          12.7849727,
          47.7535156
        ]
      },
      "id": "node/9958672261"
    },
    {
      "type": "Feature",
      "properties": {
        "@id": "node/10059433400",
        "image": "https://commons.wikimedia.org/wiki/File:Wegkreuz_oder_Gipfelkreuz_des_Hungerbergs_SW_von_Ebenhofen.jpg",
        "man_made": "cross",
        "name": "Hungerberg",
        "natural": "peak",
        "summit:cross": "yes"
      },
      "geometry": {
        "type": "Point",
        "coordinates": [
          10.5980368,
          47.8089867
        ]
      },
      "id": "node/10059433400"
    },
    {
      "type": "Feature",
      "properties": {
        "@id": "node/10779330314",
        "ele": "1663",
        "name": "Seelekopf",
        "natural": "peak",
        "prominence": "90",
        "ref:avf": "526",
        "summit:cross": "yes",
        "summit:register": "no",
        "wikidata": "Q2265199",
        "wikipedia": "de:Seelekopf"
      },
      "geometry": {
        "type": "Point",
        "coordinates": [
          10.0599797,
          47.490412
        ]
      },
      "id": "node/10779330314"
    },
    {
      "type": "Feature",
      "properties": {
        "@id": "node/10779725383",
        "ele": "1748",
        "name": "Gündleskopf",
        "natural": "peak",
        "prominence": "63",
        "ref:avf": "510",
        "summit:cross": "yes",
        "summit:register": "yes",
        "wikidata": "Q31543117"
      },
      "geometry": {
        "type": "Point",
        "coordinates": [
          10.1233795,
          47.5065801
        ]
      },
      "id": "node/10779725383"
    },
    {
      "type": "Feature",
      "properties": {
        "@id": "node/10793553781",
        "ele": "542",
        "loc_name": "Stoabigl",
        "name": "Steinbühl",
        "natural": "peak",
        "summit:cross": "yes",
        "summit:cross:material": "wood",
        "summit:register": "yes"
      },
      "geometry": {
        "type": "Point",
        "coordinates": [
          13.0647612,
          48.824389
        ]
      },
      "id": "node/10793553781"
    },
    {
      "type": "Feature",
      "properties": {
        "@id": "node/10924917156",
        "ele": "1198",
        "name": "Steilenberg",
        "natural": "peak",
        "summit:cross": "yes"
      },
      "geometry": {
        "type": "Point",
        "coordinates": [
          12.4343269,
          47.7164212
        ]
      },
      "id": "node/10924917156"
    },
    {
      "type": "Feature",
      "properties": {
        "@id": "node/11049248177",
        "ele": "1833",
        "name": "Schnippenkopf",
        "natural": "peak",
        "prominence": "165",
        "ref:avf": "1241",
        "summit:cross": "yes",
        "summit:register": "no",
        "wikidata": "Q831133",
        "wikipedia": "de:Schnippenkopf"
      },
      "geometry": {
        "type": "Point",
        "coordinates": [
          10.327296,
          47.4509461
        ]
      },
      "id": "node/11049248177"
    },
    {
      "type": "Feature",
      "properties": {
        "@id": "node/11478807790",
        "natural": "peak",
        "summit:cross": "yes"
      },
      "geometry": {
        "type": "Point",
        "coordinates": [
          10.0691421,
          47.5761098
        ]
      },
      "id": "node/11478807790"
    },
    {
      "type": "Feature",
      "properties": {
        "@id": "node/11592720061",
        "ele": "1042",
        "natural": "peak",
        "prominence": "5",
        "summit:cross": "yes"
      },
      "geometry": {
        "type": "Point",
        "coordinates": [
          10.2093338,
          47.7328683
        ]
      },
      "id": "node/11592720061"
    },
    {
      "type": "Feature",
      "properties": {
        "@id": "node/12277071185",
        "ele": "1931",
        "name": "Haldenwanger Eck",
        "natural": "peak",
        "prominence": "31",
        "summit:cross": "yes",
        "summit:register": "yes",
        "wikidata": "Q130603811",
        "wikipedia": "de:Haldenwanger Eck"
      },
      "geometry": {
        "type": "Point",
        "coordinates": [
          10.1740514,
          47.2716791
        ]
      },
      "id": "node/12277071185"
    },
    {
      "type": "Feature",
      "properties": {
        "@id": "node/12307015602",
        "ele": "1675",
        "natural": "peak",
        "summit:cross": "yes"
      },
      "geometry": {
        "type": "Point",
        "coordinates": [
          10.5600822,
          47.5443369
        ]
      },
      "id": "node/12307015602"
    },
    {
      "type": "Feature",
      "properties": {
        "@id": "node/12401012941",
        "ele": "913",
        "name": "Weinberg",
        "natural": "peak",
        "summit:cross": "yes",
        "wikidata": "Q131398519"
      },
      "geometry": {
        "type": "Point",
        "coordinates": [
          10.2890313,
          47.5464532
        ]
      },
      "id": "node/12401012941"
    },
    {
      "type": "Feature",
      "properties": {
        "@id": "node/12422926157",
        "ele": "1086",
        "natural": "peak",
        "prominence": "45",
        "summit:cross": "yes",
        "wikidata": "Q136682195"
      },
      "geometry": {
        "type": "Point",
        "coordinates": [
          9.9898928,
          47.5167025
        ]
      },
      "id": "node/12422926157"
    },
    {
      "type": "Feature",
      "properties": {
        "@id": "node/12460542664",
        "ele": "851",
        "natural": "peak",
        "summit:cross": "yes"
      },
      "geometry": {
        "type": "Point",
        "coordinates": [
          10.2029936,
          47.784611
        ]
      },
      "id": "node/12460542664"
    },
    {
      "type": "Feature",
      "properties": {
        "@id": "node/13381243046",
        "ele": "1308",
        "name": "Karkopf",
        "natural": "peak",
        "summit:cross": "yes",
        "summit:register": "no"
      },
      "geometry": {
        "type": "Point",
        "coordinates": [
          13.0808054,
          47.6353461
        ]
      },
      "id": "node/13381243046"
    }
  ]
}